{"id":"AD","name":"Andorra","month":"2017-05","access_date":"2017-06-04","data":{"chrome":{"4":null,"5":null,"6":null,"7":null,"8":null,"9":null,"10":null,"11":0.005958,"12":null,"13":null,"14":null,"15":null,"16":null,"17":null,"18":null,"19":null,"20":null,"21":null,"22":0.011916,"23":null,"24":null,"25":null,"26":null,"27":null,"28":null,"29":null,"30":null,"31":0.232362,"32":0.005958,"33":null,"34":0.011916,"35":null,"36":null,"37":null,"38":null,"39":null,"40":null,"41":0.011916,"42":0.005958,"43":0.011916,"44":0.005958,"45":0.005958,"46":null,"47":0.011916,"48":0.023832,"49":2.41299,"50":0.077454,"51":null,"52":0.011916,"53":0.011916,"54":0.035748,"55":0.202572,"56":0.220446,"57":7.793064,"58":25.565778,"59":0.011916,"60":0.017874,"61":null},"firefox":{"2":null,"3":null,"3.5":null,"3.6":null,"4":null,"5":null,"6":null,"7":null,"8":null,"9":null,"10":null,"11":null,"12":null,"13":null,"14":null,"15":null,"16":null,"17":null,"18":null,"19":null,"20":null,"21":null,"22":null,"23":null,"24":null,"25":null,"26":null,"27":null,"28":null,"29":null,"30":0.017874,"31":null,"32":null,"33":null,"34":null,"35":0.011916,"36":0.017874,"37":0.005958,"38":0.011916,"39":null,"40":null,"41":0.011916,"42":null,"43":0.011916,"44":null,"45":0.02979,"46":null,"47":0.047664,"48":0.315774,"49":0.137034,"50":0.083412,"51":0.14895,"52":0.887742,"53":6.774246,"54":0.011916,"55":null,"56":null},"opera":{"9":null,"9.5-9.6":null,"10.0-10.1":0,"10.5":null,"10.6":null,"11":null,"11.1":null,"11.5":null,"11.6":null,"12":null,"12.1":0.005958,"15":null,"16":null,"17":null,"18":null,"19":null,"20":null,"21":null,"22":null,"23":null,"24":null,"25":null,"26":null,"27":null,"28":null,"29":null,"30":null,"31":null,"32":0.11916,"33":null,"34":null,"35":null,"36":null,"37":null,"38":null,"39":null,"40":null,"41":null,"42":null,"43":0.20853,"44":0.101286,"45":0.2979,"46":null},"safari":{"3.1":null,"3.2":null,"4":0,"5":0.041706,"5.1":0.220446,"6":null,"6.1":0.047664,"7":null,"7.1":null,"8":0.244278,"9":0.50643,"9.1":0.816246,"10":0.750708,"10.1":3.759498,"0":null},"ios_saf":{"3.2":0,"4.0-4.1":0,"4.2-4.3":0,"5.0-5.1":0,"6.0-6.1":0,"7.0-7.1":0.149880007277,"8":0,"8.1-8.4":0.166533341419,"9.0-9.2":0.770216704063,"9.3":0.531518914696,"10.0-10.2":3.25156349121,"10.3":8.86096154134},"android":{"2.1":0,"2.2":0,"2.3":0,"3":0,"4":0,"4.1":0.0751487064555,"4.2-4.3":0.221192419001,"4.4":0.552981047503,"4.4.3-4.4.4":0.31477382704,"56":null},"op_mob":{"10":0,"11":0,"11.1":0,"11.5":0,"12":0,"12.1":0,"0":0.000143396895787},"ie":{"5.5":null,"6":null,"7":0.077454,"8":0.05958,"9":0.107244,"10":0.107244,"11":3.491388},"edge":{"12":0.05958,"13":0.101286,"14":2.20446,"15":null},"bb":{"7":0.002021,"10":null},"samsung":{"4":2.80919,"5":null},"ie_mob":{"10":0.0159777882353,"11":0.0810302117647},"op_mini":{"0":0.0321926031042},"and_chr":{"0":22.619294},"baidu":{"0":null},"and_ff":{"0":0.02021},"and_qq":{"1.2":null},"and_uc":{"0":0.016168}},"total":99.052179}