{"id":"AE","name":"United Arab Emirates","month":"2017-05","access_date":"2017-06-04","data":{"chrome":{"4":null,"5":null,"6":null,"7":null,"8":null,"9":null,"10":null,"11":0.004106,"12":null,"13":null,"14":null,"15":null,"16":null,"17":null,"18":0.008212,"19":0.2053,"20":null,"21":0.008212,"22":0.024636,"23":0.004106,"24":0.607688,"25":0.008212,"26":0.012318,"27":0.004106,"28":0.012318,"29":0.02053,"30":0.234042,"31":0.053378,"32":0.012318,"33":0.02053,"34":0.036954,"35":0.4106,"36":0.036954,"37":0.012318,"38":0.049272,"39":0.02053,"40":0.008212,"41":0.016424,"42":0.012318,"43":0.176558,"44":0.057484,"45":0.053378,"46":0.012318,"47":0.02053,"48":0.02053,"49":0.722656,"50":0.024636,"51":0.094438,"52":0.028742,"53":0.049272,"54":0.078014,"55":0.316162,"56":0.291526,"57":5.64575,"58":16.73195,"59":0.078014,"60":0.114968,"61":null},"firefox":{"2":0.197088,"3":0.008212,"3.5":null,"3.6":null,"4":null,"5":null,"6":null,"7":null,"8":null,"9":null,"10":0.004106,"11":null,"12":null,"13":null,"14":null,"15":0.2053,"16":null,"17":null,"18":0.2053,"19":null,"20":null,"21":0.172452,"22":null,"23":0.180664,"24":null,"25":0.4106,"26":null,"27":null,"28":null,"29":null,"30":null,"31":null,"32":null,"33":0.004106,"34":0.004106,"35":0.008212,"36":null,"37":0.008212,"38":0.028742,"39":0.008212,"40":0.004106,"41":0.008212,"42":0.004106,"43":0.016424,"44":0.008212,"45":0.028742,"46":0.016424,"47":0.065696,"48":0.06159,"49":0.032848,"50":0.053378,"51":0.045166,"52":0.213512,"53":2.077636,"54":0.139604,"55":null,"56":null},"opera":{"9":null,"9.5-9.6":null,"10.0-10.1":0.172452,"10.5":null,"10.6":null,"11":null,"11.1":null,"11.5":null,"11.6":null,"12":null,"12.1":0.008212,"15":null,"16":null,"17":null,"18":null,"19":null,"20":null,"21":null,"22":null,"23":null,"24":null,"25":null,"26":null,"27":null,"28":0.008212,"29":null,"30":null,"31":null,"32":null,"33":null,"34":null,"35":null,"36":0.012318,"37":null,"38":null,"39":null,"40":null,"41":null,"42":0.012318,"43":0.16424,"44":0.139604,"45":0.180664,"46":null},"safari":{"3.1":null,"3.2":null,"4":0,"5":0.2053,"5.1":0.028742,"6":0.008212,"6.1":0.02053,"7":0.016424,"7.1":0.008212,"8":0.119074,"9":0.08212,"9.1":0.340798,"10":0.648748,"10.1":1.330344,"0":null},"ios_saf":{"3.2":0,"4.0-4.1":0,"4.2-4.3":0,"5.0-5.1":0,"6.0-6.1":0,"7.0-7.1":0.101974420861,"8":0,"8.1-8.4":0.113304912068,"9.0-9.2":0.524035218314,"9.3":0.361631511017,"10.0-10.2":2.21227840813,"10.3":6.02876552961},"android":{"2.1":0,"2.2":0,"2.3":0,"3":0,"4":0,"4.1":0.0760979293544,"4.2-4.3":0.2239863581,"4.4":0.55996589525,"4.4.3-4.4.4":0.318749817296,"56":null},"op_mob":{"10":0,"11":0,"11.1":0,"11.5":0,"12":0,"12.1":0,"0":0.0141926474501},"ie":{"5.5":null,"6":null,"7":0.00412688504578,"8":0.627286526958,"9":0.812996354018,"10":0.610778986775,"11":1.99741236216},"edge":{"12":0.032848,"13":0.114968,"14":1.06756,"15":null},"bb":{"7":0.035364,"10":null},"samsung":{"4":3.35958,"5":null},"ie_mob":{"10":0.0388310588235,"11":0.196928941176},"op_mini":{"0":3.18624935255},"and_chr":{"0":20.853112},"baidu":{"0":null},"and_ff":{"0":0.023576},"and_qq":{"1.2":null},"and_uc":{"0":20.95317}},"total":98.537783115}