{"id":"AF","name":"Afghanistan","month":"2017-05","access_date":"2017-06-04","data":{"chrome":{"4":null,"5":null,"6":null,"7":null,"8":0.003431,"9":null,"10":0.006862,"11":0.030879,"12":0.003431,"13":null,"14":null,"15":null,"16":0.006862,"17":0.006862,"18":null,"19":null,"20":0.020586,"21":null,"22":null,"23":0.013724,"24":0.013724,"25":0.017155,"26":0.006862,"27":0.006862,"28":0.017155,"29":0.010293,"30":0.030879,"31":0.126947,"32":0.006862,"33":0.013724,"34":0.027448,"35":0.003431,"36":0.024017,"37":0.006862,"38":0.027448,"39":0.027448,"40":0.085775,"41":0.013724,"42":0.024017,"43":0.404858,"44":0.044603,"45":0.154395,"46":0.058327,"47":0.03431,"48":0.030879,"49":0.233308,"50":0.051465,"51":0.126947,"52":0.027448,"53":0.106361,"54":0.054896,"55":0.336238,"56":0.181843,"57":3.942219,"58":12.72901,"59":0.051465,"60":0.065189,"61":null},"firefox":{"2":0.006862,"3":0.017155,"3.5":null,"3.6":0.013724,"4":0.010293,"5":0.013724,"6":0.006862,"7":null,"8":0.003431,"9":0.010293,"10":0.006862,"11":null,"12":0.010293,"13":0.003431,"14":0.006862,"15":null,"16":0.003431,"17":0.013724,"18":0.010293,"19":0.006862,"20":0.006862,"21":0.013724,"22":0.006862,"23":0.010293,"24":0.065189,"25":0.020586,"26":0.017155,"27":0.006862,"28":0.010293,"29":0.037741,"30":0.092637,"31":0.013724,"32":0.006862,"33":0.106361,"34":0.010293,"35":0.024017,"36":0.013724,"37":0.013724,"38":0.054896,"39":0.061758,"40":0.037741,"41":0.082344,"42":0.054896,"43":0.157826,"44":0.336238,"45":0.109792,"46":0.044603,"47":0.257325,"48":0.391134,"49":0.126947,"50":0.10293,"51":0.082344,"52":0.305359,"53":4.285319,"54":0.44603,"55":null,"56":null},"opera":{"9":null,"9.5-9.6":null,"10.0-10.1":0,"10.5":null,"10.6":null,"11":null,"11.1":null,"11.5":null,"11.6":0.006862,"12":null,"12.1":0.006862,"15":null,"16":0.030879,"17":0.010293,"18":null,"19":null,"20":null,"21":null,"22":null,"23":null,"24":null,"25":0.003431,"26":null,"27":null,"28":null,"29":0.003431,"30":0.006862,"31":null,"32":null,"33":null,"34":null,"35":0.003431,"36":0.030879,"37":null,"38":null,"39":null,"40":0.017155,"41":0.020586,"42":0.096068,"43":0.301928,"44":0.250463,"45":0.24017,"46":null},"safari":{"3.1":null,"3.2":null,"4":0,"5":0.003431,"5.1":0.013724,"6":null,"6.1":null,"7":0.006862,"7.1":null,"8":0.010293,"9":0.017155,"9.1":0.10293,"10":0.120085,"10.1":0.466616,"0":null},"ios_saf":{"3.2":0,"4.0-4.1":0,"4.2-4.3":0,"5.0-5.1":0,"6.0-6.1":0,"7.0-7.1":0.0855574166161,"8":0,"8.1-8.4":0.0950637962401,"9.0-9.2":0.439670057611,"9.3":0.303411949666,"10.0-10.2":1.85612062159,"10.3":5.05818615828},"android":{"2.1":0,"2.2":0,"2.3":0,"3":0,"4":0,"4.1":0.421584336175,"4.2-4.3":1.24088974421,"4.4":3.10222436054,"4.4.3-4.4.4":1.76588155907,"56":null},"op_mob":{"10":0,"11":0,"11.1":0,"11.5":0,"12":0,"12.1":0,"0":0.0206860310421},"ie":{"5.5":null,"6":0.0276023467666,"7":0.0241520534208,"8":0.369181388004,"9":0.193216427366,"10":0.317426987816,"11":2.74988379663},"edge":{"12":0.130378,"13":0.147533,"14":0.466616,"15":null},"bb":{"7":0.01971,"10":null},"samsung":{"4":6.15609,"5":null},"ie_mob":{"10":0.0205602352941,"11":0.104269764706},"op_mini":{"0":4.64401396896},"and_chr":{"0":33.379907},"baidu":{"0":null},"and_ff":{"0":0.04599},"and_qq":{"1.2":null},"and_uc":{"0":7.00362}},"total":98.735347}