{"id":"AG","name":"Antigua and Barbuda","month":"2017-05","access_date":"2017-06-04","data":{"chrome":{"4":null,"5":null,"6":null,"7":null,"8":null,"9":null,"10":null,"11":0.009682,"12":null,"13":null,"14":null,"15":null,"16":null,"17":null,"18":null,"19":null,"20":null,"21":null,"22":0.029046,"23":null,"24":null,"25":null,"26":null,"27":0.019364,"28":0.009682,"29":0.014523,"30":0.029046,"31":0.029046,"32":0.024205,"33":0.004841,"34":0.009682,"35":0.014523,"36":0.789083,"37":0.401803,"38":0.014523,"39":0.019364,"40":0.009682,"41":0.09682,"42":0.130707,"43":0.024205,"44":0.019364,"45":0.033887,"46":0.009682,"47":0.009682,"48":0.043569,"49":0.866539,"50":0.014523,"51":0.043569,"52":0.014523,"53":0.019364,"54":0.033887,"55":0.174276,"56":0.174276,"57":7.276023,"58":19.349477,"59":0.106502,"60":0.082297,"61":null},"firefox":{"2":null,"3":0.009682,"3.5":null,"3.6":0.019364,"4":null,"5":null,"6":null,"7":0.009682,"8":null,"9":null,"10":null,"11":0.029046,"12":null,"13":null,"14":0.019364,"15":0.004841,"16":0.009682,"17":null,"18":null,"19":null,"20":null,"21":0.058092,"22":0.004841,"23":0.004841,"24":0.004841,"25":0.019364,"26":0.014523,"27":0.004841,"28":0.004841,"29":0.024205,"30":0.029046,"31":0.033887,"32":null,"33":0.004841,"34":null,"35":0.009682,"36":null,"37":0.04841,"38":null,"39":null,"40":null,"41":0.009682,"42":0.009682,"43":0.024205,"44":0.014523,"45":0.009682,"46":0.009682,"47":0.014523,"48":0.062933,"49":0.029046,"50":0.058092,"51":0.019364,"52":0.271096,"53":3.287039,"54":0.062933,"55":null,"56":null},"opera":{"9":null,"9.5-9.6":null,"10.0-10.1":0,"10.5":null,"10.6":null,"11":0.009682,"11.1":null,"11.5":null,"11.6":0.014523,"12":0.024205,"12.1":0.082297,"15":null,"16":null,"17":null,"18":0.004841,"19":0.009682,"20":0.004841,"21":null,"22":null,"23":null,"24":null,"25":null,"26":null,"27":null,"28":0.072615,"29":0.009682,"30":null,"31":null,"32":null,"33":null,"34":null,"35":null,"36":0.009682,"37":0.004841,"38":null,"39":null,"40":null,"41":null,"42":0.082297,"43":0.101661,"44":0.09682,"45":0.106502,"46":null},"safari":{"3.1":null,"3.2":null,"4":0,"5":0.024205,"5.1":0.024205,"6":null,"6.1":0.043569,"7":0.024205,"7.1":null,"8":0.159753,"9":0.053251,"9.1":0.493782,"10":0.421167,"10.1":1.766965,"0":null},"ios_saf":{"3.2":0,"4.0-4.1":0,"4.2-4.3":0,"5.0-5.1":0,"6.0-6.1":0,"7.0-7.1":0.103147488175,"8":0,"8.1-8.4":0.114608320194,"9.0-9.2":0.530063480898,"9.3":0.365791555286,"10.0-10.2":2.23772745179,"10.3":6.09811770366},"android":{"2.1":0,"2.2":0,"2.3":0,"3":0,"4":0,"4.1":0.196123369062,"4.2-4.3":0.577268784409,"4.4":1.44317196102,"4.4.3-4.4.4":0.821497885505,"56":null},"op_mob":{"10":0,"11":0,"11.1":0,"11.5":0,"12":0,"12.1":0,"0":0.00530667849224},"ie":{"5.5":null,"6":null,"7":0.014523,"8":0.19364,"9":0.140389,"10":0.130707,"11":3.587181},"edge":{"12":0.183958,"13":0.474418,"14":2.80778,"15":null},"bb":{"7":0.054159,"10":null},"samsung":{"4":5.874962,"5":null},"ie_mob":{"10":0.072212,"11":0.366218},"op_mini":{"0":1.19134932151},"and_chr":{"0":32.683093},"baidu":{"0":null},"and_ff":{"0":0.072212},"and_qq":{"1.2":null},"and_uc":{"0":0.520958}},"total":98.707522}