{"id":"AI","name":"Anguilla","month":"2017-05","access_date":"2017-06-04","data":{"chrome":{"4":null,"5":null,"6":null,"7":null,"8":null,"9":null,"10":null,"11":0.01128,"12":null,"13":null,"14":null,"15":null,"16":null,"17":null,"18":null,"19":null,"20":null,"21":null,"22":0.01692,"23":null,"24":null,"25":null,"26":0.00564,"27":null,"28":null,"29":0.01128,"30":null,"31":null,"32":null,"33":null,"34":null,"35":null,"36":0.2256,"37":null,"38":null,"39":0.21432,"40":null,"41":null,"42":null,"43":0.01128,"44":null,"45":0.06204,"46":0.01692,"47":null,"48":null,"49":0.58656,"50":0.0282,"51":null,"52":null,"53":0.00564,"54":0.00564,"55":0.25944,"56":0.81216,"57":7.46172,"58":20.34912,"59":0.32712,"60":0.0564,"61":null},"firefox":{"2":null,"3":null,"3.5":null,"3.6":0.03384,"4":null,"5":null,"6":null,"7":null,"8":null,"9":null,"10":null,"11":null,"12":null,"13":null,"14":null,"15":null,"16":null,"17":null,"18":null,"19":null,"20":0.01128,"21":null,"22":null,"23":null,"24":null,"25":null,"26":null,"27":null,"28":null,"29":null,"30":null,"31":null,"32":null,"33":null,"34":null,"35":null,"36":null,"37":null,"38":0.26508,"39":null,"40":null,"41":null,"42":null,"43":0.01692,"44":0.04512,"45":0.00564,"46":null,"47":0.02256,"48":0.05076,"49":0.1974,"50":0.05076,"51":0.13536,"52":0.17484,"53":6.69468,"54":0.03948,"55":null,"56":null},"opera":{"9":null,"9.5-9.6":null,"10.0-10.1":0,"10.5":null,"10.6":null,"11":null,"11.1":null,"11.5":null,"11.6":null,"12":null,"12.1":null,"15":null,"16":null,"17":null,"18":null,"19":null,"20":null,"21":null,"22":null,"23":null,"24":null,"25":null,"26":null,"27":null,"28":null,"29":null,"30":null,"31":null,"32":null,"33":null,"34":null,"35":null,"36":null,"37":null,"38":null,"39":null,"40":null,"41":null,"42":null,"43":0.03384,"44":0.12972,"45":0.11844,"46":null},"safari":{"3.1":null,"3.2":null,"4":0,"5":null,"5.1":0.0282,"6":null,"6.1":0.09588,"7":null,"7.1":null,"8":0.09588,"9":0.38916,"9.1":0.27636,"10":0.69372,"10.1":1.59048,"0":null},"ios_saf":{"3.2":0,"4.0-4.1":0,"4.2-4.3":0,"5.0-5.1":0,"6.0-6.1":0,"7.0-7.1":0.112820048514,"8":0,"8.1-8.4":0.12535560946,"9.0-9.2":0.579769693754,"9.3":0.400093320194,"10.0-10.2":2.44756827471,"10.3":6.66996305337},"android":{"2.1":0,"2.2":0,"2.3":0,"3":0,"4":0,"4.1":0.0860793593179,"4.2-4.3":0.253365661389,"4.4":0.633414153471,"4.4.3-4.4.4":0.360558825822,"56":null},"op_mob":{"10":0,"11":0,"11.1":0,"11.5":0,"12":0,"12.1":0,"0":0.0013730864745},"ie":{"5.5":null,"6":null,"7":null,"8":0.0452527058824,"9":0.0622224705882,"10":0.0735356470588,"11":3.66546917647},"edge":{"12":0.21996,"13":0.44556,"14":6.69468,"15":null},"bb":{"7":0.008722,"10":null},"samsung":{"4":7.361368,"5":null},"ie_mob":{"10":0.0466883529412,"11":0.236776647059},"op_mini":{"0":0.308257913525},"and_chr":{"0":25.954953},"baidu":{"0":null},"and_ff":{"0":0.026166},"and_qq":{"1.2":null},"and_uc":{"0":0.165718}},"total":98.648371}