{"id":"AL","name":"Albania","month":"2017-05","access_date":"2017-06-04","data":{"chrome":{"4":0.005441,"5":null,"6":null,"7":null,"8":null,"9":null,"10":null,"11":0.021764,"12":0.005441,"13":null,"14":null,"15":null,"16":0.005441,"17":null,"18":0.016323,"19":null,"20":null,"21":null,"22":0.05441,"23":0.005441,"24":null,"25":null,"26":0.016323,"27":0.010882,"28":null,"29":0.05441,"30":0.010882,"31":0.016323,"32":0.005441,"33":0.021764,"34":0.065292,"35":0.016323,"36":0.065292,"37":0.010882,"38":0.032646,"39":0.05441,"40":0.032646,"41":0.043528,"42":0.010882,"43":0.10882,"44":0.038087,"45":0.021764,"46":0.032646,"47":0.081615,"48":0.059851,"49":4.320154,"50":0.038087,"51":0.663802,"52":0.081615,"53":0.261168,"54":0.576746,"55":0.554982,"56":0.930411,"57":7.590195,"58":25.501967,"59":0.114261,"60":0.076174,"61":null},"firefox":{"2":null,"3":0.021764,"3.5":null,"3.6":0.010882,"4":null,"5":null,"6":null,"7":0.125143,"8":null,"9":null,"10":0.010882,"11":0.010882,"12":null,"13":null,"14":0.005441,"15":null,"16":null,"17":null,"18":null,"19":null,"20":null,"21":null,"22":0.010882,"23":null,"24":0.021764,"25":null,"26":null,"27":0.005441,"28":null,"29":null,"30":0.005441,"31":0.005441,"32":null,"33":0.010882,"34":0.016323,"35":0.010882,"36":0.103379,"37":null,"38":0.021764,"39":0.021764,"40":0.032646,"41":0.021764,"42":0.016323,"43":0.070733,"44":0.359106,"45":0.043528,"46":0.043528,"47":0.201317,"48":0.16323,"49":0.130584,"50":0.233963,"51":0.168671,"52":1.001144,"53":3.667234,"54":0.070733,"55":null,"56":null},"opera":{"9":null,"9.5-9.6":null,"10.0-10.1":0,"10.5":null,"10.6":null,"11":null,"11.1":null,"11.5":null,"11.6":null,"12":null,"12.1":0.032646,"15":null,"16":null,"17":null,"18":null,"19":null,"20":null,"21":null,"22":null,"23":null,"24":null,"25":null,"26":null,"27":null,"28":null,"29":null,"30":null,"31":null,"32":null,"33":null,"34":null,"35":null,"36":0.043528,"37":null,"38":0.005441,"39":null,"40":0.005441,"41":0.005441,"42":0.016323,"43":0.206758,"44":0.310137,"45":0.321019,"46":0.005441},"safari":{"3.1":null,"3.2":null,"4":0.016323,"5":null,"5.1":0.010882,"6":null,"6.1":0.010882,"7":0.005441,"7.1":0.016323,"8":0.032646,"9":0.048969,"9.1":0.059851,"10":0.10882,"10.1":0.331901,"0":null},"ios_saf":{"3.2":0,"4.0-4.1":0,"4.2-4.3":0,"5.0-5.1":0,"6.0-6.1":0,"7.0-7.1":0.131706294724,"8":0,"8.1-8.4":0.146340327471,"9.0-9.2":0.676824014554,"9.3":0.467069545179,"10.0-10.2":2.85729489388,"10.3":7.7865249242},"android":{"2.1":0,"2.2":0,"2.3":0,"3":0,"4":0,"4.1":0.223428891596,"4.2-4.3":0.657639756395,"4.4":1.64409939099,"4.4.3-4.4.4":0.935871961023,"56":null},"op_mob":{"10":0,"11":0,"11.1":0,"11.5":0,"12":0,"12.1":0,"0":0.00406456762749},"ie":{"5.5":null,"6":0.0120558600583,"7":0.0120558600583,"8":0.584709212828,"9":0.150698250729,"10":0.198921690962,"11":1.10913912536},"edge":{"12":0.048969,"13":0.05441,"14":0.511454,"15":null},"bb":{"7":0.03306,"10":null},"samsung":{"4":3.36984,"5":null},"ie_mob":{"10":0.141950117647,"11":0.719889882353},"op_mini":{"0":0.912495432373},"and_chr":{"0":24.821956},"baidu":{"0":null},"and_ff":{"0":0.03192},"and_qq":{"1.2":null},"and_uc":{"0":0.19608}},"total":98.312675}