{"id":"an","name":"Antarctica","month":"2017-05","access_date":"2017-06-04","data":{"chrome":{"4":null,"5":null,"6":null,"7":null,"8":null,"9":null,"10":null,"11":null,"12":null,"13":null,"14":null,"15":null,"16":null,"17":null,"18":null,"19":null,"20":null,"21":null,"22":null,"23":null,"24":null,"25":null,"26":null,"27":0.06966,"28":null,"29":null,"30":null,"31":null,"32":null,"33":null,"34":null,"35":null,"36":null,"37":null,"38":1.7028,"39":null,"40":null,"41":null,"42":null,"43":null,"44":null,"45":null,"46":null,"47":null,"48":null,"49":0.02322,"50":null,"51":0.02322,"52":null,"53":null,"54":0.09288,"55":null,"56":0.33282,"57":15.91344,"58":22.28346,"59":null,"60":0.02322,"61":null},"firefox":{"2":null,"3":null,"3.5":null,"3.6":null,"4":null,"5":null,"6":null,"7":null,"8":null,"9":null,"10":null,"11":null,"12":null,"13":null,"14":null,"15":null,"16":null,"17":null,"18":null,"19":null,"20":null,"21":null,"22":null,"23":null,"24":null,"25":null,"26":null,"27":null,"28":null,"29":null,"30":null,"31":null,"32":null,"33":null,"34":null,"35":null,"36":null,"37":null,"38":null,"39":null,"40":null,"41":null,"42":null,"43":null,"44":null,"45":1.56348,"46":0.02322,"47":null,"48":null,"49":0.06966,"50":0.13158,"51":null,"52":0.78174,"53":6.53256,"54":null,"55":null,"56":null},"opera":{"9":null,"9.5-9.6":null,"10.0-10.1":0,"10.5":null,"10.6":null,"11":null,"11.1":null,"11.5":null,"11.6":null,"12":null,"12.1":null,"15":null,"16":null,"17":null,"18":null,"19":null,"20":null,"21":null,"22":null,"23":null,"24":null,"25":null,"26":null,"27":null,"28":null,"29":null,"30":null,"31":null,"32":null,"33":null,"34":null,"35":null,"36":null,"37":null,"38":null,"39":null,"40":null,"41":null,"42":null,"43":0.24768,"44":null,"45":0.1548,"46":null},"safari":{"3.1":null,"3.2":null,"4":0,"5":null,"5.1":0.04644,"6":null,"6.1":0.13158,"7":null,"7.1":null,"8":1.8576,"9":0.47214,"9.1":3.51396,"10":5.34834,"10.1":4.94586,"0":null},"ios_saf":{"3.2":0,"4.0-4.1":0,"4.2-4.3":0,"5.0-5.1":0,"6.0-6.1":0,"7.0-7.1":0.107830369921,"8":0,"8.1-8.4":0.119811522135,"9.0-9.2":0.554128289873,"9.3":0.38239844148,"10.0-10.2":2.33931996968,"10.3":6.37497140691},"android":{"2.1":0,"2.2":0,"2.3":0,"3":0,"4":0,"4.1":0.003355590743,"4.2-4.3":0.00987683313033,"4.4":0.0246920828258,"4.4.3-4.4.4":0.0140554933009,"56":null},"op_mob":{"10":0,"11":0,"11.1":0,"11.5":0,"12":0,"12.1":0,"0":0.000922039911308},"ie":{"5.5":null,"6":null,"7":null,"8":null,"9":null,"10":0.04644,"11":6.40098},"edge":{"12":0.17802,"13":0.37926,"14":1.60992,"15":null},"bb":{"7":0,"10":null},"samsung":{"4":0.8023,"5":null},"ie_mob":{"10":0.00409458823529,"11":0.0207654117647},"op_mini":{"0":0.206997960089},"and_chr":{"0":10.49256},"baidu":{"0":null},"and_ff":{"0":1.91422},"and_qq":{"1.2":null},"and_uc":{"0":null}},"total":98.27228}