{"id":"oc","name":"Oceania","month":"2017-05","access_date":"2017-06-04","data":{"chrome":{"4":null,"5":null,"6":null,"7":null,"8":null,"9":null,"10":null,"11":0.010642,"12":null,"13":null,"14":null,"15":null,"16":null,"17":null,"18":null,"19":null,"20":null,"21":null,"22":0.010642,"23":null,"24":null,"25":null,"26":0.010642,"27":null,"28":null,"29":null,"30":0.005321,"31":0.015963,"32":0.005321,"33":0.010642,"34":0.026605,"35":0.015963,"36":0.031926,"37":0.010642,"38":0.037247,"39":0.037247,"40":0.021284,"41":0.026605,"42":0.021284,"43":0.047889,"44":0.042568,"45":0.26605,"46":0.047889,"47":0.069173,"48":0.05321,"49":0.846039,"50":0.127704,"51":0.122383,"52":0.085136,"53":0.111741,"54":0.170272,"55":0.473569,"56":0.819434,"57":7.736734,"58":20.012281,"59":0.079815,"60":0.063852,"61":null},"firefox":{"2":null,"3":0.005321,"3.5":null,"3.6":0.005321,"4":null,"5":null,"6":null,"7":null,"8":null,"9":null,"10":null,"11":null,"12":null,"13":null,"14":null,"15":null,"16":null,"17":null,"18":0.010642,"19":null,"20":null,"21":0.005321,"22":null,"23":null,"24":null,"25":null,"26":null,"27":null,"28":null,"29":0.010642,"30":0.005321,"31":0.010642,"32":0.005321,"33":0.005321,"34":0.005321,"35":0.005321,"36":0.010642,"37":0.021284,"38":0.042568,"39":0.010642,"40":0.031926,"41":0.021284,"42":0.015963,"43":0.031926,"44":0.037247,"45":0.175593,"46":0.026605,"47":0.090457,"48":0.154309,"49":0.079815,"50":0.079815,"51":0.069173,"52":0.489532,"53":4.341936,"54":0.074494,"55":null,"56":null},"opera":{"9":null,"9.5-9.6":null,"10.0-10.1":0,"10.5":null,"10.6":null,"11":null,"11.1":null,"11.5":null,"11.6":null,"12":null,"12.1":0.010642,"15":null,"16":null,"17":null,"18":null,"19":null,"20":null,"21":null,"22":null,"23":null,"24":null,"25":null,"26":null,"27":null,"28":null,"29":null,"30":null,"31":null,"32":null,"33":null,"34":null,"35":null,"36":0.010642,"37":null,"38":null,"39":null,"40":null,"41":null,"42":null,"43":0.085136,"44":0.085136,"45":0.117062,"46":null},"safari":{"3.1":null,"3.2":null,"4":0,"5":0.021284,"5.1":0.074494,"6":0.015963,"6.1":0.058531,"7":0.026605,"7.1":0.005321,"8":0.186235,"9":0.21284,"9.1":0.760903,"10":1.154657,"10.1":2.82013,"0":null},"ios_saf":{"3.2":0,"4.0-4.1":0,"4.2-4.3":0,"5.0-5.1":0,"6.0-6.1":0,"7.0-7.1":0.251437535476,"8":0,"8.1-8.4":0.279375039418,"9.0-9.2":1.29210955731,"9.3":0.891672000809,"10.0-10.2":5.45479764463,"10.3":14.8650802224},"android":{"2.1":0,"2.2":0,"2.3":0,"3":0,"4":0,"4.1":0.0546602362972,"4.2-4.3":0.160886733252,"4.4":0.40221683313,"4.4.3-4.4.4":0.22895419732,"56":null},"op_mob":{"10":0,"11":0,"11.1":0,"11.5":0,"12":0,"12.1":0,"0":0.00273834146341},"ie":{"5.5":null,"6":0.00547602913534,"7":0.00547602913534,"8":0.23546925282,"9":0.16428087406,"10":0.147852786654,"11":5.26246399906},"edge":{"12":0.05321,"13":0.196877,"14":2.591327,"15":null},"bb":{"7":0.004678,"10":null},"samsung":{"4":3.545924,"5":null},"ie_mob":{"10":0.0346722352941,"11":0.175837764706},"op_mini":{"0":0.614757658537},"and_chr":{"0":15.290612},"baidu":{"0":null},"and_ff":{"0":0.04678},"and_qq":{"1.2":null},"and_uc":{"0":3.29799}},"total":98.5566139709}