{"id":"eu","name":"Europe","month":"2017-05","access_date":"2017-06-04","data":{"chrome":{"4":null,"5":null,"6":null,"7":null,"8":null,"9":null,"10":null,"11":0.017871,"12":null,"13":null,"14":null,"15":null,"16":0.011914,"17":null,"18":0.011914,"19":null,"20":null,"21":0.005957,"22":0.029785,"23":null,"24":null,"25":0.005957,"26":0.011914,"27":0.005957,"28":null,"29":0.011914,"30":0.005957,"31":0.029785,"32":0.005957,"33":0.011914,"34":0.041699,"35":0.017871,"36":0.05957,"37":0.023828,"38":0.041699,"39":0.035742,"40":0.023828,"41":0.053613,"42":0.029785,"43":0.071484,"44":0.029785,"45":0.047656,"46":0.035742,"47":0.053613,"48":0.071484,"49":1.560734,"50":0.053613,"51":0.232323,"52":0.065527,"53":0.101269,"54":0.232323,"55":0.333592,"56":0.673141,"57":6.933948,"58":20.629091,"59":0.077441,"60":0.047656,"61":null},"firefox":{"2":null,"3":0.011914,"3.5":0.005957,"3.6":0.023828,"4":0.005957,"5":0.005957,"6":0.005957,"7":null,"8":null,"9":null,"10":null,"11":null,"12":0.011914,"13":null,"14":null,"15":null,"16":0.011914,"17":null,"18":null,"19":null,"20":0.005957,"21":0.011914,"22":null,"23":null,"24":0.011914,"25":0.011914,"26":0.005957,"27":null,"28":0.005957,"29":0.005957,"30":0.005957,"31":0.017871,"32":0.005957,"33":0.011914,"34":0.011914,"35":0.017871,"36":0.017871,"37":0.017871,"38":0.107226,"39":0.023828,"40":0.023828,"41":0.053613,"42":0.035742,"43":0.065527,"44":0.023828,"45":0.428904,"46":0.029785,"47":0.160839,"48":0.321678,"49":0.262108,"50":0.148925,"51":0.446775,"52":1.185443,"53":7.756014,"54":0.083398,"55":null,"56":null},"opera":{"9":null,"9.5-9.6":null,"10.0-10.1":0,"10.5":null,"10.6":null,"11":null,"11.1":null,"11.5":null,"11.6":0.005957,"12":0.017871,"12.1":0.29785,"15":null,"16":null,"17":null,"18":null,"19":null,"20":null,"21":null,"22":null,"23":null,"24":null,"25":null,"26":null,"27":null,"28":0.005957,"29":null,"30":null,"31":null,"32":null,"33":null,"34":null,"35":null,"36":0.089355,"37":0.005957,"38":0.011914,"39":null,"40":0.005957,"41":0.011914,"42":0.029785,"43":0.494431,"44":0.470603,"45":0.65527,"46":0.017871},"safari":{"3.1":null,"3.2":null,"4":0.011914,"5":0.029785,"5.1":0.077441,"6":0.005957,"6.1":0.041699,"7":0.023828,"7.1":0.005957,"8":0.107226,"9":0.137011,"9.1":0.464646,"10":0.708883,"10.1":2.090907,"0":null},"ios_saf":{"3.2":0,"4.0-4.1":0,"4.2-4.3":0,"5.0-5.1":0,"6.0-6.1":0,"7.0-7.1":0.120260248636,"8":0,"8.1-8.4":0.133622498484,"9.0-9.2":0.618004055488,"9.3":0.426478474328,"10.0-10.2":2.6089792829,"10.3":7.10983044017},"android":{"2.1":0,"2.2":0,"2.3":0,"3":0,"4":0,"4.1":0.0892611668697,"4.2-4.3":0.26273098173,"4.4":0.656827454324,"4.4.3-4.4.4":0.373886397077,"56":null},"op_mob":{"10":0,"11":0,"11.1":0,"11.5":0,"12":0,"12.1":0,"0":0.00188254988914},"ie":{"5.5":null,"6":0.0120904031891,"7":0.0241808063781,"8":0.25389846697,"9":0.175310846241,"10":0.217627257403,"11":4.62457921982},"edge":{"12":0.065527,"13":0.160839,"14":2.329187,"15":null},"bb":{"7":0.0181935,"10":null},"samsung":{"4":4.075344,"5":null},"ie_mob":{"10":0.0918950117647,"11":0.466038988235},"op_mini":{"0":0.422632450111},"and_chr":{"0":22.437082},"baidu":{"0":null},"and_ff":{"0":0.048516},"and_qq":{"1.2":null},"and_uc":{"0":0.452816}},"total":97.2559755}