{"id":"af","name":"Africa","month":"2017-05","access_date":"2017-06-04","data":{"chrome":{"4":0.015832,"5":0.015832,"6":0.007916,"7":null,"8":null,"9":0.015832,"10":0.003958,"11":0.051454,"12":0.01979,"13":null,"14":null,"15":0.007916,"16":0.027706,"17":0.027706,"18":0.007916,"19":0.170194,"20":0.03958,"21":0.01979,"22":0.015832,"23":0.027706,"24":0.502666,"25":0.035622,"26":0.071244,"27":0.035622,"28":0.047496,"29":0.05937,"30":0.193942,"31":0.11874,"32":0.122698,"33":0.304766,"34":0.150404,"35":0.411632,"36":0.150404,"37":0.130614,"38":0.07916,"39":0.094992,"40":0.102908,"41":0.15832,"42":0.15832,"43":1.381342,"44":0.35622,"45":0.17811,"46":0.087076,"47":0.067286,"48":0.067286,"49":1.270518,"50":0.035622,"51":0.114782,"52":0.031664,"53":0.075202,"54":0.170194,"55":0.41559,"56":0.577868,"57":3.320762,"58":11.327796,"59":0.05937,"60":0.043538,"61":null},"firefox":{"2":0.162278,"3":0.051454,"3.5":null,"3.6":0.047496,"4":0.023748,"5":0.015832,"6":0.003958,"7":0.011874,"8":0.015832,"9":0.015832,"10":0.015832,"11":0.031664,"12":0.031664,"13":0.031664,"14":0.011874,"15":0.193942,"16":0.027706,"17":0.01979,"18":0.193942,"19":0.031664,"20":0.027706,"21":0.189984,"22":0.031664,"23":0.170194,"24":0.035622,"25":0.364136,"26":0.067286,"27":0.055412,"28":0.05937,"29":0.091034,"30":0.110824,"31":0.083118,"32":0.055412,"33":0.023748,"34":0.035622,"35":0.043538,"36":0.051454,"37":0.067286,"38":0.07916,"39":0.071244,"40":0.087076,"41":0.047496,"42":0.027706,"43":0.134572,"44":0.051454,"45":0.071244,"46":0.031664,"47":0.241438,"48":0.162278,"49":0.102908,"50":0.122698,"51":0.154362,"52":0.906382,"53":3.712604,"54":0.29685,"55":null,"56":null},"opera":{"9":null,"9.5-9.6":null,"10.0-10.1":0.162278,"10.5":null,"10.6":null,"11":0.007916,"11.1":null,"11.5":null,"11.6":0.01979,"12":0.003958,"12.1":0.023748,"15":0.011874,"16":null,"17":0.007916,"18":0.011874,"19":0.01979,"20":0.031664,"21":0.027706,"22":0.023748,"23":0.01979,"24":null,"25":null,"26":null,"27":null,"28":0.023748,"29":0.011874,"30":0.01979,"31":0.011874,"32":null,"33":null,"34":null,"35":0.003958,"36":0.055412,"37":0.011874,"38":0.003958,"39":null,"40":0.007916,"41":0.007916,"42":0.051454,"43":0.265186,"44":0.221648,"45":0.300808,"46":0.003958},"safari":{"3.1":null,"3.2":null,"4":0.007916,"5":0.162278,"5.1":0.015832,"6":0.011874,"6.1":0.007916,"7":0.015832,"7.1":0.015832,"8":0.047496,"9":0.03958,"9.1":0.09895,"10":0.142488,"10.1":0.288934,"0":null},"ios_saf":{"3.2":0,"4.0-4.1":0,"4.2-4.3":0,"5.0-5.1":0,"6.0-6.1":0,"7.0-7.1":0.0336962510612,"8":0,"8.1-8.4":0.0374402789569,"9.0-9.2":0.173161290176,"9.3":0.119496890338,"10.0-10.2":0.731021446634,"10.3":1.99213484283},"android":{"2.1":0,"2.2":0,"2.3":0,"3":0,"4":0,"4.1":0.249976727162,"4.2-4.3":0.73578055542,"4.4":1.83945138855,"4.4.3-4.4.4":1.04707232887,"56":null},"op_mob":{"10":0,"11":0,"11.1":0,"11.5":0,"12":0,"12.1":0,"0":0.0747690953437},"ie":{"5.5":null,"6":0.0122155808219,"7":0.0285030219178,"8":0.716647408219,"9":0.460120210959,"10":0.492695093151,"11":1.26227668493},"edge":{"12":0.067286,"13":0.094992,"14":0.391842,"15":null},"bb":{"7":0.187271,"10":null},"samsung":{"4":3.860199,"5":null},"ie_mob":{"10":0.134323411765,"11":0.681211588235},"op_mini":{"0":16.7856619047},"and_chr":{"0":24.228386},"baidu":{"0":null},"and_ff":{"0":0.066451},"and_qq":{"1.2":null},"and_uc":{"0":7.001519}},"total":97.520654}