{"id":"as","name":"Asia","month":"2017-05","access_date":"2017-06-04","data":{"chrome":{"4":null,"5":null,"6":null,"7":null,"8":null,"9":null,"10":0.003075,"11":0.0246,"12":0.00615,"13":null,"14":0.003075,"15":0.003075,"16":0.00615,"17":0.00615,"18":0.00615,"19":0.009225,"20":0.00615,"21":0.009225,"22":0.04305,"23":0.00615,"24":0.021525,"25":0.0123,"26":0.01845,"27":0.0123,"28":0.015375,"29":0.01845,"30":0.01845,"31":0.123,"32":0.0123,"33":0.033825,"34":0.03075,"35":0.021525,"36":0.021525,"37":0.0123,"38":0.03075,"39":0.021525,"40":0.015375,"41":0.01845,"42":0.021525,"43":0.20295,"44":0.03075,"45":0.544275,"46":0.04305,"47":0.126075,"48":0.064575,"49":0.974775,"50":0.150675,"51":0.132225,"52":0.0492,"53":0.06765,"54":0.107625,"55":0.25215,"56":0.35055,"57":4.160475,"58":13.01955,"59":0.070725,"60":0.064575,"61":null},"firefox":{"2":0.00615,"3":0.01845,"3.5":null,"3.6":0.009225,"4":0.00615,"5":null,"6":null,"7":null,"8":0.021525,"9":null,"10":0.003075,"11":0.00615,"12":0.009225,"13":0.003075,"14":0.00615,"15":0.009225,"16":0.00615,"17":0.003075,"18":0.009225,"19":0.003075,"20":0.003075,"21":0.015375,"22":0.00615,"23":0.009225,"24":0.00615,"25":0.015375,"26":0.00615,"27":0.00615,"28":0.00615,"29":0.0123,"30":0.009225,"31":0.0246,"32":0.00615,"33":0.009225,"34":0.009225,"35":0.0123,"36":0.0123,"37":0.01845,"38":0.01845,"39":0.015375,"40":0.015375,"41":0.015375,"42":0.015375,"43":0.052275,"44":0.027675,"45":0.04305,"46":0.01845,"47":0.101475,"48":0.07995,"49":0.0492,"50":0.070725,"51":0.064575,"52":0.33825,"53":2.075625,"54":0.1968,"55":null,"56":null},"opera":{"9":null,"9.5-9.6":null,"10.0-10.1":0.00615,"10.5":null,"10.6":null,"11":null,"11.1":null,"11.5":null,"11.6":null,"12":null,"12.1":0.0123,"15":null,"16":null,"17":null,"18":null,"19":null,"20":null,"21":null,"22":null,"23":null,"24":null,"25":null,"26":null,"27":null,"28":0.009225,"29":null,"30":null,"31":0.003075,"32":null,"33":null,"34":null,"35":null,"36":0.0123,"37":0.00615,"38":null,"39":null,"40":0.00615,"41":0.003075,"42":0.015375,"43":0.107625,"44":0.1107,"45":0.14145,"46":null},"safari":{"3.1":null,"3.2":null,"4":0.003075,"5":0.0123,"5.1":0.015375,"6":0.003075,"6.1":0.009225,"7":0.009225,"7.1":null,"8":0.03075,"9":0.027675,"9.1":0.095325,"10":0.14145,"10.1":0.3321,"0":null},"ios_saf":{"3.2":0,"4.0-4.1":0,"4.2-4.3":0,"5.0-5.1":0,"6.0-6.1":0,"7.0-7.1":0.0779989229836,"8":0,"8.1-8.4":0.0866654699818,"9.0-9.2":0.400827798666,"9.3":0.276607291692,"10.0-10.2":1.69214330139,"10.3":4.61132521528},"android":{"2.1":0,"2.2":0,"2.3":0,"3":0,"4":0,"4.1":0.181027600487,"4.2-4.3":0.532835956151,"4.4":1.33208989038,"4.4.3-4.4.4":0.758266552984,"56":null},"op_mob":{"10":0,"11":0,"11.1":0,"11.5":0,"12":0,"12.1":0,"0":0.0167342793792},"ie":{"5.5":null,"6":0.01636875,"7":0.0196425,"8":0.3208275,"9":0.18005625,"10":0.15714,"11":1.99044},"edge":{"12":0.03075,"13":0.058425,"14":0.4797,"15":null},"bb":{"7":0.038082,"10":null},"samsung":{"4":4.18902,"5":null},"ie_mob":{"10":0.0501786352941,"11":0.254477364706},"op_mini":{"0":3.75684572062},"and_chr":{"0":33.967218},"baidu":{"0":null},"and_ff":{"0":0.020772},"and_qq":{"1.2":null},"and_uc":{"0":16.804548}},"total":97.943439}