{"id":"sa","name":"South America","month":"2017-05","access_date":"2017-06-04","data":{"chrome":{"4":null,"5":null,"6":null,"7":null,"8":null,"9":null,"10":null,"11":0.006299,"12":null,"13":null,"14":null,"15":null,"16":null,"17":null,"18":0.006299,"19":null,"20":null,"21":null,"22":0.037794,"23":null,"24":null,"25":0.006299,"26":0.025196,"27":0.012598,"28":null,"29":0.012598,"30":0.006299,"31":0.025196,"32":0.006299,"33":0.012598,"34":0.037794,"35":0.018897,"36":0.636199,"37":0.025196,"38":0.037794,"39":0.044093,"40":0.018897,"41":0.025196,"42":0.018897,"43":0.100784,"44":0.050392,"45":0.113382,"46":0.06299,"47":0.044093,"48":0.081887,"49":2.034577,"50":0.056691,"51":0.308651,"52":0.075588,"53":0.12598,"54":0.201568,"55":0.37794,"56":0.623601,"57":10.324061,"58":33.926414,"59":0.138578,"60":0.075588,"61":null},"firefox":{"2":0.006299,"3":0.012598,"3.5":null,"3.6":0.012598,"4":null,"5":null,"6":null,"7":null,"8":0.012598,"9":null,"10":null,"11":null,"12":0.006299,"13":null,"14":null,"15":null,"16":null,"17":null,"18":null,"19":null,"20":null,"21":0.006299,"22":null,"23":0.006299,"24":null,"25":0.006299,"26":null,"27":0.025196,"28":null,"29":0.006299,"30":0.006299,"31":0.018897,"32":null,"33":0.012598,"34":0.006299,"35":0.012598,"36":0.006299,"37":0.018897,"38":0.031495,"39":0.012598,"40":0.018897,"41":0.018897,"42":0.012598,"43":0.056691,"44":0.012598,"45":0.100784,"46":0.025196,"47":0.119681,"48":0.132279,"49":0.056691,"50":0.100784,"51":0.094485,"52":0.69289,"53":4.226629,"54":0.044093,"55":null,"56":null},"opera":{"9":null,"9.5-9.6":null,"10.0-10.1":0,"10.5":null,"10.6":null,"11":null,"11.1":null,"11.5":null,"11.6":null,"12":null,"12.1":0.012598,"15":null,"16":null,"17":null,"18":null,"19":null,"20":null,"21":null,"22":null,"23":null,"24":null,"25":null,"26":null,"27":null,"28":0.006299,"29":null,"30":null,"31":null,"32":null,"33":null,"34":null,"35":null,"36":0.018897,"37":null,"38":null,"39":null,"40":null,"41":null,"42":0.018897,"43":0.182671,"44":0.226764,"45":0.31495,"46":null},"safari":{"3.1":null,"3.2":null,"4":0.006299,"5":0.012598,"5.1":0.018897,"6":null,"6.1":0.012598,"7":0.006299,"7.1":null,"8":0.056691,"9":0.06299,"9.1":0.233063,"10":0.31495,"10.1":0.812571,"0":null},"ios_saf":{"3.2":0,"4.0-4.1":0,"4.2-4.3":0,"5.0-5.1":0,"6.0-6.1":0,"7.0-7.1":0.033279805943,"8":0,"8.1-8.4":0.0369775621589,"9.0-9.2":0.171021224985,"9.3":0.118020052557,"10.0-10.2":0.721986901152,"10.3":1.9675144532},"android":{"2.1":0,"2.2":0,"2.3":0,"3":0,"4":0,"4.1":0.127787454324,"4.2-4.3":0.37612911084,"4.4":0.940322777101,"4.4.3-4.4.4":0.535260657734,"56":null},"op_mob":{"10":0,"11":0,"11.1":0,"11.5":0,"12":0,"12.1":0,"0":0.00449578713969},"ie":{"5.5":null,"6":0.0130257098765,"7":0.0195385648148,"8":0.325642746914,"9":0.136769953704,"10":0.221437067901,"11":1.39375095679},"edge":{"12":0.050392,"13":0.088186,"14":0.743282,"15":null},"bb":{"7":0.02035,"10":null},"samsung":{"4":1.8981,"5":null},"ie_mob":{"10":0.139555294118,"11":0.707744705882},"op_mini":{"0":1.00930421286},"and_chr":{"0":27.742219},"baidu":{"0":null},"and_ff":{"0":0.0185},"and_qq":{"1.2":null},"and_uc":{"0":0.6142}},"total":98.175986}