{"id":"na","name":"North America","month":"2017-05","access_date":"2017-06-04","data":{"chrome":{"4":null,"5":null,"6":null,"7":null,"8":null,"9":null,"10":null,"11":0.010696,"12":null,"13":null,"14":null,"15":null,"16":null,"17":null,"18":0.005348,"19":null,"20":null,"21":0.010696,"22":0.010696,"23":0.005348,"24":null,"25":0.010696,"26":0.005348,"27":0.005348,"28":null,"29":0.010696,"30":null,"31":0.016044,"32":0.005348,"33":0.010696,"34":0.02674,"35":0.010696,"36":0.032088,"37":0.02674,"38":0.037436,"39":0.021392,"40":0.032088,"41":0.08022,"42":0.08022,"43":0.1337,"44":0.02674,"45":0.074872,"46":0.037436,"47":0.042784,"48":0.064176,"49":0.898464,"50":0.10696,"51":0.288792,"52":0.10696,"53":0.123004,"54":0.219268,"55":0.385056,"56":0.74872,"57":7.717164,"58":18.734044,"59":0.074872,"60":0.048132,"61":null},"firefox":{"2":null,"3":0.010696,"3.5":null,"3.6":0.010696,"4":null,"5":null,"6":null,"7":null,"8":null,"9":null,"10":null,"11":0.010696,"12":null,"13":null,"14":null,"15":null,"16":0.005348,"17":null,"18":null,"19":null,"20":null,"21":0.005348,"22":null,"23":null,"24":0.010696,"25":null,"26":null,"27":null,"28":0.005348,"29":0.005348,"30":null,"31":0.021392,"32":null,"33":0.010696,"34":0.005348,"35":0.010696,"36":0.021392,"37":0.010696,"38":0.048132,"39":0.010696,"40":0.010696,"41":0.021392,"42":0.010696,"43":0.032088,"44":0.016044,"45":0.208572,"46":0.048132,"47":0.123004,"48":0.21392,"49":0.090916,"50":0.149744,"51":0.149744,"52":0.711284,"53":4.310488,"54":0.048132,"55":null,"56":null},"opera":{"9":null,"9.5-9.6":null,"10.0-10.1":0,"10.5":null,"10.6":null,"11":null,"11.1":null,"11.5":null,"11.6":null,"12":null,"12.1":0.016044,"15":null,"16":null,"17":null,"18":null,"19":null,"20":null,"21":null,"22":null,"23":null,"24":null,"25":null,"26":null,"27":null,"28":0.005348,"29":null,"30":null,"31":null,"32":null,"33":null,"34":null,"35":null,"36":0.010696,"37":null,"38":0.005348,"39":null,"40":null,"41":null,"42":0.010696,"43":0.117656,"44":0.112308,"45":0.144396,"46":null},"safari":{"3.1":null,"3.2":null,"4":0.016044,"5":0.037436,"5.1":0.090916,"6":0.010696,"6.1":0.048132,"7":0.02674,"7.1":0.010696,"8":0.128352,"9":0.144396,"9.1":0.673848,"10":0.919856,"10.1":2.70074,"0":null},"ios_saf":{"3.2":0,"4.0-4.1":0,"4.2-4.3":0,"5.0-5.1":0,"6.0-6.1":0,"7.0-7.1":0.234450251061,"8":0,"8.1-8.4":0.260500278957,"9.0-9.2":1.20481379018,"9.3":0.831430057004,"10.0-10.2":5.08626794663,"10.3":13.8607856762},"android":{"2.1":0,"2.2":0,"2.3":0,"3":0,"4":0,"4.1":0.0558700048721,"4.2-4.3":0.16444756151,"4.4":0.411118903776,"4.4.3-4.4.4":0.234021529842,"56":null},"op_mob":{"10":0,"11":0,"11.1":0,"11.5":0,"12":0,"12.1":0,"0":0.00148565853659},"ie":{"5.5":null,"6":0.03794303386,"7":0.03794303386,"8":0.471577706546,"9":0.271021670429,"10":0.216817336343,"11":6.15219191874},"edge":{"12":0.05348,"13":0.155092,"14":2.59378,"15":null},"bb":{"7":0.02675475,"10":null},"samsung":{"4":2.991879,"5":null},"ie_mob":{"10":0.0321878117647,"11":0.163238188235},"op_mini":{"0":0.333530341463},"and_chr":{"0":20.29337},"baidu":{"0":null},"and_ff":{"0":0.055836},"and_qq":{"1.2":null},"and_uc":{"0":0.460647}},"total":98.5566254498}