{"id":"ww","name":"Worldwide","month":"2017-05","access_date":"2017-06-04","data":{"chrome":{"4":null,"5":null,"6":null,"7":null,"8":null,"9":null,"10":null,"11":0.021835,"12":0.004367,"13":null,"14":null,"15":null,"16":0.004367,"17":0.004367,"18":0.008734,"19":0.013101,"20":0.004367,"21":0.008734,"22":0.030569,"23":0.008734,"24":0.034936,"25":0.013101,"26":0.017468,"27":0.008734,"28":0.008734,"29":0.017468,"30":0.021835,"31":0.074239,"32":0.013101,"33":0.034936,"34":0.039303,"35":0.034936,"36":0.074239,"37":0.021835,"38":0.039303,"39":0.030569,"40":0.026202,"41":0.04367,"42":0.039303,"43":0.200882,"44":0.04367,"45":0.301323,"46":0.04367,"47":0.08734,"48":0.065505,"49":1.148521,"50":0.109175,"51":0.192148,"52":0.065505,"53":0.08734,"54":0.165946,"55":0.314424,"56":0.528407,"57":5.790642,"58":16.917758,"59":0.078606,"60":0.056771,"61":null},"firefox":{"2":0.013101,"3":0.017468,"3.5":null,"3.6":0.013101,"4":0.004367,"5":null,"6":null,"7":null,"8":0.013101,"9":null,"10":0.004367,"11":0.008734,"12":0.008734,"13":null,"14":null,"15":0.013101,"16":0.008734,"17":null,"18":0.013101,"19":null,"20":0.004367,"21":0.017468,"22":0.004367,"23":0.013101,"24":0.008734,"25":0.026202,"26":0.008734,"27":0.008734,"28":0.008734,"29":0.013101,"30":0.013101,"31":0.021835,"32":0.008734,"33":0.013101,"34":0.008734,"35":0.013101,"36":0.017468,"37":0.021835,"38":0.048037,"39":0.017468,"40":0.017468,"41":0.026202,"42":0.017468,"43":0.052404,"44":0.026202,"45":0.179047,"46":0.030569,"47":0.126643,"48":0.165946,"49":0.104808,"50":0.104808,"51":0.165946,"52":0.633215,"53":3.912832,"54":0.135377,"55":null,"56":null},"opera":{"9":null,"9.5-9.6":null,"10.0-10.1":0.008734,"10.5":null,"10.6":null,"11":null,"11.1":null,"11.5":null,"11.6":null,"12":0.004367,"12.1":0.074239,"15":null,"16":null,"17":null,"18":null,"19":null,"20":null,"21":null,"22":null,"23":null,"24":null,"25":null,"26":null,"27":null,"28":0.008734,"29":null,"30":null,"31":null,"32":null,"33":null,"34":null,"35":null,"36":0.030569,"37":0.004367,"38":0.004367,"39":null,"40":0.004367,"41":0.004367,"42":0.017468,"43":0.200882,"44":0.196515,"45":0.266387,"46":0.004367},"safari":{"3.1":null,"3.2":null,"4":0.008734,"5":0.026202,"5.1":0.04367,"6":0.004367,"6.1":0.026202,"7":0.013101,"7.1":0.004367,"8":0.069872,"9":0.078606,"9.1":0.301323,"10":0.4367,"10.1":1.22276,"0":null},"ios_saf":{"3.2":0,"4.0-4.1":0,"4.2-4.3":0,"5.0-5.1":0,"6.0-6.1":0,"7.0-7.1":0.109037887204,"8":0,"8.1-8.4":0.121153208005,"9.0-9.2":0.560333587022,"9.3":0.386680655549,"10.0-10.2":2.36551638629,"10.3":6.44636027592},"android":{"2.1":0,"2.2":0,"2.3":0,"3":0,"4":0,"4.1":0.136389464068,"4.2-4.3":0.401448233861,"4.4":1.00362058465,"4.4.3-4.4.4":0.571291717418,"56":null},"op_mob":{"10":0,"11":0,"11.1":0,"11.5":0,"12":0,"12.1":0,"0":0.0125671929047},"ie":{"5.5":null,"6":0.0180210262009,"7":0.0225262827511,"8":0.346904754367,"9":0.20273654476,"10":0.19823128821,"11":3.33839510371},"edge":{"12":0.04367,"13":0.104808,"14":1.318834,"15":null},"bb":{"7":0.036621,"10":null},"samsung":{"4":3.707172,"5":null},"ie_mob":{"10":0.0631008,"11":0.3200112},"op_mini":{"0":2.8213348071},"and_chr":{"0":28.220919},"baidu":{"0":null},"and_ff":{"0":0.033804},"and_qq":{"1.2":null},"and_uc":{"0":8.952426}},"total":97.944069}