{"id":"AM","name":"Armenia","month":"2017-05","access_date":"2017-06-04","data":{"chrome":{"4":0.008161,"5":null,"6":null,"7":null,"8":null,"9":0.016322,"10":0.016322,"11":0.016322,"12":0.016322,"13":0.016322,"14":0.016322,"15":0.008161,"16":0.016322,"17":0.024483,"18":0.032644,"19":0.024483,"20":0.024483,"21":0.040805,"22":0.032644,"23":0.024483,"24":0.040805,"25":0.024483,"26":0.032644,"27":0.048966,"28":0.008161,"29":0.040805,"30":0.008161,"31":0.008161,"32":0.016322,"33":0.024483,"34":0.024483,"35":0.024483,"36":0.008161,"37":0.024483,"38":0.032644,"39":0.032644,"40":0.048966,"41":0.032644,"42":0.016322,"43":0.073449,"44":0.024483,"45":0.016322,"46":0.016322,"47":0.057127,"48":0.057127,"49":2.782901,"50":0.048966,"51":0.179542,"52":0.146898,"53":0.146898,"54":0.195864,"55":0.399889,"56":0.522304,"57":9.22193,"58":33.198948,"59":0.122415,"60":0.252991,"61":null},"firefox":{"2":0.008161,"3":0.040805,"3.5":0.048966,"3.6":0.16322,"4":null,"5":null,"6":null,"7":0.008161,"8":null,"9":null,"10":null,"11":null,"12":0.008161,"13":0.008161,"14":null,"15":null,"16":null,"17":null,"18":null,"19":0.008161,"20":null,"21":0.024483,"22":null,"23":null,"24":null,"25":null,"26":0.016322,"27":null,"28":null,"29":null,"30":null,"31":0.008161,"32":null,"33":0.016322,"34":null,"35":0.008161,"36":0.032644,"37":0.008161,"38":0.040805,"39":0.008161,"40":null,"41":0.024483,"42":0.024483,"43":0.040805,"44":null,"45":0.048966,"46":0.008161,"47":0.122415,"48":0.16322,"49":0.057127,"50":0.130576,"51":0.08161,"52":19.765942,"53":2.840028,"54":0.032644,"55":null,"56":null},"opera":{"9":null,"9.5-9.6":0.008161,"10.0-10.1":0,"10.5":0.016322,"10.6":0.024483,"11":null,"11.1":0.008161,"11.5":null,"11.6":0.040805,"12":0.040805,"12.1":0.146898,"15":null,"16":0.008161,"17":null,"18":0.016322,"19":null,"20":null,"21":null,"22":null,"23":null,"24":null,"25":null,"26":null,"27":0.032644,"28":0.016322,"29":null,"30":null,"31":null,"32":null,"33":null,"34":null,"35":null,"36":0.089771,"37":0.016322,"38":0.016322,"39":null,"40":null,"41":0.024483,"42":0.040805,"43":0.350923,"44":0.595753,"45":0.685524,"46":null},"safari":{"3.1":null,"3.2":null,"4":0.032644,"5":0.048966,"5.1":0.016322,"6":null,"6.1":0.032644,"7":null,"7.1":null,"8":0.057127,"9":0.024483,"9.1":0.08161,"10":0.08161,"10.1":0.579431,"0":null},"ios_saf":{"3.2":0,"4.0-4.1":0,"4.2-4.3":0,"5.0-5.1":0,"6.0-6.1":0,"7.0-7.1":0.0504459223772,"8":0,"8.1-8.4":0.0560510248636,"9.0-9.2":0.259235989994,"9.3":0.17889618769,"10.0-10.2":1.09439626046,"10.3":2.98238161461},"android":{"2.1":0,"2.2":0,"2.3":0,"3":0,"4":0,"4.1":0.0727737771011,"4.2-4.3":0.214202060901,"4.4":0.535505152253,"4.4.3-4.4.4":0.304826009744,"56":null},"op_mob":{"10":0,"11":0,"11.1":0,"11.5":0,"12":0,"12.1":0,"0":0.00273199556541},"ie":{"5.5":null,"6":null,"7":null,"8":0.442928559524,"9":0.141360178571,"10":0.245024309524,"11":0.753920952381},"edge":{"12":0.024483,"13":0.032644,"14":0.40805,"15":null},"bb":{"7":0.00597675,"10":null},"samsung":{"4":0.825711,"5":null},"ie_mob":{"10":0.0405878117647,"11":0.205838188235},"op_mini":{"0":0.613333004435},"and_chr":{"0":11.058407},"baidu":{"0":null},"and_ff":{"0":0.012873},"and_qq":{"1.2":null},"and_uc":{"0":0.362283}},"total":96.15296475}