{"id":"AO","name":"Angola","month":"2017-05","access_date":"2017-06-04","data":{"chrome":{"4":null,"5":null,"6":null,"7":null,"8":null,"9":null,"10":null,"11":0.074574,"12":0.008286,"13":null,"14":null,"15":null,"16":null,"17":null,"18":0.053859,"19":null,"20":0.004143,"21":null,"22":0.008286,"23":0.008286,"24":0.004143,"25":0.008286,"26":0.029001,"27":0.004143,"28":0.004143,"29":0.020715,"30":0.008286,"31":0.020715,"32":null,"33":0.037287,"34":0.004143,"35":0.008286,"36":3.339258,"37":0.008286,"38":0.008286,"39":0.008286,"40":0.024858,"41":0.008286,"42":0.020715,"43":0.812028,"44":0.016572,"45":0.140862,"46":0.033144,"47":0.049716,"48":0.029001,"49":0.505446,"50":0.091146,"51":0.062145,"52":0.053859,"53":0.049716,"54":0.12429,"55":0.45573,"56":0.306582,"57":4.259004,"58":13.303173,"59":0.066288,"60":0.070431,"61":null},"firefox":{"2":null,"3":0.029001,"3.5":null,"3.6":0.008286,"4":0.024858,"5":0.012429,"6":0.004143,"7":null,"8":0.008286,"9":0.008286,"10":0.012429,"11":0.008286,"12":0.029001,"13":0.004143,"14":0.024858,"15":0.016572,"16":0.012429,"17":0.012429,"18":0.004143,"19":0.004143,"20":0.012429,"21":0.024858,"22":0.012429,"23":0.024858,"24":0.008286,"25":0.016572,"26":0.037287,"27":null,"28":0.008286,"29":0.012429,"30":0.012429,"31":0.020715,"32":0.004143,"33":0.029001,"34":0.004143,"35":0.008286,"36":0.004143,"37":0.016572,"38":0.016572,"39":0.012429,"40":0.012429,"41":0.016572,"42":0.012429,"43":0.066288,"44":0.024858,"45":0.045573,"46":0.033144,"47":0.120147,"48":0.174006,"49":0.045573,"50":0.103575,"51":0.078717,"52":0.468159,"53":3.185967,"54":0.053859,"55":null,"56":null},"opera":{"9":null,"9.5-9.6":null,"10.0-10.1":0,"10.5":null,"10.6":0.008286,"11":0.004143,"11.1":0.004143,"11.5":0.012429,"11.6":0.020715,"12":0.008286,"12.1":0.024858,"15":null,"16":0.004143,"17":null,"18":0.004143,"19":null,"20":null,"21":0.020715,"22":0.008286,"23":null,"24":0.008286,"25":null,"26":null,"27":null,"28":null,"29":0.004143,"30":null,"31":null,"32":0.004143,"33":null,"34":0.004143,"35":0.004143,"36":0.016572,"37":0.016572,"38":null,"39":0.008286,"40":0.008286,"41":0.004143,"42":0.078717,"43":0.29001,"44":0.236151,"45":0.298296,"46":0.004143},"safari":{"3.1":null,"3.2":null,"4":0.012429,"5":0.016572,"5.1":0.029001,"6":0.004143,"6.1":0.020715,"7":0.016572,"7.1":0.004143,"8":0.078717,"9":0.020715,"9.1":0.352155,"10":0.575877,"10.1":1.03575,"0":null},"ios_saf":{"3.2":0,"4.0-4.1":0,"4.2-4.3":0,"5.0-5.1":0,"6.0-6.1":0,"7.0-7.1":0.0602251619163,"8":0,"8.1-8.4":0.0669168465737,"9.0-9.2":0.309490415403,"9.3":0.213576268648,"10.0-10.2":1.30655142935,"10.3":3.56053387811},"android":{"2.1":0,"2.2":0,"2.3":0,"3":0,"4":0,"4.1":0.473760673569,"4.2-4.3":1.39446537881,"4.4":3.48616344702,"4.4.3-4.4.4":1.98443150061,"56":null},"op_mob":{"10":0,"11":0,"11.1":0,"11.5":0,"12":0,"12.1":0,"0":0.0683879423503},"ie":{"5.5":null,"6":0.00425589760528,"7":0.0255353856317,"8":0.348983603633,"9":0.21705077787,"10":0.446869248555,"11":4.11119708671},"edge":{"12":0.236151,"13":0.381156,"14":1.255329,"15":null},"bb":{"7":0.04246325,"10":null},"samsung":{"4":3.180351,"5":null},"ie_mob":{"10":0.0800686352941,"11":0.406062364706},"op_mini":{"0":15.3530930576},"and_chr":{"0":24.083192},"baidu":{"0":null},"and_ff":{"0":0.023428},"and_qq":{"1.2":null},"and_uc":{"0":2.922643}},"total":98.41987725}