{"id":"AR","name":"Argentina","month":"2017-05","access_date":"2017-06-04","data":{"chrome":{"4":null,"5":null,"6":null,"7":null,"8":null,"9":null,"10":null,"11":0.010286,"12":0.005143,"13":null,"14":null,"15":null,"16":null,"17":null,"18":0.010286,"19":null,"20":null,"21":0.005143,"22":0.020572,"23":null,"24":null,"25":0.005143,"26":0.025715,"27":0.015429,"28":null,"29":0.005143,"30":0.005143,"31":0.025715,"32":0.015429,"33":0.010286,"34":0.046287,"35":0.030858,"36":0.056573,"37":0.020572,"38":0.041144,"39":0.025715,"40":0.015429,"41":0.025715,"42":0.025715,"43":0.066859,"44":0.041144,"45":0.046287,"46":0.056573,"47":0.046287,"48":0.041144,"49":3.322378,"50":0.041144,"51":0.190291,"52":0.041144,"53":0.082288,"54":0.10286,"55":0.216006,"56":0.396011,"57":8.089939,"58":26.172727,"59":0.087431,"60":0.030858,"61":null},"firefox":{"2":0.015429,"3":0.005143,"3.5":0.005143,"3.6":0.005143,"4":null,"5":null,"6":null,"7":null,"8":null,"9":null,"10":null,"11":0.005143,"12":0.010286,"13":null,"14":null,"15":0.010286,"16":null,"17":null,"18":null,"19":null,"20":null,"21":null,"22":null,"23":0.005143,"24":null,"25":null,"26":null,"27":0.010286,"28":null,"29":0.010286,"30":0.005143,"31":0.010286,"32":null,"33":0.010286,"34":0.010286,"35":0.010286,"36":0.010286,"37":0.015429,"38":0.015429,"39":0.010286,"40":0.015429,"41":0.015429,"42":0.010286,"43":0.05143,"44":0.010286,"45":0.077145,"46":0.025715,"47":0.10286,"48":0.092574,"49":0.056573,"50":0.072002,"51":0.087431,"52":0.884596,"53":3.589814,"54":0.025715,"55":null,"56":null},"opera":{"9":null,"9.5-9.6":null,"10.0-10.1":0,"10.5":null,"10.6":null,"11":null,"11.1":null,"11.5":null,"11.6":null,"12":null,"12.1":0.010286,"15":null,"16":null,"17":null,"18":null,"19":null,"20":null,"21":null,"22":null,"23":null,"24":null,"25":null,"26":null,"27":null,"28":null,"29":null,"30":null,"31":null,"32":null,"33":null,"34":null,"35":null,"36":0.020572,"37":null,"38":null,"39":null,"40":null,"41":null,"42":0.010286,"43":0.128575,"44":0.138861,"45":0.195434,"46":null},"safari":{"3.1":null,"3.2":null,"4":0,"5":0.010286,"5.1":0.010286,"6":null,"6.1":0.010286,"7":0.005143,"7.1":null,"8":0.025715,"9":0.025715,"9.1":0.118289,"10":0.133718,"10.1":0.468013,"0":null},"ios_saf":{"3.2":0,"4.0-4.1":0,"4.2-4.3":0,"5.0-5.1":0,"6.0-6.1":0,"7.0-7.1":0.0308032177077,"8":0,"8.1-8.4":0.034225797453,"9.0-9.2":0.15829431322,"9.3":0.109237336871,"10.0-10.2":0.66825869527,"10.3":1.82109763948},"android":{"2.1":0,"2.2":0,"2.3":0,"3":0,"4":0,"4.1":0.111935806334,"4.2-4.3":0.329471429963,"4.4":0.823678574909,"4.4.3-4.4.4":0.468863188794,"56":null},"op_mob":{"10":0,"11":0,"11.1":0,"11.5":0,"12":0,"12.1":0,"0":0.00448007095344},"ie":{"5.5":null,"6":0.0310675619694,"7":0.0517792699491,"8":0.502258918506,"9":0.129448174873,"10":0.512614772496,"11":1.82263030221},"edge":{"12":0.05143,"13":0.082288,"14":0.694305,"15":null},"bb":{"7":0.009714,"10":null},"samsung":{"4":2.151651,"5":null},"ie_mob":{"10":0.267192141176,"11":1.35504585882},"op_mini":{"0":1.00577592905},"and_chr":{"0":39.14602},"baidu":{"0":null},"and_ff":{"0":0.014571},"and_qq":{"1.2":null},"and_uc":{"0":0.271992}},"total":98.787697}