{"id":"AS","name":"American Samoa","month":"2017-05","access_date":"2017-06-04","data":{"chrome":{"4":null,"5":null,"6":null,"7":null,"8":null,"9":null,"10":null,"11":null,"12":null,"13":null,"14":null,"15":null,"16":null,"17":null,"18":null,"19":null,"20":null,"21":null,"22":null,"23":null,"24":null,"25":null,"26":null,"27":null,"28":null,"29":null,"30":null,"31":null,"32":null,"33":null,"34":0.04433,"35":null,"36":null,"37":null,"38":0.017732,"39":null,"40":null,"41":null,"42":null,"43":null,"44":null,"45":0.008866,"46":0.026598,"47":0.062062,"48":4.592588,"49":0.35464,"50":null,"51":null,"52":null,"53":3.289286,"54":null,"55":0.319176,"56":2.420418,"57":2.97011,"58":6.037746,"59":null,"60":null,"61":null},"firefox":{"2":null,"3":null,"3.5":null,"3.6":0.053196,"4":null,"5":null,"6":null,"7":null,"8":null,"9":null,"10":null,"11":null,"12":null,"13":null,"14":null,"15":null,"16":null,"17":null,"18":null,"19":null,"20":null,"21":null,"22":0.008866,"23":null,"24":null,"25":null,"26":null,"27":null,"28":null,"29":2.783924,"30":null,"31":null,"32":null,"33":null,"34":null,"35":null,"36":null,"37":null,"38":0.904332,"39":null,"40":2.189902,"41":null,"42":null,"43":0.363506,"44":15.710552,"45":28.708108,"46":null,"47":4.246814,"48":0.04433,"49":null,"50":0.106392,"51":0.026598,"52":0.04433,"53":1.356498,"54":0.026598,"55":null,"56":null},"opera":{"9":null,"9.5-9.6":null,"10.0-10.1":0,"10.5":null,"10.6":null,"11":null,"11.1":null,"11.5":null,"11.6":null,"12":null,"12.1":null,"15":null,"16":null,"17":null,"18":null,"19":null,"20":null,"21":null,"22":null,"23":null,"24":null,"25":null,"26":null,"27":null,"28":null,"29":null,"30":null,"31":null,"32":null,"33":null,"34":null,"35":null,"36":null,"37":null,"38":null,"39":null,"40":null,"41":null,"42":null,"43":0.035464,"44":0.017732,"45":null,"46":null},"safari":{"3.1":null,"3.2":null,"4":0,"5":0.04433,"5.1":0.08866,"6":0.008866,"6.1":null,"7":null,"7.1":null,"8":0.04433,"9":0.035464,"9.1":0.070928,"10":0.04433,"10.1":0.079794,"0":null},"ios_saf":{"3.2":0,"4.0-4.1":0,"4.2-4.3":0,"5.0-5.1":0,"6.0-6.1":0,"7.0-7.1":0.0212661103699,"8":0,"8.1-8.4":0.0236290115221,"9.0-9.2":0.10928417829,"9.3":0.0754159284415,"10.0-10.2":0.46135644997,"10.3":1.25726032141},"android":{"2.1":0,"2.2":0,"2.3":0,"3":0,"4":0,"4.1":0.0267933398295,"4.2-4.3":0.0788634153471,"4.4":0.197158538368,"4.4.3-4.4.4":0.112228706456,"56":null},"op_mob":{"10":0,"11":0,"11.1":0,"11.5":0,"12":0,"12.1":0,"0":0.00513945898004},"ie":{"5.5":null,"6":null,"7":null,"8":0.017732,"9":0.04433,"10":3.165162,"11":7.376512},"edge":{"12":0.04433,"13":0.062062,"14":0.141856,"15":null},"bb":{"7":0,"10":null},"samsung":{"4":1.520694,"5":null},"ie_mob":{"10":0.0031752,"11":0.0161028},"op_mini":{"0":1.15380854102},"and_chr":{"0":6.143196},"baidu":{"0":null},"and_ff":{"0":0.003402},"and_qq":{"1.2":null},"and_uc":{"0":0.519372}},"total":99.767526}