{"id":"AT","name":"Austria","month":"2017-05","access_date":"2017-06-04","data":{"chrome":{"4":null,"5":null,"6":null,"7":null,"8":null,"9":null,"10":null,"11":0.017496,"12":null,"13":null,"14":null,"15":null,"16":null,"17":null,"18":null,"19":null,"20":null,"21":null,"22":0.034992,"23":null,"24":null,"25":null,"26":0.017496,"27":null,"28":null,"29":null,"30":null,"31":0.011664,"32":null,"33":null,"34":0.034992,"35":null,"36":0.046656,"37":0.011664,"38":0.040824,"39":0.011664,"40":0.011664,"41":0.023328,"42":0.005832,"43":0.02916,"44":0.017496,"45":0.05832,"46":0.023328,"47":0.023328,"48":0.052488,"49":0.635688,"50":0.02916,"51":0.08748,"52":0.040824,"53":0.040824,"54":0.110808,"55":0.23328,"56":0.244944,"57":5.108832,"58":15.099048,"59":0.052488,"60":0.040824,"61":null},"firefox":{"2":0.023328,"3":0.011664,"3.5":null,"3.6":0.011664,"4":null,"5":null,"6":null,"7":null,"8":null,"9":null,"10":0.011664,"11":null,"12":0.052488,"13":null,"14":null,"15":null,"16":0.011664,"17":null,"18":null,"19":null,"20":null,"21":0.011664,"22":null,"23":null,"24":null,"25":null,"26":0.011664,"27":null,"28":0.005832,"29":0.011664,"30":0.017496,"31":0.023328,"32":0.02916,"33":0.017496,"34":0.023328,"35":0.023328,"36":0.017496,"37":0.023328,"38":0.08748,"39":0.046656,"40":0.02916,"41":0.064152,"42":0.05832,"43":0.075816,"44":0.017496,"45":0.454896,"46":0.040824,"47":0.192456,"48":0.279936,"49":0.099144,"50":0.209952,"51":0.23328,"52":1.37052,"53":12.21804,"54":0.110808,"55":0.011664,"56":null},"opera":{"9":null,"9.5-9.6":null,"10.0-10.1":0,"10.5":null,"10.6":null,"11":null,"11.1":null,"11.5":null,"11.6":null,"12":null,"12.1":0.11664,"15":null,"16":null,"17":null,"18":null,"19":null,"20":null,"21":null,"22":null,"23":null,"24":null,"25":null,"26":null,"27":null,"28":0.011664,"29":null,"30":0.005832,"31":null,"32":null,"33":null,"34":null,"35":null,"36":0.023328,"37":null,"38":null,"39":null,"40":null,"41":null,"42":0.017496,"43":0.396576,"44":0.402408,"45":0.542376,"46":0.011664},"safari":{"3.1":null,"3.2":null,"4":0.005832,"5":0.064152,"5.1":0.163296,"6":0.011664,"6.1":0.069984,"7":0.034992,"7.1":0.011664,"8":0.151632,"9":0.151632,"9.1":0.682344,"10":0.944784,"10.1":2.811024,"0":null},"ios_saf":{"3.2":0,"4.0-4.1":0,"4.2-4.3":0,"5.0-5.1":0,"6.0-6.1":0,"7.0-7.1":0.130302447544,"8":0,"8.1-8.4":0.144780497271,"9.0-9.2":0.669609799879,"9.3":0.462091087124,"10.0-10.2":2.82683920922,"10.3":7.70352895897},"android":{"2.1":0,"2.2":0,"2.3":0,"3":0,"4":0,"4.1":0.0672667478685,"4.2-4.3":0.197992691839,"4.4":0.494981729598,"4.4.3-4.4.4":0.281758830694,"56":null},"op_mob":{"10":0,"11":0,"11.1":0,"11.5":0,"12":0,"12.1":0,"0":0.00269857206208},"ie":{"5.5":null,"6":0.00586116,"7":0.01758348,"8":0.16411248,"9":0.15825132,"10":0.19341828,"11":7.66639728},"edge":{"12":0.05832,"13":0.23328,"14":3.219264,"15":null},"bb":{"7":0.011462,"10":null},"samsung":{"4":6.0436,"5":null},"ie_mob":{"10":0.0508005647059,"11":0.257631435294},"op_mini":{"0":0.605829427938},"and_chr":{"0":19.588664},"baidu":{"0":null},"and_ff":{"0":0.070856},"and_qq":{"1.2":null},"and_uc":{"0":1.983968}},"total":98.077582}