{"id":"AU","name":"Australia","month":"2017-05","access_date":"2017-06-04","data":{"chrome":{"4":null,"5":null,"6":null,"7":null,"8":null,"9":null,"10":null,"11":0.010616,"12":null,"13":null,"14":null,"15":null,"16":null,"17":null,"18":null,"19":null,"20":null,"21":null,"22":0.010616,"23":null,"24":null,"25":null,"26":0.010616,"27":null,"28":null,"29":null,"30":0.010616,"31":0.015924,"32":0.005308,"33":0.010616,"34":0.02654,"35":0.015924,"36":0.02654,"37":0.010616,"38":0.042464,"39":0.037156,"40":0.02654,"41":0.031848,"42":0.021232,"43":0.05308,"44":0.042464,"45":0.2654,"46":0.05308,"47":0.07962,"48":0.042464,"49":0.833356,"50":0.1327,"51":0.138008,"52":0.090236,"53":0.111468,"54":0.175164,"55":0.456488,"56":0.854588,"57":7.585132,"58":19.910308,"59":0.07962,"60":0.058388,"61":null},"firefox":{"2":null,"3":0.010616,"3.5":null,"3.6":0.005308,"4":null,"5":null,"6":null,"7":null,"8":null,"9":null,"10":null,"11":null,"12":null,"13":null,"14":null,"15":null,"16":null,"17":null,"18":0.010616,"19":null,"20":null,"21":0.005308,"22":null,"23":null,"24":null,"25":null,"26":null,"27":null,"28":null,"29":null,"30":0.005308,"31":0.010616,"32":0.005308,"33":0.005308,"34":null,"35":0.005308,"36":0.010616,"37":0.021232,"38":0.042464,"39":0.010616,"40":0.02654,"41":0.015924,"42":0.010616,"43":0.031848,"44":0.010616,"45":0.127392,"46":0.031848,"47":0.07962,"48":0.148624,"49":0.047772,"50":0.084928,"51":0.069004,"52":0.472412,"53":4.2464,"54":0.07962,"55":null,"56":null},"opera":{"9":null,"9.5-9.6":null,"10.0-10.1":0,"10.5":null,"10.6":null,"11":null,"11.1":null,"11.5":null,"11.6":null,"12":null,"12.1":0.010616,"15":null,"16":null,"17":null,"18":null,"19":null,"20":null,"21":null,"22":null,"23":null,"24":null,"25":null,"26":null,"27":null,"28":null,"29":null,"30":null,"31":null,"32":null,"33":null,"34":null,"35":null,"36":0.010616,"37":null,"38":null,"39":null,"40":null,"41":null,"42":0.005308,"43":0.07962,"44":0.084928,"45":0.111468,"46":null},"safari":{"3.1":null,"3.2":null,"4":0,"5":0.021232,"5.1":0.074312,"6":0.015924,"6.1":0.063696,"7":0.031848,"7.1":0.005308,"8":0.201704,"9":0.228244,"9.1":0.7962,"10":1.22084,"10.1":2.924708,"0":null},"ios_saf":{"3.2":0,"4.0-4.1":0,"4.2-4.3":0,"5.0-5.1":0,"6.0-6.1":0,"7.0-7.1":0.268528082474,"8":0,"8.1-8.4":0.298364536082,"9.0-9.2":1.37993597938,"9.3":0.95228014433,"10.0-10.2":5.82556756701,"10.3":15.8754796907},"android":{"2.1":0,"2.2":0,"2.3":0,"3":0,"4":0,"4.1":0.0472514689403,"4.2-4.3":0.139079795371,"4.4":0.347699488429,"4.4.3-4.4.4":0.197921247259,"56":null},"op_mob":{"10":0,"11":0,"11.1":0,"11.5":0,"12":0,"12.1":0,"0":0.00297541463415},"ie":{"5.5":null,"6":0.00547094325581,"7":0.00547094325581,"8":0.158657354419,"9":0.175070184186,"10":0.153186411163,"11":5.37793722047},"edge":{"12":0.05308,"13":0.201704,"14":2.648692,"15":null},"bb":{"7":0.004692,"10":null},"samsung":{"4":3.58938,"5":null},"ie_mob":{"10":0.034776,"11":0.176364},"op_mini":{"0":0.667980585366},"and_chr":{"0":14.492632},"baidu":{"0":null},"and_ff":{"0":0.051612},"and_qq":{"1.2":null},"and_uc":{"0":2.679132}},"total":98.6040170567}