{"id":"AW","name":"Aruba","month":"2017-05","access_date":"2017-06-04","data":{"chrome":{"4":null,"5":null,"6":0.008814,"7":null,"8":null,"9":null,"10":null,"11":null,"12":null,"13":null,"14":null,"15":null,"16":null,"17":null,"18":0.017628,"19":null,"20":null,"21":null,"22":0.017628,"23":null,"24":null,"25":null,"26":null,"27":null,"28":null,"29":null,"30":0.004407,"31":0.008814,"32":null,"33":null,"34":0.022035,"35":0.008814,"36":0.074919,"37":null,"38":0.013221,"39":0.039663,"40":null,"41":0.004407,"42":0.004407,"43":0.013221,"44":0.030849,"45":0.061698,"46":null,"47":0.079326,"48":0.013221,"49":1.048866,"50":0.013221,"51":0.017628,"52":0.057291,"53":0.061698,"54":0.022035,"55":0.224757,"56":0.22035,"57":5.843682,"58":15.393651,"59":0.070512,"60":0.850551,"61":null},"firefox":{"2":null,"3":null,"3.5":null,"3.6":0.004407,"4":null,"5":null,"6":null,"7":null,"8":null,"9":null,"10":null,"11":null,"12":null,"13":0.004407,"14":null,"15":null,"16":null,"17":null,"18":null,"19":null,"20":null,"21":null,"22":null,"23":null,"24":null,"25":null,"26":null,"27":null,"28":null,"29":null,"30":null,"31":null,"32":null,"33":null,"34":0.013221,"35":null,"36":null,"37":0.008814,"38":null,"39":null,"40":null,"41":0.017628,"42":null,"43":0.004407,"44":0.008814,"45":0.013221,"46":0.013221,"47":0.026442,"48":0.061698,"49":0.022035,"50":0.215943,"51":0.154245,"52":0.445107,"53":2.816073,"54":0.039663,"55":null,"56":null},"opera":{"9":null,"9.5-9.6":null,"10.0-10.1":0,"10.5":null,"10.6":null,"11":null,"11.1":null,"11.5":null,"11.6":null,"12":null,"12.1":0.017628,"15":null,"16":null,"17":null,"18":null,"19":null,"20":null,"21":null,"22":null,"23":null,"24":null,"25":null,"26":null,"27":null,"28":null,"29":null,"30":null,"31":0.013221,"32":null,"33":null,"34":null,"35":null,"36":null,"37":null,"38":null,"39":null,"40":null,"41":null,"42":null,"43":0.035256,"44":0.070512,"45":0.066105,"46":null},"safari":{"3.1":null,"3.2":null,"4":0,"5":0.070512,"5.1":0.026442,"6":0.004407,"6.1":0.030849,"7":null,"7.1":null,"8":0.052884,"9":0.105768,"9.1":0.317304,"10":0.57291,"10.1":2.829294,"0":null},"ios_saf":{"3.2":0,"4.0-4.1":0,"4.2-4.3":0,"5.0-5.1":0,"6.0-6.1":0,"7.0-7.1":0.232423237113,"8":0,"8.1-8.4":0.258248041237,"9.0-9.2":1.19439719072,"9.3":0.824241664948,"10.0-10.2":5.04229300515,"10.3":13.7409478608},"android":{"2.1":0,"2.2":0,"2.3":0,"3":0,"4":0,"4.1":0.110844948843,"4.2-4.3":0.326260604141,"4.4":0.815651510353,"4.4.3-4.4.4":0.464293936663,"56":null},"op_mob":{"10":0,"11":0,"11.1":0,"11.5":0,"12":0,"12.1":0,"0":0.00126493569845},"ie":{"5.5":null,"6":null,"7":0.00883548446069,"8":0.181127431444,"9":0.150203235832,"10":1.44460170932,"11":5.46474713894},"edge":{"12":0.04407,"13":0.273234,"14":2.772003,"15":null},"bb":{"7":0.05732825,"10":null},"samsung":{"4":9.211671,"5":null},"ie_mob":{"10":0.0128968,"11":0.0654052},"op_mini":{"0":0.283978064302},"and_chr":{"0":23.442687},"baidu":{"0":null},"and_ff":{"0":0.061523},"and_qq":{"1.2":null},"and_uc":{"0":0.134232}},"total":98.94916225}