{"id":"AX","name":"Aland Islands","month":"2017-05","access_date":"2017-06-04","data":{"chrome":{"4":null,"5":null,"6":null,"7":null,"8":null,"9":null,"10":null,"11":null,"12":null,"13":null,"14":null,"15":null,"16":null,"17":null,"18":null,"19":null,"20":null,"21":null,"22":null,"23":null,"24":null,"25":null,"26":null,"27":null,"28":null,"29":null,"30":0.02276,"31":0.00569,"32":0.01707,"33":null,"34":null,"35":null,"36":0.0569,"37":0.02276,"38":0.01138,"39":0.09104,"40":null,"41":0.02845,"42":null,"43":null,"44":null,"45":null,"46":null,"47":null,"48":0.01138,"49":0.80798,"50":null,"51":null,"52":null,"53":0.19915,"54":null,"55":0.0569,"56":0.10242,"57":10.48667,"58":19.30048,"59":0.23898,"60":0.30726,"61":null},"firefox":{"2":null,"3":null,"3.5":null,"3.6":null,"4":null,"5":null,"6":null,"7":null,"8":null,"9":null,"10":null,"11":null,"12":null,"13":null,"14":null,"15":null,"16":null,"17":null,"18":null,"19":0.00569,"20":0.01138,"21":null,"22":null,"23":null,"24":null,"25":null,"26":null,"27":null,"28":null,"29":0.01707,"30":null,"31":null,"32":null,"33":null,"34":null,"35":null,"36":null,"37":null,"38":0.02845,"39":0.00569,"40":null,"41":0.33002,"42":0.00569,"43":0.01707,"44":0.03414,"45":0.13087,"46":0.05121,"47":0.19915,"48":0.07397,"49":0.32433,"50":0.03414,"51":0.02276,"52":0.42106,"53":5.45102,"54":0.01707,"55":null,"56":null},"opera":{"9":null,"9.5-9.6":null,"10.0-10.1":0,"10.5":null,"10.6":null,"11":null,"11.1":null,"11.5":null,"11.6":null,"12":null,"12.1":null,"15":null,"16":null,"17":null,"18":null,"19":null,"20":null,"21":null,"22":null,"23":null,"24":null,"25":null,"26":null,"27":null,"28":0.01138,"29":null,"30":null,"31":null,"32":null,"33":null,"34":null,"35":null,"36":0.01138,"37":null,"38":null,"39":null,"40":null,"41":null,"42":null,"43":0.06259,"44":3.20916,"45":0.30726,"46":null},"safari":{"3.1":null,"3.2":null,"4":0,"5":0.02845,"5.1":0.13656,"6":0.02845,"6.1":0.13087,"7":0.02276,"7.1":null,"8":0.06259,"9":0.02845,"9.1":0.46658,"10":0.99006,"10.1":2.69706,"0":null},"ios_saf":{"3.2":0,"4.0-4.1":0,"4.2-4.3":0,"5.0-5.1":0,"6.0-6.1":0,"7.0-7.1":0.257674748332,"8":0,"8.1-8.4":0.286305275925,"9.0-9.2":1.32416190115,"9.3":0.91379100566,"10.0-10.2":5.59011051243,"10.3":15.2338265565},"android":{"2.1":0,"2.2":0,"2.3":0,"3":0,"4":0,"4.1":0.0217022411693,"4.2-4.3":0.0638782947625,"4.4":0.159695736906,"4.4.3-4.4.4":0.090903727162,"56":null},"op_mob":{"10":0,"11":0,"11.1":0,"11.5":0,"12":0,"12.1":0,"0":0.00238913525499},"ie":{"5.5":null,"6":null,"7":0.01707,"8":0.14225,"9":0.08535,"10":0.18777,"11":5.2917},"edge":{"12":0.02276,"13":0.16501,"14":2.88483,"15":null},"bb":{"7":0.0032325,"10":null},"samsung":{"4":4.3531,"5":null},"ie_mob":{"10":0.0858957647059,"11":0.435614235294},"op_mini":{"0":0.536360864745},"and_chr":{"0":13.43083},"baidu":{"0":null},"and_ff":{"0":0.01293},"and_qq":{"1.2":null},"and_uc":{"0":0.01724}},"total":98.7580325}