{"id":"AZ","name":"Azerbaijan","month":"2017-05","access_date":"2017-06-04","data":{"chrome":{"4":0.003942,"5":0.031536,"6":null,"7":null,"8":0.011826,"9":0.007884,"10":0.015768,"11":0.03942,"12":0.011826,"13":0.011826,"14":0.043362,"15":0.007884,"16":0.01971,"17":0.007884,"18":0.015768,"19":0.007884,"20":0.007884,"21":0.011826,"22":0.126144,"23":0.011826,"24":0.007884,"25":0.011826,"26":0.047304,"27":0.01971,"28":0.023652,"29":0.01971,"30":0.007884,"31":0.011826,"32":0.007884,"33":0.007884,"34":0.043362,"35":0.011826,"36":0.023652,"37":0.011826,"38":0.031536,"39":0.01971,"40":0.023652,"41":0.043362,"42":0.011826,"43":0.074898,"44":0.043362,"45":0.047304,"46":0.023652,"47":0.043362,"48":0.051246,"49":1.521612,"50":0.035478,"51":0.232578,"52":0.043362,"53":0.153738,"54":0.193158,"55":0.417852,"56":0.57159,"57":5.219208,"58":17.687754,"59":0.082782,"60":0.086724,"61":0.011826},"firefox":{"2":0.003942,"3":0.015768,"3.5":0.01971,"3.6":0.055188,"4":null,"5":0.007884,"6":null,"7":null,"8":null,"9":0.003942,"10":null,"11":null,"12":0.007884,"13":null,"14":null,"15":null,"16":null,"17":null,"18":null,"19":null,"20":null,"21":0.011826,"22":0.007884,"23":0.003942,"24":null,"25":0.007884,"26":null,"27":null,"28":0.007884,"29":0.007884,"30":0.003942,"31":0.007884,"32":0.007884,"33":0.003942,"34":0.007884,"35":0.003942,"36":0.007884,"37":0.011826,"38":null,"39":null,"40":null,"41":0.007884,"42":null,"43":0.01971,"44":0.007884,"45":0.01971,"46":0.007884,"47":0.043362,"48":0.051246,"49":0.070956,"50":0.035478,"51":0.055188,"52":0.15768,"53":0.890892,"54":0.015768,"55":null,"56":null},"opera":{"9":null,"9.5-9.6":null,"10.0-10.1":0,"10.5":null,"10.6":0.007884,"11":0.015768,"11.1":null,"11.5":0.011826,"11.6":0.023652,"12":0.035478,"12.1":0.252288,"15":0.011826,"16":0.007884,"17":0.003942,"18":0.015768,"19":0.003942,"20":0.027594,"21":0.011826,"22":null,"23":null,"24":null,"25":0.007884,"26":null,"27":0.011826,"28":0.027594,"29":0.007884,"30":0.011826,"31":0.007884,"32":0.011826,"33":0.011826,"34":0.015768,"35":0.023652,"36":0.17739,"37":0.01971,"38":0.031536,"39":0.023652,"40":0.01971,"41":0.055188,"42":0.173448,"43":1.072224,"44":0.997326,"45":1.371816,"46":0.023652},"safari":{"3.1":null,"3.2":null,"4":0.015768,"5":0.011826,"5.1":0.01971,"6":null,"6.1":null,"7":0.007884,"7.1":null,"8":0.015768,"9":0.015768,"9.1":0.149796,"10":0.122202,"10.1":0.228636,"0":null},"ios_saf":{"3.2":0,"4.0-4.1":0,"4.2-4.3":0,"5.0-5.1":0,"6.0-6.1":0,"7.0-7.1":0.0761787070952,"8":0,"8.1-8.4":0.0846430078836,"9.0-9.2":0.391473911461,"9.3":0.270152266828,"10.0-10.2":1.65265472893,"10.3":4.5037133778},"android":{"2.1":0,"2.2":0,"2.3":0,"3":0,"4":0,"4.1":0.40632872838,"4.2-4.3":1.1959864458,"4.4":2.98996611449,"4.4.3-4.4.4":1.70198071133,"56":null},"op_mob":{"10":0,"11":0,"11.1":0,"11.5":0,"12":0,"12.1":0,"0":0.0297661374723},"ie":{"5.5":null,"6":0.00862082242991,"7":0.00862082242991,"8":0.189658093458,"9":0.0775874018692,"10":0.103449869159,"11":0.534490990654},"edge":{"12":0.023652,"13":0.031536,"14":0.283824,"15":null},"bb":{"7":0.0439205,"10":null},"samsung":{"4":6.45177,"5":null},"ie_mob":{"10":0.0698451764706,"11":0.354214823529},"op_mini":{"0":6.68249786253},"and_chr":{"0":33.087014},"baidu":{"0":null},"and_ff":{"0":0.012116},"and_qq":{"1.2":null},"and_uc":{"0":0.957164}},"total":96.2659385}