{"id":"BA","name":"Bosnia and Herzegovina","month":"2017-05","access_date":"2017-06-04","data":{"chrome":{"4":null,"5":null,"6":null,"7":null,"8":null,"9":null,"10":null,"11":0.01416,"12":null,"13":null,"14":null,"15":null,"16":null,"17":null,"18":null,"19":null,"20":null,"21":null,"22":0.0236,"23":null,"24":null,"25":0.01416,"26":0.01416,"27":0.00944,"28":null,"29":null,"30":0.00472,"31":0.00944,"32":0.00944,"33":0.01416,"34":0.03304,"35":0.00944,"36":0.01888,"37":0.0236,"38":0.03304,"39":0.0236,"40":0.0236,"41":0.01888,"42":0.00472,"43":0.0472,"44":0.01888,"45":0.01416,"46":0.01888,"47":0.0236,"48":0.03304,"49":2.61016,"50":0.01416,"51":0.03304,"52":0.02832,"53":0.02832,"54":0.03304,"55":0.17936,"56":0.20768,"57":6.23512,"58":22.61824,"59":0.10384,"60":0.04248,"61":null},"firefox":{"2":0.00472,"3":0.00944,"3.5":0.00472,"3.6":0.00472,"4":null,"5":null,"6":null,"7":null,"8":null,"9":null,"10":null,"11":null,"12":null,"13":null,"14":0.01416,"15":0.0236,"16":0.00472,"17":null,"18":null,"19":null,"20":null,"21":0.01888,"22":0.00472,"23":0.00472,"24":0.00472,"25":null,"26":null,"27":null,"28":0.00944,"29":0.00944,"30":0.00944,"31":0.00944,"32":0.00944,"33":0.00472,"34":null,"35":0.00944,"36":0.00944,"37":0.01888,"38":0.01416,"39":0.00944,"40":0.00944,"41":0.01416,"42":0.01416,"43":0.05664,"44":0.01416,"45":0.20768,"46":0.03304,"47":0.08968,"48":0.05192,"49":0.06608,"50":0.08496,"51":0.10856,"52":1.24608,"53":5.7112,"54":0.08968,"55":null,"56":null},"opera":{"9":null,"9.5-9.6":null,"10.0-10.1":0,"10.5":null,"10.6":null,"11":null,"11.1":null,"11.5":0.00472,"11.6":null,"12":0.00472,"12.1":0.0236,"15":null,"16":null,"17":null,"18":null,"19":null,"20":null,"21":null,"22":null,"23":null,"24":null,"25":null,"26":null,"27":null,"28":null,"29":null,"30":null,"31":null,"32":null,"33":null,"34":null,"35":0.00472,"36":0.14632,"37":0.08496,"38":0.00472,"39":null,"40":null,"41":null,"42":0.02832,"43":0.39176,"44":0.52392,"45":0.61832,"46":0.01416},"safari":{"3.1":null,"3.2":null,"4":0,"5":0.02832,"5.1":0.00944,"6":0.00472,"6.1":0.01416,"7":0.00472,"7.1":null,"8":0.01888,"9":0.02832,"9.1":0.10856,"10":0.08024,"10.1":0.35872,"0":null},"ios_saf":{"3.2":0,"4.0-4.1":0,"4.2-4.3":0,"5.0-5.1":0,"6.0-6.1":0,"7.0-7.1":0.0533123104912,"8":0,"8.1-8.4":0.0592359005458,"9.0-9.2":0.273966040024,"9.3":0.189061249242,"10.0-10.2":1.15658095816,"10.3":3.15184354154},"android":{"2.1":0,"2.2":0,"2.3":0,"3":0,"4":0,"4.1":0.238255980512,"4.2-4.3":0.701281753959,"4.4":1.7532043849,"4.4.3-4.4.4":0.997977880633,"56":null},"op_mob":{"10":0,"11":0,"11.1":0,"11.5":0,"12":0,"12.1":0,"0":0.00135804878049},"ie":{"5.5":null,"6":null,"7":null,"8":0.0806590078329,"9":0.0664250652742,"10":0.0711697127937,"11":1.5989462141},"edge":{"12":0.01888,"13":0.09912,"14":0.6372,"15":null},"bb":{"7":0.00792,"10":null},"samsung":{"4":2.31792,"5":null},"ie_mob":{"10":0.127838117647,"11":0.648321882353},"op_mini":{"0":0.30488195122},"and_chr":{"0":41.23096},"baidu":{"0":null},"and_ff":{"0":0.01056},"and_qq":{"1.2":null},"and_uc":{"0":0.04752}},"total":98.95216}