{"id":"BB","name":"Barbados","month":"2017-05","access_date":"2017-06-04","data":{"chrome":{"4":null,"5":null,"6":null,"7":null,"8":null,"9":null,"10":null,"11":0.02436,"12":null,"13":null,"14":null,"15":null,"16":null,"17":null,"18":null,"19":null,"20":null,"21":null,"22":0.34104,"23":null,"24":null,"25":null,"26":null,"27":0.01218,"28":null,"29":0.03654,"30":null,"31":null,"32":0.00609,"33":0.00609,"34":0.03045,"35":0.01827,"36":0.09744,"37":null,"38":0.03045,"39":0.02436,"40":0.01218,"41":null,"42":0.01218,"43":0.02436,"44":0.01218,"45":0.01827,"46":null,"47":0.01827,"48":0.02436,"49":1.26063,"50":0.03654,"51":0.04263,"52":0.05481,"53":0.06699,"54":0.04263,"55":0.63336,"56":0.17052,"57":8.43465,"58":25.60236,"59":0.09135,"60":0.04263,"61":null},"firefox":{"2":null,"3":0.01218,"3.5":null,"3.6":0.01827,"4":null,"5":null,"6":null,"7":null,"8":null,"9":0.01218,"10":null,"11":null,"12":null,"13":null,"14":null,"15":null,"16":null,"17":null,"18":null,"19":null,"20":null,"21":0.01827,"22":null,"23":null,"24":null,"25":null,"26":null,"27":null,"28":0.02436,"29":null,"30":null,"31":null,"32":null,"33":null,"34":null,"35":null,"36":null,"37":null,"38":null,"39":0.03654,"40":0.01218,"41":null,"42":0.01827,"43":0.01827,"44":null,"45":0.04263,"46":null,"47":0.07308,"48":0.07308,"49":0.02436,"50":0.07308,"51":0.03654,"52":0.56637,"53":5.83422,"54":0.09135,"55":0.10353,"56":null},"opera":{"9":null,"9.5-9.6":null,"10.0-10.1":0,"10.5":null,"10.6":null,"11":null,"11.1":null,"11.5":null,"11.6":null,"12":null,"12.1":0.01218,"15":null,"16":null,"17":null,"18":null,"19":null,"20":null,"21":null,"22":null,"23":null,"24":null,"25":null,"26":null,"27":null,"28":null,"29":null,"30":null,"31":null,"32":null,"33":null,"34":null,"35":null,"36":0.00609,"37":null,"38":0.03045,"39":null,"40":null,"41":null,"42":0.07308,"43":0.23751,"44":0.2436,"45":0.37149,"46":null},"safari":{"3.1":null,"3.2":null,"4":0.01827,"5":null,"5.1":0.04872,"6":null,"6.1":0.02436,"7":null,"7.1":null,"8":0.12789,"9":0.12789,"9.1":0.45675,"10":0.47502,"10.1":1.69302,"0":null},"ios_saf":{"3.2":0,"4.0-4.1":0,"4.2-4.3":0,"5.0-5.1":0,"6.0-6.1":0,"7.0-7.1":0.0722579381443,"8":0,"8.1-8.4":0.0802865979381,"9.0-9.2":0.371325515464,"9.3":0.256248058419,"10.0-10.2":1.56759582474,"10.3":4.27191606529},"android":{"2.1":0,"2.2":0,"2.3":0,"3":0,"4":0,"4.1":0.169649707674,"4.2-4.3":0.499346309379,"4.4":1.24836577345,"4.4.3-4.4.4":0.710608209501,"56":null},"op_mob":{"10":0,"11":0,"11.1":0,"11.5":0,"12":0,"12.1":0,"0":0.00260088691796},"ie":{"5.5":null,"6":null,"7":null,"8":0.339757894737,"9":0.217957894737,"10":0.237189473684,"11":3.95529473684},"edge":{"12":0.07308,"13":0.38367,"14":4.91463,"15":null},"bb":{"7":0.08602,"10":null},"samsung":{"4":5.64995,"5":null},"ie_mob":{"10":0.121716,"11":0.617274},"op_mini":{"0":0.583899113082},"and_chr":{"0":22.64552},"baidu":{"0":null},"and_ff":{"0":0.01173},"and_qq":{"1.2":null},"and_uc":{"0":0.28543}},"total":97.63657}