{"id":"BD","name":"Bangladesh","month":"2017-05","access_date":"2017-06-04","data":{"chrome":{"4":0.002433,"5":0.002433,"6":null,"7":null,"8":0.002433,"9":null,"10":0.004866,"11":0.009732,"12":0.009732,"13":null,"14":0.002433,"15":null,"16":0.002433,"17":0.002433,"18":0.004866,"19":0.007299,"20":0.007299,"21":0.002433,"22":0.007299,"23":0.002433,"24":0.002433,"25":0.004866,"26":0.004866,"27":0.009732,"28":0.014598,"29":0.017031,"30":0.007299,"31":0.080289,"32":0.009732,"33":0.038928,"34":0.012165,"35":0.007299,"36":0.009732,"37":0.004866,"38":0.004866,"39":0.014598,"40":0.004866,"41":0.019464,"42":0.002433,"43":0.165444,"44":0.007299,"45":0.021897,"46":0.007299,"47":0.031629,"48":0.041361,"49":0.29196,"50":0.017031,"51":0.107052,"52":0.014598,"53":0.036495,"54":0.058392,"55":0.177609,"56":0.14598,"57":2.041287,"58":7.671249,"59":0.085155,"60":0.124083,"61":null},"firefox":{"2":null,"3":0.082722,"3.5":0.004866,"3.6":0.017031,"4":0.012165,"5":0.002433,"6":0.002433,"7":0.002433,"8":0.007299,"9":0.007299,"10":0.009732,"11":0.031629,"12":0.019464,"13":0.009732,"14":0.017031,"15":0.012165,"16":0.009732,"17":0.012165,"18":0.007299,"19":0.009732,"20":0.012165,"21":0.019464,"22":0.017031,"23":0.007299,"24":0.009732,"25":0.017031,"26":0.007299,"27":0.014598,"28":0.009732,"29":0.04866,"30":0.034062,"31":0.029196,"32":0.017031,"33":0.026763,"34":0.019464,"35":0.029196,"36":0.034062,"37":0.034062,"38":0.046227,"39":0.038928,"40":0.04866,"41":0.043794,"42":0.036495,"43":0.153279,"44":0.104619,"45":0.060825,"46":0.051093,"47":0.262764,"48":0.187341,"49":0.114351,"50":0.165444,"51":0.128949,"52":0.717735,"53":4.352637,"54":1.145943,"55":0.004866,"56":null},"opera":{"9":null,"9.5-9.6":0.002433,"10.0-10.1":0.002433,"10.5":null,"10.6":0.002433,"11":0.002433,"11.1":0.019464,"11.5":0.007299,"11.6":0.007299,"12":0.007299,"12.1":0.019464,"15":null,"16":null,"17":null,"18":null,"19":null,"20":null,"21":null,"22":null,"23":null,"24":null,"25":null,"26":null,"27":0.004866,"28":0.017031,"29":0.004866,"30":0.004866,"31":null,"32":0.002433,"33":0.002433,"34":null,"35":0.002433,"36":0.014598,"37":0.026763,"38":0.002433,"39":null,"40":0.014598,"41":0.004866,"42":0.038928,"43":0.165444,"44":0.209238,"45":0.2433,"46":null},"safari":{"3.1":null,"3.2":null,"4":0.009732,"5":0.002433,"5.1":0.007299,"6":0.004866,"6.1":null,"7":0.004866,"7.1":null,"8":0.009732,"9":0.017031,"9.1":0.017031,"10":0.029196,"10.1":0.063258,"0":null},"ios_saf":{"3.2":0,"4.0-4.1":0,"4.2-4.3":0,"5.0-5.1":0,"6.0-6.1":0,"7.0-7.1":0.0110682862341,"8":0,"8.1-8.4":0.0122980958156,"9.0-9.2":0.0568786931474,"9.3":0.0392514224783,"10.0-10.2":0.2401203208,"10.3":0.654361181524},"android":{"2.1":0,"2.2":0,"2.3":0,"3":0,"4":0,"4.1":0.299444900122,"4.2-4.3":0.881384989038,"4.4":2.20346247259,"4.4.3-4.4.4":1.25427863825,"56":null},"op_mob":{"10":0,"11":0,"11.1":0,"11.5":0,"12":0,"12.1":0,"0":0.079025654102},"ie":{"5.5":null,"6":0.0085785059761,"7":null,"8":0.311685717131,"9":0.0571900398406,"10":0.0800660557769,"11":0.260214681275},"edge":{"12":0.085155,"13":0.046227,"14":0.155712,"15":null},"bb":{"7":0.007567,"10":null},"samsung":{"4":1.566369,"5":null},"ie_mob":{"10":0.103445341176,"11":0.524615658824},"op_mini":{"0":17.7412593459},"and_chr":{"0":28.716854},"baidu":{"0":null},"and_ff":{"0":0.030268},"and_qq":{"1.2":null},"and_uc":{"0":21.634053}},"total":97.770531}