{"id":"BE","name":"Belgium","month":"2017-05","access_date":"2017-06-04","data":{"chrome":{"4":null,"5":null,"6":null,"7":null,"8":null,"9":null,"10":null,"11":null,"12":null,"13":null,"14":null,"15":null,"16":null,"17":null,"18":null,"19":null,"20":null,"21":null,"22":0.013102,"23":null,"24":null,"25":null,"26":null,"27":null,"28":null,"29":null,"30":null,"31":0.013102,"32":0.006551,"33":0.006551,"34":0.026204,"35":0.013102,"36":0.045857,"37":0.013102,"38":0.026204,"39":0.045857,"40":0.019653,"41":0.032755,"42":0.019653,"43":0.039306,"44":0.026204,"45":0.039306,"46":0.032755,"47":0.026204,"48":0.039306,"49":1.126772,"50":0.026204,"51":0.098265,"52":0.045857,"53":0.072061,"54":0.117918,"55":0.268591,"56":0.379958,"57":7.645017,"58":22.46993,"59":0.091714,"60":0.045857,"61":null},"firefox":{"2":null,"3":null,"3.5":null,"3.6":null,"4":null,"5":null,"6":null,"7":null,"8":null,"9":null,"10":null,"11":null,"12":null,"13":null,"14":null,"15":null,"16":0.006551,"17":null,"18":null,"19":null,"20":null,"21":null,"22":null,"23":0.013102,"24":0.006551,"25":null,"26":null,"27":null,"28":null,"29":null,"30":null,"31":0.019653,"32":0.006551,"33":0.006551,"34":0.006551,"35":0.013102,"36":0.019653,"37":0.013102,"38":0.032755,"39":0.013102,"40":0.019653,"41":0.013102,"42":0.019653,"43":0.026204,"44":0.013102,"45":0.32755,"46":0.013102,"47":0.091714,"48":0.26204,"49":0.058959,"50":0.104816,"51":0.117918,"52":0.707508,"53":6.885101,"54":0.06551,"55":null,"56":null},"opera":{"9":null,"9.5-9.6":null,"10.0-10.1":0,"10.5":null,"10.6":null,"11":null,"11.1":null,"11.5":null,"11.6":null,"12":null,"12.1":0.019653,"15":null,"16":null,"17":null,"18":null,"19":null,"20":null,"21":null,"22":null,"23":null,"24":null,"25":null,"26":null,"27":null,"28":null,"29":null,"30":null,"31":null,"32":null,"33":0.013102,"34":null,"35":null,"36":0.026204,"37":0.006551,"38":null,"39":null,"40":null,"41":null,"42":0.006551,"43":0.203081,"44":0.203081,"45":0.294795,"46":null},"safari":{"3.1":null,"3.2":null,"4":0.006551,"5":0.039306,"5.1":0.085163,"6":0.006551,"6.1":0.058959,"7":0.026204,"7.1":0.013102,"8":0.170326,"9":0.216183,"9.1":0.871283,"10":1.251241,"10.1":3.688213,"0":null},"ios_saf":{"3.2":0,"4.0-4.1":0,"4.2-4.3":0,"5.0-5.1":0,"6.0-6.1":0,"7.0-7.1":0.136778168587,"8":0,"8.1-8.4":0.151975742874,"9.0-9.2":0.702887810794,"9.3":0.485055912674,"10.0-10.2":2.96732637962,"10.3":8.08637598545},"android":{"2.1":0,"2.2":0,"2.3":0,"3":0,"4":0,"4.1":0.0412024969549,"4.2-4.3":0.121275274056,"4.4":0.30318818514,"4.4.3-4.4.4":0.172584043849,"56":null},"op_mob":{"10":0,"11":0,"11.1":0,"11.5":0,"12":0,"12.1":0,"0":0.000474279379157},"ie":{"5.5":null,"6":null,"7":0.0131447610966,"8":0.157737133159,"9":0.216888558094,"10":0.190599035901,"11":9.49051751175},"edge":{"12":0.045857,"13":0.229285,"14":4.513639,"15":null},"bb":{"7":0.008625,"10":null},"samsung":{"4":4.5333,"5":null},"ie_mob":{"10":0.0738705882353,"11":0.374629411765},"op_mini":{"0":0.106475720621},"and_chr":{"0":15.94923},"baidu":{"0":null},"and_ff":{"0":0.0345},"and_qq":{"1.2":null},"and_uc":{"0":0.09315}},"total":98.162747}