{"id":"BF","name":"Burkina Faso","month":"2017-05","access_date":"2017-06-04","data":{"chrome":{"4":null,"5":null,"6":null,"7":null,"8":null,"9":null,"10":0.001877,"11":0.063818,"12":0.001877,"13":0.003754,"14":null,"15":0.015016,"16":0.001877,"17":0.015016,"18":null,"19":null,"20":null,"21":null,"22":null,"23":null,"24":null,"25":0.003754,"26":0.007508,"27":0.007508,"28":0.031909,"29":0.013139,"30":0.007508,"31":0.020647,"32":0.009385,"33":0.003754,"34":0.013139,"35":0.003754,"36":0.030032,"37":0.003754,"38":0.007508,"39":0.005631,"40":0.007508,"41":0.003754,"42":0.013139,"43":0.043171,"44":0.001877,"45":0.003754,"46":0.009385,"47":0.001877,"48":0.003754,"49":0.334106,"50":0.013139,"51":0.011262,"52":0.020647,"53":0.013139,"54":0.015016,"55":0.414817,"56":0.088219,"57":1.191895,"58":3.830957,"59":0.048802,"60":0.005631,"61":null},"firefox":{"2":null,"3":0.679474,"3.5":0.009385,"3.6":0.007508,"4":0.005631,"5":0.001877,"6":0.001877,"7":0.003754,"8":0.009385,"9":0.022524,"10":0.005631,"11":0.007508,"12":0.020647,"13":0.024401,"14":0.011262,"15":0.009385,"16":0.015016,"17":0.007508,"18":0.011262,"19":0.001877,"20":0.028155,"21":0.013139,"22":0.003754,"23":0.005631,"24":0.022524,"25":0.011262,"26":0.007508,"27":0.020647,"28":0.011262,"29":0.030032,"30":0.033786,"31":0.030032,"32":0.015016,"33":0.024401,"34":0.030032,"35":0.031909,"36":0.015016,"37":0.016893,"38":0.022524,"39":0.024401,"40":0.165176,"41":0.035663,"42":0.028155,"43":0.185823,"44":0.063818,"45":0.052556,"46":0.01877,"47":0.332229,"48":0.317213,"49":0.071326,"50":0.118251,"51":0.061941,"52":0.630672,"53":5.306279,"54":0.1877,"55":null,"56":null},"opera":{"9":null,"9.5-9.6":null,"10.0-10.1":0,"10.5":null,"10.6":0.001877,"11":null,"11.1":null,"11.5":null,"11.6":0.003754,"12":null,"12.1":0.007508,"15":0.001877,"16":null,"17":null,"18":0.001877,"19":0.001877,"20":0.001877,"21":null,"22":null,"23":null,"24":0.001877,"25":0.003754,"26":null,"27":null,"28":null,"29":null,"30":0.005631,"31":null,"32":null,"33":null,"34":0.005631,"35":0.003754,"36":0.016893,"37":0.009385,"38":0.003754,"39":0.003754,"40":0.013139,"41":0.003754,"42":0.063818,"43":0.30032,"44":0.217732,"45":0.202716,"46":null},"safari":{"3.1":null,"3.2":null,"4":0.009385,"5":null,"5.1":0.078834,"6":null,"6.1":null,"7":0.011262,"7.1":0.003754,"8":0.003754,"9":0.095727,"9.1":0.088219,"10":0.080711,"10.1":0.101358,"0":null},"ios_saf":{"3.2":0,"4.0-4.1":0,"4.2-4.3":0,"5.0-5.1":0,"6.0-6.1":0,"7.0-7.1":0.0120588865979,"8":0,"8.1-8.4":0.0133987628866,"9.0-9.2":0.0619692783505,"9.3":0.0427643848797,"10.0-10.2":0.261610845361,"10.3":0.712925841924},"android":{"2.1":0,"2.2":0,"2.3":0,"3":0,"4":0,"4.1":0.322495962241,"4.2-4.3":0.949233398295,"4.4":2.37308349574,"4.4.3-4.4.4":1.35083214373,"56":null},"op_mob":{"10":0,"11":0,"11.1":0,"11.5":0,"12":0,"12.1":0,"0":0.11188486918},"ie":{"5.5":null,"6":0.007508,"7":0.003754,"8":0.253395,"9":0.020647,"10":0.133267,"11":1.073644},"edge":{"12":0.146406,"13":0.07508,"14":0.180192,"15":null},"bb":{"7":0.04670725,"10":null},"samsung":{"4":1.031621,"5":null},"ie_mob":{"10":0.0802743529412,"11":0.407105647059},"op_mini":{"0":25.1181531308},"and_chr":{"0":24.492267},"baidu":{"0":null},"and_ff":{"0":0.056861},"and_qq":{"1.2":null},"and_uc":{"0":23.134304}},"total":99.00042925}