{"id":"BG","name":"Bulgaria","month":"2017-05","access_date":"2017-06-04","data":{"chrome":{"4":null,"5":null,"6":null,"7":null,"8":null,"9":null,"10":null,"11":0.01318,"12":null,"13":null,"14":null,"15":null,"16":0.05272,"17":null,"18":0.00659,"19":0.00659,"20":null,"21":null,"22":0.01977,"23":null,"24":null,"25":null,"26":0.03954,"27":null,"28":null,"29":0.01318,"30":0.00659,"31":0.01977,"32":null,"33":null,"34":0.09885,"35":0.05272,"36":0.01318,"37":0.01318,"38":0.02636,"39":0.01977,"40":0.01318,"41":0.07249,"42":0.00659,"43":0.12521,"44":0.01977,"45":0.01977,"46":0.02636,"47":0.09226,"48":0.05931,"49":3.2291,"50":0.05272,"51":0.2636,"52":0.08567,"53":0.15816,"54":0.20429,"55":0.36904,"56":0.7908,"57":7.74984,"58":25.41763,"59":0.07908,"60":0.05272,"61":null},"firefox":{"2":null,"3":0.00659,"3.5":null,"3.6":0.01977,"4":null,"5":null,"6":null,"7":null,"8":null,"9":null,"10":0.01318,"11":0.01318,"12":0.01318,"13":null,"14":null,"15":null,"16":null,"17":null,"18":0.00659,"19":null,"20":0.00659,"21":null,"22":null,"23":0.00659,"24":0.01318,"25":null,"26":null,"27":null,"28":0.00659,"29":null,"30":0.01318,"31":0.01977,"32":0.01318,"33":0.01318,"34":0.01977,"35":0.01318,"36":0.09885,"37":0.01977,"38":0.07249,"39":0.03295,"40":0.01977,"41":0.03954,"42":0.03954,"43":0.10544,"44":0.02636,"45":0.23065,"46":0.04613,"47":0.2636,"48":0.40199,"49":0.2636,"50":0.22406,"51":0.2636,"52":2.45807,"53":9.97726,"54":0.14498,"55":0.00659,"56":null},"opera":{"9":null,"9.5-9.6":null,"10.0-10.1":0,"10.5":null,"10.6":null,"11":null,"11.1":null,"11.5":null,"11.6":null,"12":null,"12.1":0.15816,"15":null,"16":null,"17":null,"18":null,"19":null,"20":null,"21":null,"22":null,"23":null,"24":null,"25":null,"26":null,"27":null,"28":null,"29":null,"30":0.00659,"31":null,"32":null,"33":null,"34":null,"35":null,"36":0.17134,"37":null,"38":0.01318,"39":null,"40":0.01977,"41":0.01318,"42":0.02636,"43":0.61946,"44":0.54697,"45":0.71172,"46":0.00659},"safari":{"3.1":null,"3.2":null,"4":0.00659,"5":null,"5.1":0.01977,"6":null,"6.1":0.00659,"7":null,"7.1":null,"8":0.01977,"9":0.08567,"9.1":0.04613,"10":0.09885,"10.1":0.4613,"0":null},"ios_saf":{"3.2":0,"4.0-4.1":0,"4.2-4.3":0,"5.0-5.1":0,"6.0-6.1":0,"7.0-7.1":0.0461559733172,"8":0,"8.1-8.4":0.0512844147968,"9.0-9.2":0.237190418435,"9.3":0.163682757227,"10.0-10.2":1.00132819891,"10.3":2.72875823732},"android":{"2.1":0,"2.2":0,"2.3":0,"3":0,"4":0,"4.1":0.119752886724,"4.2-4.3":0.352480194884,"4.4":0.881200487211,"4.4.3-4.4.4":0.501606431181,"56":null},"op_mob":{"10":0,"11":0,"11.1":0,"11.5":0,"12":0,"12.1":0,"0":0.00146682926829},"ie":{"5.5":null,"6":null,"7":0.00669582481752,"8":0.301312116788,"9":0.200874744526,"10":0.234353868613,"11":3.84340344526},"edge":{"12":0.08567,"13":0.11203,"14":0.88965,"15":null},"bb":{"7":0.0076725,"10":null},"samsung":{"4":2.17558,"5":null},"ie_mob":{"10":0.0769456470588,"11":0.390224352941},"op_mini":{"0":0.329303170732},"and_chr":{"0":25.00602},"baidu":{"0":null},"and_ff":{"0":0.02046},"and_qq":{"1.2":null},"and_uc":{"0":0.26939}},"total":97.2950025}