{"id":"BH","name":"Bahrain","month":"2017-05","access_date":"2017-06-04","data":{"chrome":{"4":null,"5":null,"6":null,"7":null,"8":null,"9":null,"10":null,"11":null,"12":null,"13":null,"14":null,"15":null,"16":null,"17":null,"18":0.003777,"19":0.003777,"20":0.007554,"21":0.022662,"22":0.007554,"23":null,"24":0.015108,"25":0.007554,"26":null,"27":0.003777,"28":0.007554,"29":0.007554,"30":0.015108,"31":0.030216,"32":0.026439,"33":0.049101,"34":0.018885,"35":0.007554,"36":0.083094,"37":0.003777,"38":0.033993,"39":0.022662,"40":0.007554,"41":0.007554,"42":null,"43":0.109533,"44":0.022662,"45":0.015108,"46":0.026439,"47":0.018885,"48":0.022662,"49":0.770508,"50":0.007554,"51":0.041547,"52":0.045324,"53":0.026439,"54":0.060432,"55":0.298383,"56":0.441909,"57":5.163159,"58":16.584807,"59":0.079317,"60":0.109533,"61":null},"firefox":{"2":null,"3":null,"3.5":null,"3.6":0.003777,"4":null,"5":null,"6":0.007554,"7":null,"8":null,"9":null,"10":null,"11":null,"12":0.003777,"13":null,"14":0.007554,"15":null,"16":null,"17":null,"18":null,"19":null,"20":null,"21":null,"22":null,"23":null,"24":null,"25":null,"26":null,"27":null,"28":null,"29":null,"30":null,"31":0.007554,"32":null,"33":null,"34":0.003777,"35":null,"36":0.003777,"37":null,"38":0.007554,"39":0.007554,"40":null,"41":0.011331,"42":null,"43":0.011331,"44":0.011331,"45":0.015108,"46":0.007554,"47":0.033993,"48":0.234174,"49":0.045324,"50":0.045324,"51":0.049101,"52":0.253059,"53":2.356848,"54":0.083094,"55":null,"56":null},"opera":{"9":null,"9.5-9.6":null,"10.0-10.1":0,"10.5":null,"10.6":null,"11":null,"11.1":null,"11.5":null,"11.6":null,"12":null,"12.1":0.007554,"15":null,"16":null,"17":null,"18":null,"19":null,"20":null,"21":null,"22":null,"23":null,"24":null,"25":null,"26":null,"27":null,"28":null,"29":null,"30":null,"31":null,"32":null,"33":null,"34":null,"35":null,"36":0.007554,"37":null,"38":null,"39":null,"40":0.003777,"41":0.030216,"42":0.018885,"43":0.083094,"44":0.060432,"45":0.033993,"46":null},"safari":{"3.1":null,"3.2":null,"4":0,"5":0.007554,"5.1":0.022662,"6":0.045324,"6.1":0.018885,"7":0.026439,"7.1":0.007554,"8":0.207735,"9":0.207735,"9.1":0.509895,"10":0.827163,"10.1":1.669434,"0":null},"ios_saf":{"3.2":0,"4.0-4.1":0,"4.2-4.3":0,"5.0-5.1":0,"6.0-6.1":0,"7.0-7.1":0.116089706489,"8":0,"8.1-8.4":0.128988562765,"9.0-9.2":0.59657210279,"9.3":0.411688496159,"10.0-10.2":2.51850168799,"10.3":6.8632664438},"android":{"2.1":0,"2.2":0,"2.3":0,"3":0,"4":0,"4.1":0.112082218027,"4.2-4.3":0.329902377588,"4.4":0.824755943971,"4.4.3-4.4.4":0.469476460414,"56":null},"op_mob":{"10":0,"11":0,"11.1":0,"11.5":0,"12":0,"12.1":0,"0":0.00877567184035},"ie":{"5.5":null,"6":null,"7":null,"8":0.189022308394,"9":0.166339631387,"10":0.105852492701,"11":3.68215456752},"edge":{"12":0.079317,"13":0.169965,"14":1.072668,"15":null},"bb":{"7":0.01089025,"10":null},"samsung":{"4":6.110986,"5":null},"ie_mob":{"10":0.0194743294118,"11":0.0987626705882},"op_mini":{"0":1.97013832816},"and_chr":{"0":26.402753},"baidu":{"0":null},"and_ff":{"0":0.012446},"and_qq":{"1.2":null},"and_uc":{"0":15.30858}},"total":99.02279325}