{"id":"BI","name":"Burundi","month":"2017-05","access_date":"2017-06-04","data":{"chrome":{"4":null,"5":null,"6":null,"7":null,"8":0.009608,"9":0.003603,"10":null,"11":0.007206,"12":null,"13":0.002402,"14":0.002402,"15":0.006005,"16":0.004804,"17":null,"18":null,"19":null,"20":0.002402,"21":null,"22":null,"23":null,"24":null,"25":0.01201,"26":0.004804,"27":0.001201,"28":0.002402,"29":null,"30":0.003603,"31":0.008407,"32":0.002402,"33":0.026422,"34":null,"35":0.002402,"36":null,"37":0.002402,"38":0.001201,"39":null,"40":null,"41":null,"42":0.006005,"43":0.103286,"44":0.008407,"45":0.013211,"46":0.008407,"47":0.008407,"48":0.001201,"49":0.063653,"50":0.006005,"51":0.003603,"52":0.015613,"53":0.020417,"54":0.007206,"55":0.092477,"56":0.058849,"57":1.066488,"58":2.883601,"59":0.013211,"60":0.019216,"61":null},"firefox":{"2":0.003603,"3":0.135713,"3.5":0.003603,"3.6":0.031226,"4":0.003603,"5":null,"6":0.006005,"7":0.013211,"8":0.001201,"9":null,"10":0.01201,"11":0.019216,"12":0.007206,"13":null,"14":0.01201,"15":null,"16":0.007206,"17":null,"18":0.008407,"19":0.004804,"20":0.006005,"21":0.006005,"22":0.002402,"23":0.02402,"24":0.014412,"25":0.004804,"26":0.004804,"27":0.001201,"28":0.006005,"29":0.018015,"30":0.022819,"31":0.086472,"32":0.013211,"33":0.025221,"34":0.003603,"35":0.018015,"36":0.010809,"37":0.026422,"38":0.027623,"39":0.026422,"40":0.007206,"41":0.014412,"42":0.01201,"43":0.073261,"44":0.019216,"45":0.061251,"46":0.025221,"47":0.258215,"48":0.043236,"49":0.052844,"50":0.040834,"51":0.016814,"52":0.260617,"53":2.845169,"54":0.270225,"55":0.001201,"56":null},"opera":{"9":null,"9.5-9.6":null,"10.0-10.1":0.006005,"10.5":null,"10.6":0.001201,"11":0.003603,"11.1":null,"11.5":null,"11.6":0.009608,"12":0.004804,"12.1":0.014412,"15":null,"16":null,"17":0.001201,"18":null,"19":null,"20":0.002402,"21":0.003603,"22":null,"23":null,"24":null,"25":null,"26":null,"27":0.001201,"28":null,"29":null,"30":0.001201,"31":null,"32":null,"33":0.002402,"34":null,"35":null,"36":0.004804,"37":0.031226,"38":null,"39":null,"40":0.003603,"41":0.006005,"42":0.022819,"43":0.126105,"44":0.177748,"45":0.154929,"46":null},"safari":{"3.1":null,"3.2":null,"4":0,"5":null,"5.1":0.006005,"6":null,"6.1":null,"7":0.003603,"7.1":null,"8":0.016814,"9":0.016814,"9.1":0.075663,"10":0.064854,"10.1":0.063653,"0":null},"ios_saf":{"3.2":0,"4.0-4.1":0,"4.2-4.3":0,"5.0-5.1":0,"6.0-6.1":0,"7.0-7.1":0.00825912916919,"8":0,"8.1-8.4":0.00917681018799,"9.0-9.2":0.0424427471195,"9.3":0.0292893191833,"10.0-10.2":0.179177218921,"10.3":0.488282775419},"android":{"2.1":0,"2.2":0,"2.3":0,"3":0,"4":0,"4.1":0.203329174178,"4.2-4.3":0.598478323995,"4.4":1.49619580999,"4.4.3-4.4.4":0.851680691839,"56":null},"op_mob":{"10":0,"11":0,"11.1":0,"11.5":0,"12":0,"12.1":0,"0":0.290743662971},"ie":{"5.5":null,"6":0.00361627886978,"7":0.00361627886978,"8":0.183224796069,"9":0.0675038722359,"10":0.106077513514,"11":0.617178260442},"edge":{"12":0.057648,"13":0.103286,"14":0.154929,"15":null},"bb":{"7":0.0373915,"10":null},"samsung":{"4":0.765426,"5":null},"ie_mob":{"10":0.0985376,"11":0.4997264},"op_mini":{"0":65.271952337},"and_chr":{"0":12.068008},"baidu":{"0":null},"and_ff":{"0":0.017596},"and_qq":{"1.2":null},"and_uc":{"0":4.53097}},"total":98.7340285}