{"id":"BJ","name":"Benin","month":"2017-05","access_date":"2017-06-04","data":{"chrome":{"4":null,"5":null,"6":0.00352,"7":null,"8":null,"9":null,"10":0.00704,"11":0.02112,"12":0.01056,"13":0.00704,"14":0.01408,"15":0.01408,"16":0.00704,"17":null,"18":0.00352,"19":0.02816,"20":null,"21":null,"22":0.0176,"23":0.0176,"24":0.00352,"25":0.01056,"26":0.03872,"27":0.01408,"28":0.02464,"29":0.0704,"30":0.03872,"31":0.02816,"32":0.01408,"33":0.0528,"34":0.02112,"35":0.01408,"36":0.02464,"37":0.00704,"38":0.0176,"39":0.0352,"40":0.0176,"41":0.00704,"42":0.07392,"43":0.46112,"44":0.0352,"45":0.0704,"46":0.04576,"47":0.1056,"48":0.09504,"49":1.17216,"50":0.02816,"51":0.16896,"52":0.0352,"53":0.11616,"54":0.13728,"55":0.43648,"56":0.34848,"57":3.82272,"58":12.65792,"59":0.06336,"60":0.05632,"61":null},"firefox":{"2":0.00704,"3":0.10912,"3.5":0.00352,"3.6":0.01056,"4":0.01056,"5":0.00352,"6":null,"7":0.01408,"8":null,"9":null,"10":0.00704,"11":0.08096,"12":0.01056,"13":0.00352,"14":0.01408,"15":0.02112,"16":0.01056,"17":0.00352,"18":0.0528,"19":0.0528,"20":0.01056,"21":0.01056,"22":0.00352,"23":0.01408,"24":0.02464,"25":0.0176,"26":0.01056,"27":0.01408,"28":0.01056,"29":0.0352,"30":0.04928,"31":0.02112,"32":0.01408,"33":0.03168,"34":0.00352,"35":0.11616,"36":0.0352,"37":0.02816,"38":0.09504,"39":0.04224,"40":0.04576,"41":0.15136,"42":0.04928,"43":0.2816,"44":0.07392,"45":0.17952,"46":0.04576,"47":0.34144,"48":0.11968,"49":0.16544,"50":0.08448,"51":0.17248,"52":0.7392,"53":5.79392,"54":0.36256,"55":null,"56":null},"opera":{"9":null,"9.5-9.6":null,"10.0-10.1":0,"10.5":null,"10.6":null,"11":null,"11.1":null,"11.5":0.00704,"11.6":0.01056,"12":0.00704,"12.1":0.01408,"15":null,"16":null,"17":0.00352,"18":null,"19":0.01056,"20":0.00704,"21":null,"22":null,"23":null,"24":0.01056,"25":null,"26":null,"27":null,"28":0.00352,"29":null,"30":null,"31":null,"32":null,"33":null,"34":0.00704,"35":null,"36":0.03872,"37":0.01408,"38":null,"39":null,"40":0.0352,"41":0.02112,"42":0.21824,"43":0.43296,"44":0.32384,"45":0.48224,"46":null},"safari":{"3.1":null,"3.2":null,"4":0,"5":0.00352,"5.1":0.0176,"6":null,"6.1":null,"7":null,"7.1":0.01056,"8":0.09152,"9":0.1408,"9.1":0.088,"10":0.22528,"10.1":0.35904,"0":null},"ios_saf":{"3.2":0,"4.0-4.1":0,"4.2-4.3":0,"5.0-5.1":0,"6.0-6.1":0,"7.0-7.1":0.0175419769557,"8":0,"8.1-8.4":0.0194910855064,"9.0-9.2":0.0901462704669,"9.3":0.0622090479078,"10.0-10.2":0.380563444512,"10.3":1.03708817465},"android":{"2.1":0,"2.2":0,"2.3":0,"3":0,"4":0,"4.1":0.21459771011,"4.2-4.3":0.631646090134,"4.4":1.57911522533,"4.4.3-4.4.4":0.898880974421,"56":null},"op_mob":{"10":0,"11":0,"11.1":0,"11.5":0,"12":0,"12.1":0,"0":0.120346962306},"ie":{"5.5":null,"6":0.0217020472441,"7":0.0144680314961,"8":0.155531338583,"9":0.0217020472441,"10":0.0904251968504,"11":0.614891338583},"edge":{"12":0.07744,"13":0.05632,"14":0.264,"15":null},"bb":{"7":0.04698,"10":null},"samsung":{"4":1.1664,"5":null},"ie_mob":{"10":0.18144,"11":0.92016},"op_mini":{"0":27.0178930377},"and_chr":{"0":19.76568},"baidu":{"0":null},"and_ff":{"0":0.03888},"and_qq":{"1.2":null},"and_uc":{"0":10.28376}},"total":98.50418}