{"id":"BM","name":"Bermuda","month":"2017-05","access_date":"2017-06-04","data":{"chrome":{"4":null,"5":null,"6":null,"7":null,"8":null,"9":null,"10":null,"11":0.023148,"12":null,"13":null,"14":null,"15":null,"16":null,"17":null,"18":null,"19":null,"20":null,"21":null,"22":null,"23":null,"24":null,"25":null,"26":null,"27":null,"28":null,"29":null,"30":null,"31":null,"32":0.030864,"33":null,"34":0.015432,"35":0.007716,"36":0.030864,"37":null,"38":0.023148,"39":0.100308,"40":null,"41":null,"42":0.023148,"43":0.03858,"44":0.007716,"45":0.023148,"46":0.054012,"47":0.046296,"48":0.069444,"49":1.304004,"50":0.046296,"51":0.084876,"52":0.023148,"53":0.015432,"54":0.015432,"55":0.177468,"56":0.216048,"57":8.479884,"58":24.544596,"59":0.015432,"60":0.030864,"61":null},"firefox":{"2":null,"3":null,"3.5":0.007716,"3.6":null,"4":null,"5":null,"6":null,"7":null,"8":null,"9":null,"10":null,"11":null,"12":null,"13":null,"14":null,"15":null,"16":null,"17":null,"18":null,"19":null,"20":null,"21":null,"22":null,"23":null,"24":null,"25":null,"26":0.007716,"27":null,"28":null,"29":null,"30":null,"31":null,"32":null,"33":null,"34":null,"35":null,"36":null,"37":null,"38":0.015432,"39":null,"40":0.03858,"41":0.061728,"42":null,"43":0.023148,"44":null,"45":0.015432,"46":null,"47":0.015432,"48":0.15432,"49":0.007716,"50":0.069444,"51":0.046296,"52":0.671292,"53":4.074048,"54":0.046296,"55":null,"56":null},"opera":{"9":null,"9.5-9.6":null,"10.0-10.1":0,"10.5":null,"10.6":null,"11":null,"11.1":null,"11.5":null,"11.6":null,"12":null,"12.1":null,"15":null,"16":null,"17":null,"18":null,"19":null,"20":null,"21":null,"22":null,"23":null,"24":null,"25":null,"26":null,"27":null,"28":null,"29":null,"30":null,"31":null,"32":null,"33":null,"34":null,"35":null,"36":null,"37":null,"38":null,"39":null,"40":null,"41":null,"42":null,"43":0.030864,"44":0.046296,"45":0.061728,"46":null},"safari":{"3.1":null,"3.2":null,"4":0.015432,"5":0.069444,"5.1":0.162036,"6":0.100308,"6.1":0.162036,"7":0.069444,"7.1":0.007716,"8":0.216048,"9":0.123456,"9.1":0.979932,"10":0.941352,"10.1":4.158924,"0":null},"ios_saf":{"3.2":0,"4.0-4.1":0,"4.2-4.3":0,"5.0-5.1":0,"6.0-6.1":0,"7.0-7.1":0.115832456034,"8":0,"8.1-8.4":0.128702728927,"9.0-9.2":0.595250121286,"9.3":0.410776209824,"10.0-10.2":2.51292078229,"10.3":6.84805770164},"android":{"2.1":0,"2.2":0,"2.3":0,"3":0,"4":0,"4.1":0.0262566260658,"4.2-4.3":0.0772836540804,"4.4":0.193209135201,"4.4.3-4.4.4":0.109980584653,"56":null},"op_mob":{"10":0,"11":0,"11.1":0,"11.5":0,"12":0,"12.1":0,"0":0.000739711751663},"ie":{"5.5":null,"6":0.007716,"7":0.007716,"8":0.200616,"9":0.717588,"10":0.856476,"11":21.365604},"edge":{"12":0.069444,"13":0.447528,"14":4.760772,"15":null},"bb":{"7":0.15480875,"10":null},"samsung":{"4":4.074155,"5":null},"ie_mob":{"10":0.0139250588235,"11":0.0706199411765},"op_mini":{"0":0.166065288248},"and_chr":{"0":6.850761},"baidu":{"0":null},"and_ff":{"0":0.00914},"and_qq":{"1.2":null},"and_uc":{"0":0.070835}},"total":98.70969575}