{"id":"BN","name":"Brunei Darussalam","month":"2017-05","access_date":"2017-06-04","data":{"chrome":{"4":null,"5":null,"6":null,"7":null,"8":null,"9":null,"10":null,"11":0.01728,"12":null,"13":null,"14":null,"15":null,"16":null,"17":null,"18":0.013824,"19":null,"20":null,"21":0.006912,"22":0.013824,"23":null,"24":null,"25":null,"26":null,"27":0.010368,"28":0.006912,"29":null,"30":null,"31":0.031104,"32":null,"33":0.124416,"34":0.006912,"35":null,"36":0.255744,"37":0.006912,"38":0.006912,"39":0.006912,"40":0.003456,"41":0.006912,"42":0.024192,"43":0.048384,"44":0.013824,"45":0.010368,"46":0.01728,"47":0.044928,"48":0.100224,"49":0.867456,"50":0.01728,"51":0.03456,"52":0.01728,"53":0.027648,"54":0.031104,"55":0.238464,"56":0.169344,"57":5.073408,"58":15.095808,"59":0.027648,"60":0.072576,"61":null},"firefox":{"2":null,"3":0.006912,"3.5":null,"3.6":0.013824,"4":null,"5":0.003456,"6":0.003456,"7":null,"8":null,"9":0.01728,"10":0.013824,"11":0.003456,"12":0.006912,"13":0.020736,"14":null,"15":null,"16":0.020736,"17":null,"18":null,"19":null,"20":null,"21":null,"22":null,"23":null,"24":null,"25":null,"26":null,"27":null,"28":0.010368,"29":0.020736,"30":0.003456,"31":0.03456,"32":0.079488,"33":0.006912,"34":0.020736,"35":0.010368,"36":0.006912,"37":0.006912,"38":0.013824,"39":0.010368,"40":0.055296,"41":0.013824,"42":0.006912,"43":0.100224,"44":0.05184,"45":0.038016,"46":0.065664,"47":0.089856,"48":0.179712,"49":0.048384,"50":0.062208,"51":0.107136,"52":0.442368,"53":3.566592,"54":0.425088,"55":null,"56":null},"opera":{"9":null,"9.5-9.6":null,"10.0-10.1":0,"10.5":null,"10.6":null,"11":null,"11.1":null,"11.5":null,"11.6":null,"12":null,"12.1":0.01728,"15":null,"16":null,"17":null,"18":null,"19":null,"20":null,"21":null,"22":null,"23":null,"24":null,"25":null,"26":null,"27":null,"28":null,"29":null,"30":null,"31":null,"32":0.006912,"33":null,"34":null,"35":null,"36":0.010368,"37":0.013824,"38":null,"39":null,"40":null,"41":null,"42":0.003456,"43":0.12096,"44":0.062208,"45":0.179712,"46":0.020736},"safari":{"3.1":null,"3.2":null,"4":0,"5":0.031104,"5.1":0.065664,"6":0.006912,"6.1":0.020736,"7":0.010368,"7.1":null,"8":0.110592,"9":0.117504,"9.1":0.297216,"10":0.653184,"10.1":1.296,"0":null},"ios_saf":{"3.2":0,"4.0-4.1":0,"4.2-4.3":0,"5.0-5.1":0,"6.0-6.1":0,"7.0-7.1":0.125863859309,"8":0,"8.1-8.4":0.139848732565,"9.0-9.2":0.646800388114,"9.3":0.446350538104,"10.0-10.2":2.73054650334,"10.3":7.44111797857},"android":{"2.1":0,"2.2":0,"2.3":0,"3":0,"4":0,"4.1":0.24882344458,"4.2-4.3":0.73238598782,"4.4":1.83096496955,"4.4.3-4.4.4":1.04224159805,"56":null},"op_mob":{"10":0,"11":0,"11.1":0,"11.5":0,"12":0,"12.1":0,"0":0.0509880620843},"ie":{"5.5":null,"6":null,"7":null,"8":0.076032,"9":0.186624,"10":0.06912,"11":1.392768},"edge":{"12":0.020736,"13":0.031104,"14":0.594432,"15":null},"bb":{"7":0.022904,"10":null},"samsung":{"4":5.26792,"5":null},"ie_mob":{"10":0.00646701176471,"11":0.0327969882353},"op_mini":{"0":11.4468199379},"and_chr":{"0":24.423472},"baidu":{"0":null},"and_ff":{"0":0.026176},"and_qq":{"1.2":null},"and_uc":{"0":8.657712}},"total":98.77428}