{"id":"BO","name":"Bolivia","month":"2017-05","access_date":"2017-06-04","data":{"chrome":{"4":null,"5":null,"6":null,"7":null,"8":0.004401,"9":null,"10":null,"11":0.030807,"12":null,"13":0.004401,"14":null,"15":null,"16":null,"17":null,"18":0.013203,"19":null,"20":null,"21":0.004401,"22":0.017604,"23":0.017604,"24":0.008802,"25":0.026406,"26":0.026406,"27":0.004401,"28":0.004401,"29":0.017604,"30":0.008802,"31":0.04401,"32":0.008802,"33":0.035208,"34":0.017604,"35":0.013203,"36":0.052812,"37":0.013203,"38":0.08802,"39":0.030807,"40":0.013203,"41":0.026406,"42":0.013203,"43":0.061614,"44":0.061614,"45":0.052812,"46":0.052812,"47":0.057213,"48":0.04401,"49":1.645974,"50":0.066015,"51":0.118827,"52":0.123228,"53":0.110025,"54":0.162837,"55":0.356481,"56":0.585333,"57":6.271425,"58":19.593252,"59":0.057213,"60":0.022005,"61":null},"firefox":{"2":null,"3":0.039609,"3.5":0.008802,"3.6":0.026406,"4":0.004401,"5":null,"6":null,"7":null,"8":0.008802,"9":null,"10":null,"11":0.004401,"12":0.017604,"13":null,"14":null,"15":0.004401,"16":0.013203,"17":0.026406,"18":0.004401,"19":0.004401,"20":0.008802,"21":0.017604,"22":0.008802,"23":0.004401,"24":0.008802,"25":0.008802,"26":0.008802,"27":0.008802,"28":0.013203,"29":0.013203,"30":0.022005,"31":0.013203,"32":0.017604,"33":0.026406,"34":0.035208,"35":0.039609,"36":0.017604,"37":0.048411,"38":0.052812,"39":0.052812,"40":0.030807,"41":0.030807,"42":0.066015,"43":0.211248,"44":0.030807,"45":0.123228,"46":0.04401,"47":0.299268,"48":0.426897,"49":0.123228,"50":0.242055,"51":0.167238,"52":0.717363,"53":5.752107,"54":0.074817,"55":null,"56":null},"opera":{"9":null,"9.5-9.6":null,"10.0-10.1":0,"10.5":null,"10.6":null,"11":null,"11.1":null,"11.5":null,"11.6":null,"12":null,"12.1":0.013203,"15":null,"16":null,"17":null,"18":null,"19":null,"20":null,"21":null,"22":null,"23":null,"24":null,"25":null,"26":null,"27":null,"28":0.013203,"29":null,"30":null,"31":null,"32":null,"33":null,"34":null,"35":null,"36":0.026406,"37":null,"38":null,"39":null,"40":0.004401,"41":null,"42":0.026406,"43":0.184842,"44":0.180441,"45":0.303669,"46":null},"safari":{"3.1":null,"3.2":null,"4":0,"5":0.013203,"5.1":0.035208,"6":0.008802,"6.1":0.013203,"7":0.004401,"7.1":null,"8":0.158436,"9":0.118827,"9.1":0.330075,"10":0.316872,"10.1":0.550125,"0":null},"ios_saf":{"3.2":0,"4.0-4.1":0,"4.2-4.3":0,"5.0-5.1":0,"6.0-6.1":0,"7.0-7.1":0.0234731352335,"8":0,"8.1-8.4":0.0260812613705,"9.0-9.2":0.120625833839,"9.3":0.0832426925409,"10.0-10.2":0.50923662826,"10.3":1.38774044876},"android":{"2.1":0,"2.2":0,"2.3":0,"3":0,"4":0,"4.1":0.312344945189,"4.2-4.3":0.919354933009,"4.4":2.29838733252,"4.4.3-4.4.4":1.30831278928,"56":null},"op_mob":{"10":0,"11":0,"11.1":0,"11.5":0,"12":0,"12.1":0,"0":0.0145525498891},"ie":{"5.5":null,"6":null,"7":null,"8":0.240909534247,"9":0.0981483287671,"10":0.133838630137,"11":0.829799506849},"edge":{"12":0.04401,"13":0.08802,"14":0.290466,"15":null},"bb":{"7":0.0056,"10":null},"samsung":{"4":6.5352,"5":null},"ie_mob":{"10":0.0581082352941,"11":0.294691764706},"op_mini":{"0":3.26704745011},"and_chr":{"0":36.281708},"baidu":{"0":null},"and_ff":{"0":0.028},"and_qq":{"1.2":null},"and_uc":{"0":2.7496}},"total":99.168266}