{"id":"BR","name":"Brazil","month":"2017-05","access_date":"2017-06-04","data":{"chrome":{"4":null,"5":null,"6":null,"7":null,"8":null,"9":null,"10":null,"11":null,"12":null,"13":null,"14":null,"15":null,"16":null,"17":null,"18":null,"19":null,"20":null,"21":null,"22":0.027796,"23":null,"24":null,"25":null,"26":0.013898,"27":null,"28":null,"29":0.013898,"30":null,"31":0.013898,"32":0.006949,"33":0.006949,"34":0.027796,"35":0.013898,"36":1.605219,"37":0.020847,"38":0.020847,"39":0.020847,"40":0.020847,"41":0.027796,"42":0.013898,"43":0.145929,"44":0.041694,"45":0.027796,"46":0.048643,"47":0.041694,"48":0.055592,"49":1.077095,"50":0.048643,"51":0.382195,"52":0.083388,"53":0.118133,"54":0.222368,"55":0.41694,"56":0.604563,"57":11.153145,"58":38.421021,"59":0.215419,"60":0.13898,"61":null},"firefox":{"2":null,"3":0.013898,"3.5":null,"3.6":0.006949,"4":null,"5":null,"6":null,"7":null,"8":null,"9":null,"10":null,"11":null,"12":null,"13":null,"14":null,"15":null,"16":null,"17":null,"18":null,"19":null,"20":0.006949,"21":0.006949,"22":null,"23":null,"24":null,"25":null,"26":null,"27":null,"28":null,"29":null,"30":0.006949,"31":0.027796,"32":null,"33":0.013898,"34":null,"35":0.006949,"36":null,"37":0.013898,"38":0.041694,"39":0.013898,"40":0.013898,"41":0.020847,"42":0.013898,"43":0.048643,"44":0.013898,"45":0.125082,"46":0.020847,"47":0.125082,"48":0.111184,"49":0.055592,"50":0.111184,"51":0.097286,"52":0.736594,"53":4.760065,"54":0.048643,"55":null,"56":null},"opera":{"9":null,"9.5-9.6":null,"10.0-10.1":0,"10.5":null,"10.6":null,"11":null,"11.1":null,"11.5":null,"11.6":null,"12":null,"12.1":0.020847,"15":null,"16":null,"17":null,"18":null,"19":null,"20":null,"21":null,"22":null,"23":null,"24":null,"25":null,"26":null,"27":null,"28":0.006949,"29":null,"30":null,"31":null,"32":null,"33":null,"34":null,"35":null,"36":0.006949,"37":null,"38":null,"39":null,"40":null,"41":null,"42":0.020847,"43":0.229317,"44":0.298807,"45":0.430838,"46":0.006949},"safari":{"3.1":null,"3.2":null,"4":0.013898,"5":null,"5.1":0.013898,"6":null,"6.1":0.013898,"7":null,"7.1":null,"8":0.034745,"9":0.048643,"9.1":0.166776,"10":0.264062,"10.1":0.826931,"0":null},"ios_saf":{"3.2":0,"4.0-4.1":0,"4.2-4.3":0,"5.0-5.1":0,"6.0-6.1":0,"7.0-7.1":0.0349690115221,"8":0,"8.1-8.4":0.0388544572468,"9.0-9.2":0.179701864767,"9.3":0.124010476046,"10.0-10.2":0.758633277744,"10.3":2.06738091267},"android":{"2.1":0,"2.2":0,"2.3":0,"3":0,"4":0,"4.1":0.11502381486,"4.2-4.3":0.338560662607,"4.4":0.846401656516,"4.4.3-4.4.4":0.481797866017,"56":null},"op_mob":{"10":0,"11":0,"11.1":0,"11.5":0,"12":0,"12.1":0,"0":0.00346366297118},"ie":{"5.5":null,"6":0.00736232342007,"7":null,"8":0.272405966543,"9":0.154608791822,"10":0.125159498141,"11":1.42092842007},"edge":{"12":0.055592,"13":0.090337,"14":0.924217,"15":null},"bb":{"7":0.003051,"10":null},"samsung":{"4":1.80009,"5":null},"ie_mob":{"10":0.0984934588235,"11":0.499502541176},"op_mini":{"0":0.777592337029},"and_chr":{"0":21.389013},"baidu":{"0":null},"and_ff":{"0":0.012204},"and_qq":{"1.2":null},"and_uc":{"0":0.839025}},"total":97.423925}