{"id":"BS","name":"Bahamas","month":"2017-05","access_date":"2017-06-04","data":{"chrome":{"4":null,"5":null,"6":null,"7":null,"8":null,"9":null,"10":null,"11":0.004863,"12":0.004863,"13":null,"14":null,"15":null,"16":null,"17":null,"18":null,"19":null,"20":null,"21":null,"22":null,"23":null,"24":null,"25":0.019452,"26":null,"27":null,"28":0.004863,"29":null,"30":0.014589,"31":0.009726,"32":null,"33":null,"34":0.009726,"35":null,"36":0.131301,"37":0.009726,"38":0.034041,"39":0.009726,"40":null,"41":null,"42":0.009726,"43":0.029178,"44":0.019452,"45":0.024315,"46":0.009726,"47":0.029178,"48":0.043767,"49":1.133079,"50":0.04863,"51":0.034041,"52":0.058356,"53":0.014589,"54":0.053493,"55":0.179931,"56":0.267465,"57":6.75957,"58":17.803443,"59":0.053493,"60":0.034041,"61":null},"firefox":{"2":0.004863,"3":null,"3.5":null,"3.6":null,"4":null,"5":null,"6":null,"7":null,"8":null,"9":null,"10":null,"11":0.004863,"12":null,"13":0.004863,"14":null,"15":null,"16":0.009726,"17":null,"18":null,"19":null,"20":null,"21":null,"22":null,"23":0.038904,"24":0.009726,"25":null,"26":null,"27":null,"28":null,"29":null,"30":null,"31":null,"32":null,"33":0.038904,"34":null,"35":null,"36":null,"37":null,"38":null,"39":null,"40":null,"41":0.009726,"42":null,"43":null,"44":null,"45":0.04863,"46":null,"47":0.024315,"48":0.150753,"49":0.004863,"50":0.034041,"51":0.024315,"52":0.286917,"53":2.878896,"54":0.029178,"55":null,"56":null},"opera":{"9":null,"9.5-9.6":null,"10.0-10.1":0,"10.5":null,"10.6":null,"11":null,"11.1":null,"11.5":null,"11.6":null,"12":null,"12.1":0.014589,"15":null,"16":null,"17":null,"18":null,"19":null,"20":null,"21":null,"22":null,"23":null,"24":null,"25":null,"26":null,"27":null,"28":null,"29":null,"30":null,"31":null,"32":null,"33":null,"34":null,"35":null,"36":0.009726,"37":null,"38":null,"39":null,"40":null,"41":null,"42":null,"43":0.111849,"44":0.063219,"45":0.068082,"46":null},"safari":{"3.1":null,"3.2":null,"4":0,"5":0.116712,"5.1":0.092397,"6":null,"6.1":0.04863,"7":0.004863,"7.1":null,"8":0.04863,"9":0.106986,"9.1":0.505752,"10":0.466848,"10.1":2.057049,"0":null},"ios_saf":{"3.2":0,"4.0-4.1":0,"4.2-4.3":0,"5.0-5.1":0,"6.0-6.1":0,"7.0-7.1":0.131381345058,"8":0,"8.1-8.4":0.145979272286,"9.0-9.2":0.675154134324,"9.3":0.46591717738,"10.0-10.2":2.85024529139,"10.3":7.76731377956},"android":{"2.1":0,"2.2":0,"2.3":0,"3":0,"4":0,"4.1":0.0905325858709,"4.2-4.3":0.26647327162,"4.4":0.66618317905,"4.4.3-4.4.4":0.379211963459,"56":null},"op_mob":{"10":0,"11":0,"11.1":0,"11.5":0,"12":0,"12.1":0,"0":0.00145795121951},"ie":{"5.5":null,"6":null,"7":0.004863,"8":0.228561,"9":0.155616,"10":0.335547,"11":6.312174},"edge":{"12":0.126438,"13":0.768354,"14":4.386426,"15":null},"bb":{"7":0.010274,"10":null},"samsung":{"4":7.833925,"5":null},"ie_mob":{"10":0.0473812705882,"11":0.240290729412},"op_mini":{"0":0.32731004878},"and_chr":{"0":30.301787},"baidu":{"0":null},"and_ff":{"0":0.035959},"and_qq":{"1.2":null},"and_uc":{"0":0.148973}},"total":98.880893}