{"id":"BT","name":"Bhutan","month":"2017-05","access_date":"2017-06-04","data":{"chrome":{"4":null,"5":0.020169,"6":null,"7":null,"8":null,"9":null,"10":null,"11":0.004482,"12":0.013446,"13":null,"14":0.024651,"15":null,"16":0.002241,"17":null,"18":0.049302,"19":0.004482,"20":0.015687,"21":0.029133,"22":0.006723,"23":0.017928,"24":0.033615,"25":0.006723,"26":0.006723,"27":0.006723,"28":0.008964,"29":0.026892,"30":0.064989,"31":0.129978,"32":0.006723,"33":0.02241,"34":0.006723,"35":0.008964,"36":null,"37":0.004482,"38":0.024651,"39":0.013446,"40":0.006723,"41":0.015687,"42":0.002241,"43":0.118773,"44":0.011205,"45":0.006723,"46":0.031374,"47":0.026892,"48":null,"49":0.544563,"50":0.017928,"51":0.071712,"52":0.013446,"53":0.040338,"54":0.04482,"55":0.428031,"56":0.233064,"57":3.395115,"58":9.862641,"59":0.13446,"60":0.217377,"61":null},"firefox":{"2":0.004482,"3":0.031374,"3.5":null,"3.6":0.006723,"4":0.011205,"5":0.008964,"6":0.004482,"7":null,"8":null,"9":null,"10":0.053784,"11":0.004482,"12":0.015687,"13":0.004482,"14":0.008964,"15":0.011205,"16":0.017928,"17":0.004482,"18":0.026892,"19":null,"20":null,"21":null,"22":null,"23":0.011205,"24":0.002241,"25":0.004482,"26":0.002241,"27":null,"28":null,"29":0.038097,"30":0.002241,"31":0.015687,"32":0.002241,"33":0.004482,"34":null,"35":0.002241,"36":0.008964,"37":0.013446,"38":0.008964,"39":0.008964,"40":0.02241,"41":0.004482,"42":0.006723,"43":0.053784,"44":0.029133,"45":0.017928,"46":0.017928,"47":0.161352,"48":0.056025,"49":0.035856,"50":0.035856,"51":0.047061,"52":0.372006,"53":2.063961,"54":0.385452,"55":null,"56":null},"opera":{"9":null,"9.5-9.6":null,"10.0-10.1":0,"10.5":null,"10.6":null,"11":null,"11.1":null,"11.5":null,"11.6":null,"12":0.006723,"12.1":0.002241,"15":null,"16":null,"17":null,"18":null,"19":null,"20":null,"21":null,"22":null,"23":null,"24":null,"25":null,"26":null,"27":null,"28":null,"29":null,"30":null,"31":null,"32":null,"33":null,"34":null,"35":null,"36":0.006723,"37":0.004482,"38":null,"39":0.013446,"40":0.008964,"41":null,"42":0.015687,"43":0.085158,"44":0.058266,"45":0.078435,"46":null},"safari":{"3.1":null,"3.2":null,"4":0,"5":0.008964,"5.1":0.008964,"6":null,"6.1":0.004482,"7":0.047061,"7.1":null,"8":0.024651,"9":0.020169,"9.1":0.082917,"10":0.13446,"10.1":0.206172,"0":null},"ios_saf":{"3.2":0,"4.0-4.1":0,"4.2-4.3":0,"5.0-5.1":0,"6.0-6.1":0,"7.0-7.1":0.0489536907216,"8":0,"8.1-8.4":0.0543929896907,"9.0-9.2":0.25156757732,"9.3":0.173604292096,"10.0-10.2":1.06202312371,"10.3":2.89416032646},"android":{"2.1":0,"2.2":0,"2.3":0,"3":0,"4":0,"4.1":0.121715177832,"4.2-4.3":0.358255995128,"4.4":0.89563998782,"4.4.3-4.4.4":0.50982583922,"56":null},"op_mob":{"10":0,"11":0,"11.1":0,"11.5":0,"12":0,"12.1":0,"0":0.0362660133038},"ie":{"5.5":null,"6":0.013446,"7":null,"8":0.105327,"9":0.013446,"10":0.024651,"11":0.513189},"edge":{"12":0.085158,"13":0.071712,"14":0.293571,"15":null},"bb":{"7":0.00193975,"10":null},"samsung":{"4":8.814224,"5":null},"ie_mob":{"10":0.126517341176,"11":0.641623658824},"op_mini":{"0":8.1417199867},"and_chr":{"0":43.921855},"baidu":{"0":null},"and_ff":{"0":0.046554},"and_qq":{"1.2":null},"and_uc":{"0":9.69875}},"total":99.17200575}