{"id":"BW","name":"Botswana","month":"2017-05","access_date":"2017-06-04","data":{"chrome":{"4":null,"5":null,"6":null,"7":null,"8":null,"9":null,"10":null,"11":0.035556,"12":null,"13":null,"14":null,"15":null,"16":null,"17":null,"18":0.011852,"19":null,"20":null,"21":null,"22":0.005926,"23":null,"24":null,"25":null,"26":0.05926,"27":0.005926,"28":0.011852,"29":0.035556,"30":0.053334,"31":0.023704,"32":null,"33":0.02963,"34":0.011852,"35":0.02963,"36":0.497784,"37":0.041482,"38":0.017778,"39":0.011852,"40":0.041482,"41":0.011852,"42":0.017778,"43":0.734824,"44":0.14815,"45":0.094816,"46":0.011852,"47":0.023704,"48":0.023704,"49":0.480006,"50":0.065186,"51":0.071112,"52":0.154076,"53":0.11852,"54":0.077038,"55":0.426672,"56":0.485932,"57":6.003038,"58":16.575022,"59":0.077038,"60":0.065186,"61":null},"firefox":{"2":null,"3":0.011852,"3.5":null,"3.6":0.017778,"4":0.011852,"5":0.005926,"6":null,"7":null,"8":0.011852,"9":null,"10":0.011852,"11":null,"12":0.011852,"13":0.011852,"14":0.011852,"15":0.017778,"16":0.011852,"17":null,"18":0.551118,"19":0.017778,"20":0.017778,"21":null,"22":null,"23":0.05926,"24":null,"25":null,"26":0.082964,"27":0.68149,"28":0.005926,"29":0.450376,"30":0.011852,"31":0.011852,"32":null,"33":0.023704,"34":0.841492,"35":0.171854,"36":null,"37":0.035556,"38":0.136298,"39":0.017778,"40":0.100742,"41":0.071112,"42":0.011852,"43":0.290374,"44":0.142224,"45":0.077038,"46":0.08889,"47":0.35556,"48":0.349634,"49":0.580748,"50":0.124446,"51":0.219262,"52":1.825208,"53":7.241572,"54":0.811862,"55":null,"56":null},"opera":{"9":null,"9.5-9.6":null,"10.0-10.1":0,"10.5":null,"10.6":null,"11":null,"11.1":null,"11.5":null,"11.6":null,"12":null,"12.1":null,"15":null,"16":null,"17":null,"18":0.023704,"19":null,"20":null,"21":null,"22":null,"23":null,"24":null,"25":null,"26":null,"27":null,"28":null,"29":null,"30":null,"31":null,"32":null,"33":null,"34":null,"35":null,"36":0.017778,"37":null,"38":null,"39":null,"40":null,"41":0.011852,"42":0.047408,"43":0.231114,"44":0.130372,"45":0.219262,"46":null},"safari":{"3.1":null,"3.2":null,"4":0.005926,"5":0.02963,"5.1":0.023704,"6":0.017778,"6.1":0.011852,"7":null,"7.1":0.017778,"8":0.02963,"9":0.047408,"9.1":0.491858,"10":0.17778,"10.1":0.539266,"0":null},"ios_saf":{"3.2":0,"4.0-4.1":0,"4.2-4.3":0,"5.0-5.1":0,"6.0-6.1":0,"7.0-7.1":0.0218350588235,"8":0,"8.1-8.4":0.0242611764706,"9.0-9.2":0.112207941176,"9.3":0.0774335882353,"10.0-10.2":0.473699470588,"10.3":1.29089676471},"android":{"2.1":0,"2.2":0,"2.3":0,"3":0,"4":0,"4.1":0.223548964677,"4.2-4.3":0.65799317905,"4.4":1.64498294762,"4.4.3-4.4.4":0.936374908648,"56":null},"op_mob":{"10":0,"11":0,"11.1":0,"11.5":0,"12":0,"12.1":0,"0":0.0221314855876},"ie":{"5.5":null,"6":null,"7":4.32609174931,"8":1.46183869551,"9":0.356546023295,"10":0.724976914032,"11":3.84475461786},"edge":{"12":0.497784,"13":0.53334,"14":1.191126,"15":null},"bb":{"7":0.134442,"10":null},"samsung":{"4":4.167702,"5":null},"ie_mob":{"10":0.261023576471,"11":1.32376242353},"op_mini":{"0":4.96851851441},"and_chr":{"0":19.414854},"baidu":{"0":null},"and_ff":{"0":0.863688},"and_qq":{"1.2":null},"and_uc":{"0":3.886596}},"total":97.65037}