{"id":"BY","name":"Belarus","month":"2017-05","access_date":"2017-06-04","data":{"chrome":{"4":0.031832,"5":0.015916,"6":0.015916,"7":0.007958,"8":0.015916,"9":0.015916,"10":0.007958,"11":0.047748,"12":0.023874,"13":0.031832,"14":0.031832,"15":0.031832,"16":0.031832,"17":0.047748,"18":0.047748,"19":0.03979,"20":0.031832,"21":0.071622,"22":0.087538,"23":0.063664,"24":0.07958,"25":0.031832,"26":0.071622,"27":0.031832,"28":0.031832,"29":0.023874,"30":0.023874,"31":0.055706,"32":0.023874,"33":0.031832,"34":0.055706,"35":0.055706,"36":0.015916,"37":0.023874,"38":0.047748,"39":0.055706,"40":0.071622,"41":0.055706,"42":0.03979,"43":0.167118,"44":0.023874,"45":0.111412,"46":0.015916,"47":0.063664,"48":0.111412,"49":2.3874,"50":0.055706,"51":0.175076,"52":0.071622,"53":0.15916,"54":0.23874,"55":0.405858,"56":0.668472,"57":9.979332,"58":29.030784,"59":0.07958,"60":0.262614,"61":null},"firefox":{"2":0.023874,"3":0.055706,"3.5":0.270572,"3.6":0.35811,"4":0.015916,"5":null,"6":0.023874,"7":null,"8":0.007958,"9":0.055706,"10":0.031832,"11":0.015916,"12":0.031832,"13":null,"14":0.007958,"15":0.015916,"16":0.007958,"17":0.007958,"18":null,"19":0.007958,"20":0.031832,"21":0.015916,"22":0.015916,"23":0.190992,"24":0.015916,"25":0.023874,"26":0.055706,"27":null,"28":0.007958,"29":null,"30":null,"31":0.055706,"32":0.015916,"33":0.07958,"34":0.055706,"35":0.03979,"36":0.023874,"37":0.015916,"38":0.095496,"39":0.007958,"40":0.023874,"41":0.015916,"42":0.023874,"43":0.07958,"44":0.031832,"45":0.175076,"46":0.023874,"47":0.15916,"48":0.262614,"49":0.087538,"50":0.254656,"51":0.15916,"52":1.066372,"53":5.506936,"54":0.03979,"55":null,"56":null},"opera":{"9":null,"9.5-9.6":0.007958,"10.0-10.1":0.015916,"10.5":0.015916,"10.6":0.047748,"11":0.023874,"11.1":0.015916,"11.5":0.03979,"11.6":0.175076,"12":0.175076,"12.1":1.058414,"15":null,"16":0.015916,"17":0.007958,"18":0.015916,"19":0.015916,"20":0.023874,"21":0.015916,"22":0.007958,"23":null,"24":0.015916,"25":0.015916,"26":0.023874,"27":0.095496,"28":0.03979,"29":0.031832,"30":0.023874,"31":0.007958,"32":0.015916,"33":0.015916,"34":0.047748,"35":0.055706,"36":0.931086,"37":0.103454,"38":0.047748,"39":0.03979,"40":0.03979,"41":0.055706,"42":0.326278,"43":3.111578,"44":2.74551,"45":3.66068,"46":0.063664},"safari":{"3.1":0.007958,"3.2":null,"4":0.055706,"5":0.055706,"5.1":0.063664,"6":0.031832,"6.1":null,"7":0.015916,"7.1":null,"8":0.055706,"9":0.023874,"9.1":0.127328,"10":0.27853,"10.1":1.130036,"0":null},"ios_saf":{"3.2":0,"4.0-4.1":0,"4.2-4.3":0,"5.0-5.1":0,"6.0-6.1":0,"7.0-7.1":0.0282997004245,"8":0,"8.1-8.4":0.0314441115828,"9.0-9.2":0.14542901607,"9.3":0.100359122802,"10.0-10.2":0.613946278654,"10.3":1.67308877047},"android":{"2.1":0,"2.2":0,"2.3":0,"3":0,"4":0,"4.1":0.0726695846529,"4.2-4.3":0.213895381242,"4.4":0.534738453106,"4.4.3-4.4.4":0.304389580999,"56":null},"op_mob":{"10":0,"11":0,"11.1":0,"11.5":0,"12":0,"12.1":0,"0":0.00625130820399},"ie":{"5.5":null,"6":0.0255204827586,"7":0.00850682758621,"8":0.357286758621,"9":0.127602413793,"10":0.221177517241,"11":1.23349},"edge":{"12":0.03979,"13":0.03979,"14":0.580934,"15":null},"bb":{"7":0.00459675,"10":null},"samsung":{"4":1.039887,"5":null},"ie_mob":{"10":0.0632608941176,"11":0.320823105882},"op_mini":{"0":1.4034186918},"and_chr":{"0":13.603678},"baidu":{"0":null},"and_ff":{"0":0.008172},"and_qq":{"1.2":null},"and_uc":{"0":0.4086}},"total":93.38468975}