{"id":"BZ","name":"Belize","month":"2017-05","access_date":"2017-06-04","data":{"chrome":{"4":null,"5":null,"6":null,"7":null,"8":null,"9":null,"10":null,"11":0.011895,"12":null,"13":null,"14":null,"15":null,"16":null,"17":null,"18":0.003965,"19":null,"20":null,"21":null,"22":0.011895,"23":null,"24":null,"25":null,"26":0.00793,"27":null,"28":null,"29":null,"30":null,"31":0.035685,"32":null,"33":0.011895,"34":null,"35":0.003965,"36":0.13481,"37":null,"38":0.00793,"39":null,"40":0.02379,"41":null,"42":0.011895,"43":0.027755,"44":0.011895,"45":0.03965,"46":0.019825,"47":0.02379,"48":0.257725,"49":0.42822,"50":0.091195,"51":0.41236,"52":0.011895,"53":0.035685,"54":0.297375,"55":0.709735,"56":0.2379,"57":5.54307,"58":15.86793,"59":0.04758,"60":0.05551,"61":null},"firefox":{"2":null,"3":0.003965,"3.5":null,"3.6":null,"4":null,"5":null,"6":null,"7":null,"8":null,"9":null,"10":null,"11":0.003965,"12":null,"13":null,"14":0.003965,"15":null,"16":null,"17":null,"18":null,"19":null,"20":0.003965,"21":null,"22":0.003965,"23":null,"24":null,"25":0.003965,"26":null,"27":null,"28":null,"29":null,"30":null,"31":null,"32":null,"33":0.00793,"34":null,"35":null,"36":0.003965,"37":null,"38":0.011895,"39":0.027755,"40":0.003965,"41":0.01586,"42":0.019825,"43":0.051545,"44":0.035685,"45":0.1586,"46":0.051545,"47":0.10309,"48":0.043615,"49":0.07137,"50":0.06344,"51":0.12688,"52":0.44408,"53":4.84523,"54":0.21411,"55":null,"56":null},"opera":{"9":null,"9.5-9.6":null,"10.0-10.1":0,"10.5":null,"10.6":null,"11":null,"11.1":null,"11.5":null,"11.6":null,"12":null,"12.1":0.01586,"15":null,"16":null,"17":null,"18":null,"19":null,"20":null,"21":null,"22":null,"23":null,"24":null,"25":null,"26":null,"27":null,"28":null,"29":null,"30":null,"31":null,"32":null,"33":null,"34":null,"35":null,"36":0.003965,"37":null,"38":null,"39":null,"40":null,"41":null,"42":0.00793,"43":0.17446,"44":0.07137,"45":0.138775,"46":null},"safari":{"3.1":null,"3.2":null,"4":0,"5":0.00793,"5.1":0.051545,"6":null,"6.1":0.011895,"7":0.00793,"7.1":null,"8":0.15067,"9":0.04758,"9.1":0.622505,"10":0.29341,"10.1":1.637545,"0":null},"ios_saf":{"3.2":0,"4.0-4.1":0,"4.2-4.3":0,"5.0-5.1":0,"6.0-6.1":0,"7.0-7.1":0.0797235172832,"8":0,"8.1-8.4":0.0885816858702,"9.0-9.2":0.40969029715,"9.3":0.282723214069,"10.0-10.2":1.72955741662,"10.3":4.71328386901},"android":{"2.1":0,"2.2":0,"2.3":0,"3":0,"4":0,"4.1":0.243145666261,"4.2-4.3":0.715674036541,"4.4":1.78918509135,"4.4.3-4.4.4":1.01845920585,"56":null},"op_mob":{"10":0,"11":0,"11.1":0,"11.5":0,"12":0,"12.1":0,"0":0.00195400443459},"ie":{"5.5":null,"6":0.00803778640777,"7":0.0120566796117,"8":0.108510116505,"9":0.0843967572816,"10":0.0803778640777,"11":1.77635079612},"edge":{"12":0.146705,"13":0.265655,"14":1.70495,"15":null},"bb":{"7":0.010563,"10":null},"samsung":{"4":3.567276,"5":null},"ie_mob":{"10":0.108363952941,"11":0.549560047059},"op_mini":{"0":0.438673995565},"and_chr":{"0":42.93198},"baidu":{"0":null},"and_ff":{"0":0.03018},"and_qq":{"1.2":null},"and_uc":{"0":2.311788}},"total":99.159698}