{"id":"CA","name":"Canada","month":"2017-05","access_date":"2017-06-04","data":{"chrome":{"4":null,"5":null,"6":null,"7":null,"8":null,"9":null,"10":null,"11":0.011786,"12":null,"13":null,"14":null,"15":null,"16":null,"17":null,"18":null,"19":null,"20":null,"21":null,"22":0.017679,"23":null,"24":null,"25":null,"26":0.005893,"27":null,"28":null,"29":null,"30":null,"31":0.011786,"32":0.005893,"33":0.011786,"34":0.023572,"35":0.011786,"36":0.029465,"37":0.017679,"38":0.041251,"39":0.023572,"40":0.011786,"41":0.041251,"42":0.029465,"43":0.05893,"44":0.029465,"45":0.123753,"46":0.035358,"47":0.035358,"48":0.070716,"49":1.196279,"50":0.076609,"51":0.123753,"52":0.064823,"53":0.070716,"54":0.182683,"55":0.335901,"56":0.548049,"57":8.043945,"58":20.295492,"59":0.082502,"60":0.041251,"61":null},"firefox":{"2":null,"3":0.005893,"3.5":null,"3.6":0.023572,"4":null,"5":null,"6":null,"7":null,"8":null,"9":null,"10":null,"11":null,"12":null,"13":null,"14":null,"15":null,"16":0.011786,"17":null,"18":null,"19":null,"20":null,"21":null,"22":null,"23":null,"24":null,"25":null,"26":null,"27":null,"28":0.005893,"29":null,"30":null,"31":0.035358,"32":null,"33":0.005893,"34":0.005893,"35":0.017679,"36":0.017679,"37":0.011786,"38":0.064823,"39":0.011786,"40":0.011786,"41":0.029465,"42":0.017679,"43":0.029465,"44":0.017679,"45":0.170897,"46":0.023572,"47":0.094288,"48":0.259292,"49":0.053037,"50":0.11786,"51":0.094288,"52":0.70716,"53":5.409774,"54":0.05893,"55":null,"56":null},"opera":{"9":null,"9.5-9.6":null,"10.0-10.1":0,"10.5":null,"10.6":null,"11":null,"11.1":null,"11.5":null,"11.6":null,"12":null,"12.1":0.017679,"15":null,"16":null,"17":null,"18":null,"19":null,"20":null,"21":null,"22":null,"23":null,"24":null,"25":null,"26":null,"27":null,"28":null,"29":null,"30":null,"31":null,"32":null,"33":null,"34":null,"35":null,"36":0.011786,"37":null,"38":null,"39":null,"40":null,"41":0.005893,"42":0.017679,"43":0.170897,"44":0.159111,"45":0.194469,"46":0.011786},"safari":{"3.1":null,"3.2":null,"4":0.017679,"5":0.047144,"5.1":0.11786,"6":0.011786,"6.1":0.076609,"7":0.029465,"7.1":0.017679,"8":0.141432,"9":0.147325,"9.1":0.789662,"10":0.895736,"10.1":3.117397,"0":null},"ios_saf":{"3.2":0,"4.0-4.1":0,"4.2-4.3":0,"5.0-5.1":0,"6.0-6.1":0,"7.0-7.1":0.221015876289,"8":0,"8.1-8.4":0.245573195876,"9.0-9.2":1.13577603093,"9.3":0.783787783505,"10.0-10.2":4.79481664948,"10.3":13.0665404639},"android":{"2.1":0,"2.2":0,"2.3":0,"3":0,"4":0,"4.1":0.036587817296,"4.2-4.3":0.107692443362,"4.4":0.269231108404,"4.4.3-4.4.4":0.153254630938,"56":null},"op_mob":{"10":0,"11":0,"11.1":0,"11.5":0,"12":0,"12.1":0,"0":0.00183949889135},"ie":{"5.5":null,"6":0.00594346706192,"7":0.0118869341238,"8":0.843972322793,"9":0.202077880105,"10":0.208021347167,"11":7.75028104875},"edge":{"12":0.029465,"13":0.147325,"14":3.093825,"15":null},"bb":{"7":0.16428,"10":null},"samsung":{"4":3.749691,"5":null},"ie_mob":{"10":0.0135289411765,"11":0.0686110588235},"op_mini":{"0":0.412967501109},"and_chr":{"0":15.028418},"baidu":{"0":null},"and_ff":{"0":0.057498},"and_qq":{"1.2":null},"and_uc":{"0":0.336774}},"total":97.963202}