{"id":"CD","name":"Congo, Democratic Republic of the","month":"2017-05","access_date":"2017-06-04","data":{"chrome":{"4":null,"5":null,"6":null,"7":null,"8":0.000733,"9":null,"10":0.001466,"11":0.123877,"12":0.000733,"13":null,"14":0.02199,"15":null,"16":null,"17":0.005864,"18":0.004398,"19":null,"20":null,"21":0.002199,"22":0.000733,"23":0.001466,"24":null,"25":0.001466,"26":0.00733,"27":null,"28":0.000733,"29":0.008796,"30":0.000733,"31":0.006597,"32":0.002199,"33":0.009529,"34":0.001466,"35":null,"36":0.005864,"37":null,"38":0.005864,"39":0.018325,"40":0.002932,"41":null,"42":0.001466,"43":0.076965,"44":0.005864,"45":0.023456,"46":0.003665,"47":0.003665,"48":0.002932,"49":0.078431,"50":0.008063,"51":0.016859,"52":0.003665,"53":0.010995,"54":0.028587,"55":0.065237,"56":0.03665,"57":0.543886,"58":1.581814,"59":0.005864,"60":0.001466,"61":null},"firefox":{"2":null,"3":0.079164,"3.5":0.003665,"3.6":0.003665,"4":0.003665,"5":0.003665,"6":null,"7":null,"8":0.002932,"9":0.002932,"10":0.00733,"11":0.002199,"12":0.002932,"13":0.000733,"14":0.013927,"15":0.002932,"16":0.004398,"17":0.002199,"18":0.001466,"19":0.004398,"20":0.006597,"21":0.001466,"22":0.003665,"23":0.003665,"24":0.005131,"25":0.001466,"26":0.008063,"27":0.003665,"28":0.005131,"29":0.009529,"30":0.01466,"31":0.00733,"32":0.013194,"33":0.005864,"34":0.004398,"35":0.01466,"36":0.005131,"37":0.008063,"38":0.016859,"39":0.005131,"40":0.00733,"41":0.008796,"42":0.005864,"43":0.074766,"44":0.044713,"45":0.026388,"46":0.032985,"47":0.118746,"48":0.052776,"49":0.030053,"50":0.023456,"51":0.028587,"52":0.181784,"53":1.406627,"54":0.052776,"55":0.000733,"56":null},"opera":{"9":null,"9.5-9.6":null,"10.0-10.1":0.002199,"10.5":null,"10.6":0.002199,"11":0.003665,"11.1":0.000733,"11.5":0.005864,"11.6":0.010262,"12":0.004398,"12.1":0.017592,"15":0.003665,"16":0.004398,"17":0.008063,"18":0.002932,"19":0.006597,"20":0.004398,"21":0.000733,"22":0.005131,"23":null,"24":0.002199,"25":0.000733,"26":null,"27":0.002932,"28":0.003665,"29":0.02199,"30":0.003665,"31":0.002932,"32":0.005131,"33":null,"34":0.002199,"35":null,"36":0.01466,"37":0.021257,"38":0.002199,"39":0.004398,"40":0.041048,"41":0.005864,"42":0.071834,"43":0.159061,"44":0.133406,"45":0.148799,"46":null},"safari":{"3.1":null,"3.2":null,"4":0,"5":0.001466,"5.1":0.010995,"6":0.008796,"6.1":null,"7":0.002199,"7.1":0.013927,"8":0.015393,"9":0.003665,"9.1":0.052043,"10":0.043247,"10.1":0.062305,"0":null},"ios_saf":{"3.2":0,"4.0-4.1":0,"4.2-4.3":0,"5.0-5.1":0,"6.0-6.1":0,"7.0-7.1":0.0112282995755,"8":0,"8.1-8.4":0.0124758884172,"9.0-9.2":0.0577009839297,"9.3":0.0398188771983,"10.0-10.2":0.243591721346,"10.3":0.663821229533},"android":{"2.1":0,"2.2":0,"2.3":0,"3":0,"4":0,"4.1":0.384066920828,"4.2-4.3":1.13046112546,"4.4":2.82615281364,"4.4.3-4.4.4":1.60873314007,"56":null},"op_mob":{"10":0,"11":0,"11.1":0,"11.5":0,"12":0,"12.1":0,"0":0.246983015521},"ie":{"5.5":null,"6":null,"7":0.00146787948718,"8":0.0954121666667,"9":0.00807333717949,"10":0.0726600346154,"11":0.340548041026},"edge":{"12":0.090892,"13":0.041781,"14":0.10995,"15":null},"bb":{"7":0.0695025,"10":null},"samsung":{"4":1.315914,"5":null},"ie_mob":{"10":0.279318282353,"11":1.41654271765},"op_mini":{"0":55.4476869845},"and_chr":{"0":8.599991},"baidu":{"0":null},"and_ff":{"0":0.09267},"and_qq":{"1.2":null},"and_uc":{"0":17.69997}},"total":98.969323959}