{"id":"CF","name":"Central African Republic","month":"2017-05","access_date":"2017-06-04","data":{"chrome":{"4":null,"5":null,"6":null,"7":null,"8":0.017928,"9":null,"10":0.013944,"11":0.256968,"12":0.055776,"13":null,"14":null,"15":0.025896,"16":null,"17":null,"18":null,"19":null,"20":null,"21":null,"22":null,"23":null,"24":0.003984,"25":0.011952,"26":0.005976,"27":null,"28":null,"29":0.00996,"30":null,"31":0.013944,"32":null,"33":0.015936,"34":null,"35":null,"36":null,"37":null,"38":0.005976,"39":null,"40":null,"41":null,"42":null,"43":0.085656,"44":0.003984,"45":0.041832,"46":null,"47":null,"48":null,"49":0.127488,"50":0.00996,"51":0.003984,"52":0.003984,"53":0.031872,"54":0.005976,"55":0.087648,"56":0.117528,"57":1.707144,"58":3.0378,"59":0.005976,"60":0.00996,"61":null},"firefox":{"2":null,"3":0.043824,"3.5":0.003984,"3.6":0.057768,"4":0.053784,"5":0.007968,"6":0.023904,"7":null,"8":0.015936,"9":null,"10":0.003984,"11":null,"12":0.081672,"13":0.037848,"14":0.00996,"15":0.00996,"16":0.045816,"17":0.003984,"18":0.031872,"19":0.003984,"20":0.027888,"21":0.095616,"22":0.045816,"23":null,"24":0.01992,"25":0.015936,"26":null,"27":0.027888,"28":0.045816,"29":0.025896,"30":0.023904,"31":0.396408,"32":0.007968,"33":0.015936,"34":0.003984,"35":0.057768,"36":0.057768,"37":null,"38":0.017928,"39":0.007968,"40":0.143424,"41":0.00996,"42":0.017928,"43":0.123504,"44":0.252984,"45":0.314736,"46":0.191232,"47":0.442224,"48":0.045816,"49":0.103584,"50":0.131472,"51":0.075696,"52":0.33864,"53":3.699144,"54":0.041832,"55":null,"56":null},"opera":{"9":null,"9.5-9.6":null,"10.0-10.1":0,"10.5":null,"10.6":null,"11":0.003984,"11.1":null,"11.5":null,"11.6":0.005976,"12":0.043824,"12.1":null,"15":null,"16":null,"17":null,"18":0.005976,"19":null,"20":null,"21":null,"22":0.007968,"23":null,"24":null,"25":null,"26":null,"27":null,"28":null,"29":null,"30":null,"31":null,"32":null,"33":null,"34":null,"35":null,"36":0.00996,"37":null,"38":0.003984,"39":0.003984,"40":null,"41":0.005976,"42":0.615528,"43":0.071712,"44":0.145416,"45":0.284856,"46":null},"safari":{"3.1":null,"3.2":null,"4":0,"5":0.003984,"5.1":null,"6":null,"6.1":null,"7":0.003984,"7.1":null,"8":0.003984,"9":0.011952,"9.1":0.017928,"10":0.045816,"10.1":0.181272,"0":null},"ios_saf":{"3.2":0,"4.0-4.1":0,"4.2-4.3":0,"5.0-5.1":0,"6.0-6.1":0,"7.0-7.1":0.0195829520922,"8":0,"8.1-8.4":0.021758835658,"9.0-9.2":0.100634614918,"9.3":0.069446950475,"10.0-10.2":0.424841266222,"10.3":1.15775138063},"android":{"2.1":0,"2.2":0,"2.3":0,"3":0,"4":0,"4.1":0.467390021924,"4.2-4.3":1.3757140268,"4.4":3.43928506699,"4.4.3-4.4.4":1.95774688429,"56":null},"op_mob":{"10":0,"11":0,"11.1":0,"11.5":0,"12":0,"12.1":0,"0":0.055938691796},"ie":{"5.5":null,"6":null,"7":0.023904,"8":0.270912,"9":0.01992,"10":0.436248,"11":1.91232},"edge":{"12":0.125496,"13":0.091632,"14":0.165336,"15":null},"bb":{"7":0,"10":null},"samsung":{"4":3.908392,"5":null},"ie_mob":{"10":0.196550282353,"11":0.996790717647},"op_mini":{"0":12.5582363082},"and_chr":{"0":29.771237},"baidu":{"0":null},"and_ff":{"0":0.120135},"and_qq":{"1.2":null},"and_uc":{"0":25.060161}},"total":99.207289}