{"id":"CG","name":"Congo, Republic of the","month":"2017-05","access_date":"2017-06-04","data":{"chrome":{"4":null,"5":null,"6":null,"7":null,"8":null,"9":null,"10":0.006627,"11":0.068479,"12":null,"13":null,"14":0.004418,"15":null,"16":null,"17":null,"18":0.004418,"19":null,"20":null,"21":0.002209,"22":0.028717,"23":0.004418,"24":null,"25":0.002209,"26":0.055225,"27":0.024299,"28":0.008836,"29":0.030926,"30":0.008836,"31":0.015463,"32":0.011045,"33":0.008836,"34":0.006627,"35":0.013254,"36":0.013254,"37":0.008836,"38":0.004418,"39":0.008836,"40":0.004418,"41":0.103823,"42":0.008836,"43":0.128122,"44":0.006627,"45":0.081733,"46":0.017672,"47":0.039762,"48":0.004418,"49":0.201019,"50":0.024299,"51":0.019881,"52":0.004418,"53":0.024299,"54":0.011045,"55":0.653864,"56":0.229736,"57":1.652332,"58":4.08665,"59":0.011045,"60":0.008836,"61":null},"firefox":{"2":null,"3":1.086828,"3.5":null,"3.6":0.041971,"4":0.008836,"5":0.006627,"6":null,"7":null,"8":0.064061,"9":0.002209,"10":0.006627,"11":0.006627,"12":0.017672,"13":0.008836,"14":0.011045,"15":0.002209,"16":0.057434,"17":0.004418,"18":0.011045,"19":0.006627,"20":null,"21":0.015463,"22":0.004418,"23":0.006627,"24":null,"25":0.004418,"26":null,"27":0.004418,"28":0.006627,"29":0.017672,"30":0.011045,"31":0.019881,"32":0.013254,"33":0.011045,"34":0.011045,"35":0.037553,"36":0.019881,"37":0.077315,"38":0.033135,"39":0.053016,"40":0.02209,"41":0.015463,"42":0.019881,"43":0.114868,"44":0.017672,"45":0.13254,"46":0.017672,"47":0.251826,"48":0.083942,"49":0.108241,"50":0.097196,"51":0.315887,"52":0.432964,"53":4.192682,"54":0.050807,"55":null,"56":null},"opera":{"9":null,"9.5-9.6":null,"10.0-10.1":0.004418,"10.5":null,"10.6":null,"11":0.006627,"11.1":null,"11.5":null,"11.6":0.019881,"12":0.011045,"12.1":0.030926,"15":null,"16":null,"17":0.002209,"18":null,"19":null,"20":0.011045,"21":null,"22":0.006627,"23":null,"24":null,"25":null,"26":null,"27":null,"28":0.112659,"29":0.006627,"30":0.004418,"31":null,"32":0.002209,"33":0.004418,"34":0.006627,"35":0.028717,"36":0.011045,"37":0.006627,"38":0.004418,"39":0.008836,"40":0.008836,"41":0.061852,"42":0.174511,"43":0.189974,"44":0.185556,"45":0.19881,"46":null},"safari":{"3.1":null,"3.2":null,"4":0,"5":0.006627,"5.1":0.011045,"6":null,"6.1":0.002209,"7":0.04418,"7.1":0.004418,"8":0.061852,"9":0.039762,"9.1":0.185556,"10":0.083942,"10.1":0.181138,"0":null},"ios_saf":{"3.2":0,"4.0-4.1":0,"4.2-4.3":0,"5.0-5.1":0,"6.0-6.1":0,"7.0-7.1":0.0217685385082,"8":0,"8.1-8.4":0.0241872650091,"9.0-9.2":0.111866100667,"9.3":0.0771976874874,"10.0-10.2":0.472256349303,"10.3":1.28696405903},"android":{"2.1":0,"2.2":0,"2.3":0,"3":0,"4":0,"4.1":0.555186942753,"4.2-4.3":1.63413515225,"4.4":4.08533788063,"4.4.3-4.4.4":2.32550002436,"56":null},"op_mob":{"10":0,"11":0,"11.1":0,"11.5":0,"12":0,"12.1":0,"0":0.0487090909091},"ie":{"5.5":null,"6":0.0425576340534,"7":0.00671962642948,"8":0.21726792122,"9":0.0694361397713,"10":0.167990660737,"11":1.25881001779},"edge":{"12":0.094987,"13":0.086151,"14":0.216482,"15":null},"bb":{"7":0.159695,"10":null},"samsung":{"4":2.337,"5":null},"ie_mob":{"10":0.0731343529412,"11":0.370895647059},"op_mini":{"0":10.9351909091},"and_chr":{"0":21.702718},"baidu":{"0":null},"and_ff":{"0":0.03895},"and_qq":{"1.2":null},"and_uc":{"0":32.23502}},"total":97.612399}