{"id":"CH","name":"Switzerland","month":"2017-05","access_date":"2017-06-04","data":{"chrome":{"4":null,"5":null,"6":null,"7":null,"8":null,"9":null,"10":null,"11":null,"12":null,"13":null,"14":null,"15":null,"16":null,"17":null,"18":null,"19":null,"20":null,"21":null,"22":0.022016,"23":null,"24":null,"25":null,"26":null,"27":null,"28":null,"29":null,"30":null,"31":0.011008,"32":0.016512,"33":0.005504,"34":0.022016,"35":0.005504,"36":0.049536,"37":0.011008,"38":0.02752,"39":0.022016,"40":0.011008,"41":0.033024,"42":0.022016,"43":0.038528,"44":0.016512,"45":0.033024,"46":0.022016,"47":0.02752,"48":0.038528,"49":0.555904,"50":0.022016,"51":0.088064,"52":0.049536,"53":0.066048,"54":0.099072,"55":0.231168,"56":0.264192,"57":4.51328,"58":12.317952,"59":0.044032,"60":0.02752,"61":null},"firefox":{"2":null,"3":null,"3.5":null,"3.6":0.005504,"4":null,"5":null,"6":null,"7":null,"8":null,"9":null,"10":null,"11":null,"12":null,"13":null,"14":null,"15":null,"16":0.022016,"17":0.011008,"18":null,"19":null,"20":null,"21":null,"22":null,"23":null,"24":0.005504,"25":null,"26":null,"27":null,"28":null,"29":0.005504,"30":0.005504,"31":0.038528,"32":null,"33":0.011008,"34":0.005504,"35":0.016512,"36":0.016512,"37":0.011008,"38":0.066048,"39":0.016512,"40":0.02752,"41":0.044032,"42":0.038528,"43":0.038528,"44":0.022016,"45":0.759552,"46":0.033024,"47":0.115584,"48":0.335744,"49":0.11008,"50":0.19264,"51":0.264192,"52":0.891648,"53":8.360576,"54":0.05504,"55":null,"56":null},"opera":{"9":null,"9.5-9.6":null,"10.0-10.1":0,"10.5":null,"10.6":null,"11":null,"11.1":null,"11.5":null,"11.6":null,"12":null,"12.1":0.049536,"15":null,"16":null,"17":null,"18":null,"19":null,"20":null,"21":null,"22":null,"23":null,"24":null,"25":null,"26":null,"27":null,"28":null,"29":null,"30":null,"31":null,"32":null,"33":null,"34":null,"35":null,"36":0.016512,"37":null,"38":null,"39":null,"40":null,"41":null,"42":0.011008,"43":0.22016,"44":0.19264,"45":0.280704,"46":null},"safari":{"3.1":null,"3.2":null,"4":0.011008,"5":0.071552,"5.1":0.198144,"6":0.016512,"6.1":0.143104,"7":0.038528,"7.1":0.011008,"8":0.19264,"9":0.231168,"9.1":1.144832,"10":1.662208,"10.1":4.661888,"0":null},"ios_saf":{"3.2":0,"4.0-4.1":0,"4.2-4.3":0,"5.0-5.1":0,"6.0-6.1":0,"7.0-7.1":0.263690808975,"8":0,"8.1-8.4":0.29298978775,"9.0-9.2":1.35507776834,"9.3":0.935125739236,"10.0-10.2":5.72062560582,"10.3":15.5894982899},"android":{"2.1":0,"2.2":0,"2.3":0,"3":0,"4":0,"4.1":0.0287338757613,"4.2-4.3":0.084575181486,"4.4":0.211437953715,"4.4.3-4.4.4":0.120356989038,"56":null},"op_mob":{"10":0,"11":0,"11.1":0,"11.5":0,"12":0,"12.1":0,"0":0.00049844789357},"ie":{"5.5":null,"6":0.0220393963868,"7":0.00550984909671,"8":0.0771378873539,"9":0.143256076514,"10":0.143256076514,"11":9.97833671413},"edge":{"12":0.038528,"13":0.198144,"14":3.346432,"15":null},"bb":{"7":0.013488,"10":null},"samsung":{"4":5.453648,"5":null},"ie_mob":{"10":0.0429500235294,"11":0.217817976471},"op_mini":{"0":0.111901552106},"and_chr":{"0":12.51176},"baidu":{"0":null},"and_ff":{"0":0.071936},"and_qq":{"1.2":null},"and_uc":{"0":0.103408}},"total":96.474288}