{"id":"CI","name":"Cote d'Ivoire","month":"2017-05","access_date":"2017-06-04","data":{"chrome":{"4":null,"5":0.007298,"6":null,"7":null,"8":null,"9":0.007298,"10":0.007298,"11":0.03649,"12":0.043788,"13":0.032841,"14":null,"15":null,"16":0.018245,"17":0.007298,"18":0.003649,"19":0.007298,"20":null,"21":0.003649,"22":0.003649,"23":0.003649,"24":0.007298,"25":0.014596,"26":0.051086,"27":0.047437,"28":0.018245,"29":0.032841,"30":0.054735,"31":0.065682,"32":0.021894,"33":0.058384,"34":0.014596,"35":0.03649,"36":0.098523,"37":0.018245,"38":0.047437,"39":0.032841,"40":0.032841,"41":0.018245,"42":0.025543,"43":0.386794,"44":0.047437,"45":0.076629,"46":0.120417,"47":0.076629,"48":0.043788,"49":4.214595,"50":0.032841,"51":0.043788,"52":0.029192,"53":0.083927,"54":0.054735,"55":0.423284,"56":0.361251,"57":3.725629,"58":13.453863,"59":0.051086,"60":0.065682,"61":0.007298},"firefox":{"2":0.010947,"3":0.021894,"3.5":null,"3.6":0.007298,"4":0.007298,"5":null,"6":null,"7":null,"8":null,"9":null,"10":0.003649,"11":0.003649,"12":0.010947,"13":null,"14":null,"15":0.010947,"16":0.007298,"17":null,"18":null,"19":0.014596,"20":0.007298,"21":0.007298,"22":0.010947,"23":0.007298,"24":0.021894,"25":null,"26":0.051086,"27":0.007298,"28":null,"29":0.014596,"30":0.018245,"31":0.021894,"32":0.010947,"33":0.029192,"34":0.010947,"35":0.025543,"36":0.010947,"37":0.025543,"38":0.03649,"39":0.047437,"40":0.03649,"41":0.03649,"42":0.029192,"43":0.240834,"44":0.051086,"45":0.080278,"46":0.029192,"47":0.262728,"48":0.280973,"49":0.138662,"50":0.160556,"51":0.116768,"52":0.69331,"53":4.860468,"54":0.131364,"55":0.003649,"56":null},"opera":{"9":null,"9.5-9.6":null,"10.0-10.1":0,"10.5":null,"10.6":null,"11":null,"11.1":null,"11.5":null,"11.6":null,"12":null,"12.1":0.007298,"15":null,"16":0.007298,"17":null,"18":null,"19":null,"20":null,"21":null,"22":null,"23":null,"24":null,"25":null,"26":null,"27":null,"28":null,"29":0.003649,"30":null,"31":null,"32":null,"33":null,"34":0.003649,"35":null,"36":0.051086,"37":0.021894,"38":null,"39":null,"40":0.014596,"41":0.003649,"42":0.069331,"43":0.346655,"44":0.222589,"45":0.361251,"46":0.025543},"safari":{"3.1":null,"3.2":null,"4":0,"5":0.021894,"5.1":0.014596,"6":0.010947,"6.1":0.007298,"7":0.014596,"7.1":0.018245,"8":0.047437,"9":0.065682,"9.1":0.186099,"10":0.204344,"10.1":0.284622,"0":null},"ios_saf":{"3.2":0,"4.0-4.1":0,"4.2-4.3":0,"5.0-5.1":0,"6.0-6.1":0,"7.0-7.1":0.0174007386295,"8":0,"8.1-8.4":0.0193341540327,"9.0-9.2":0.0894204624015,"9.3":0.0617081749545,"10.0-10.2":0.377499357489,"10.3":1.02873811249},"android":{"2.1":0,"2.2":0,"2.3":0,"3":0,"4":0,"4.1":0.299293775883,"4.2-4.3":0.880940170524,"4.4":2.20235042631,"4.4.3-4.4.4":1.25364562728,"56":null},"op_mob":{"10":0,"11":0,"11.1":0,"11.5":0,"12":0,"12.1":0,"0":0.0778736807095},"ie":{"5.5":null,"6":0.00373485882353,"7":null,"8":0.0634926,"9":0.0149394352941,"10":0.0522880235294,"11":0.500471082353},"edge":{"12":0.098523,"13":0.076629,"14":0.343006,"15":null},"bb":{"7":0.05557125,"10":null},"samsung":{"4":1.193988,"5":null},"ie_mob":{"10":0.125525647059,"11":0.636594352941},"op_mini":{"0":17.4826413193},"and_chr":{"0":25.28572},"baidu":{"0":null},"and_ff":{"0":0.831981},"and_qq":{"1.2":null},"and_uc":{"0":10.66968}},"total":97.55097525}