{"id":"CK","name":"Cook Islands","month":"2017-05","access_date":"2017-06-04","data":{"chrome":{"4":null,"5":null,"6":null,"7":null,"8":null,"9":null,"10":null,"11":0.017133,"12":null,"13":null,"14":null,"15":null,"16":null,"17":null,"18":null,"19":null,"20":null,"21":null,"22":null,"23":null,"24":null,"25":null,"26":0.034266,"27":0.005711,"28":0.011422,"29":null,"30":null,"31":null,"32":0.011422,"33":0.005711,"34":null,"35":null,"36":null,"37":null,"38":null,"39":null,"40":null,"41":null,"42":null,"43":null,"44":0.011422,"45":null,"46":null,"47":null,"48":0.142775,"49":1.136489,"50":0.017133,"51":0.034266,"52":null,"53":null,"54":0.108509,"55":0.125642,"56":0.753852,"57":4.660176,"58":15.962245,"59":0.005711,"60":0.034266,"61":null},"firefox":{"2":null,"3":null,"3.5":null,"3.6":0.011422,"4":null,"5":0.05711,"6":null,"7":null,"8":null,"9":null,"10":null,"11":null,"12":null,"13":null,"14":null,"15":null,"16":null,"17":null,"18":null,"19":null,"20":null,"21":null,"22":null,"23":null,"24":null,"25":null,"26":null,"27":null,"28":null,"29":0.034266,"30":null,"31":0.051399,"32":0.005711,"33":null,"34":null,"35":null,"36":0.005711,"37":0.011422,"38":0.022844,"39":null,"40":null,"41":0.022844,"42":null,"43":null,"44":0.028555,"45":0.034266,"46":0.017133,"47":0.051399,"48":0.028555,"49":0.068532,"50":0.125642,"51":0.097087,"52":0.302683,"53":3.969145,"54":0.119931,"55":null,"56":null},"opera":{"9":null,"9.5-9.6":null,"10.0-10.1":0,"10.5":null,"10.6":null,"11":null,"11.1":null,"11.5":null,"11.6":null,"12":0.017133,"12.1":null,"15":null,"16":null,"17":null,"18":null,"19":null,"20":null,"21":null,"22":null,"23":null,"24":null,"25":null,"26":null,"27":null,"28":null,"29":null,"30":null,"31":null,"32":null,"33":null,"34":null,"35":null,"36":null,"37":null,"38":null,"39":null,"40":null,"41":null,"42":null,"43":0.022844,"44":0.085665,"45":0.011422,"46":null},"safari":{"3.1":null,"3.2":null,"4":0,"5":null,"5.1":0.039977,"6":0.028555,"6.1":0.022844,"7":null,"7.1":null,"8":0.039977,"9":0.079954,"9.1":0.325527,"10":0.416903,"10.1":0.662476,"0":null},"ios_saf":{"3.2":0,"4.0-4.1":0,"4.2-4.3":0,"5.0-5.1":0,"6.0-6.1":0,"7.0-7.1":0.134927934506,"8":0,"8.1-8.4":0.149919927229,"9.0-9.2":0.693379663432,"9.3":0.478494434405,"10.0-10.2":2.92718657914,"10.3":7.97698946129},"android":{"2.1":0,"2.2":0,"2.3":0,"3":0,"4":0,"4.1":0.0769721388551,"4.2-4.3":0.226559503045,"4.4":0.566398757613,"4.4.3-4.4.4":0.322411600487,"56":null},"op_mob":{"10":0,"11":0,"11.1":0,"11.5":0,"12":0,"12.1":0,"0":0.00121727716186},"ie":{"5.5":null,"6":null,"7":null,"8":16.150708,"9":0.079954,"10":0.102798,"11":6.105059},"edge":{"12":0.028555,"13":0.354082,"14":1.296397,"15":null},"bb":{"7":0,"10":null},"samsung":{"4":4.696455,"5":null},"ie_mob":{"10":0.0522753411765,"11":0.265110658824},"op_mini":{"0":0.273278722838},"and_chr":{"0":24.364659},"baidu":{"0":null},"and_ff":{"0":0.004289},"and_qq":{"1.2":null},"and_uc":{"0":0.506102}},"total":97.731265}