{"id":"CL","name":"Chile","month":"2017-05","access_date":"2017-06-04","data":{"chrome":{"4":null,"5":null,"6":null,"7":null,"8":null,"9":null,"10":null,"11":0.005773,"12":null,"13":null,"14":null,"15":null,"16":null,"17":null,"18":null,"19":null,"20":null,"21":null,"22":0.046184,"23":null,"24":null,"25":null,"26":0.023092,"27":null,"28":null,"29":null,"30":null,"31":0.023092,"32":0.005773,"33":0.005773,"34":0.040411,"35":0.011546,"36":0.109687,"37":0.017319,"38":0.05773,"39":0.294423,"40":0.011546,"41":0.023092,"42":0.023092,"43":0.046184,"44":0.046184,"45":1.183465,"46":0.075049,"47":0.080822,"48":0.132779,"49":1.783857,"50":0.05773,"51":0.196282,"52":0.051957,"53":0.086595,"54":0.161644,"55":0.432975,"56":0.456067,"57":9.577407,"58":28.940049,"59":0.080822,"60":0.023092,"61":null},"firefox":{"2":null,"3":null,"3.5":null,"3.6":null,"4":null,"5":null,"6":null,"7":null,"8":null,"9":null,"10":null,"11":null,"12":null,"13":null,"14":null,"15":null,"16":null,"17":null,"18":null,"19":null,"20":null,"21":null,"22":null,"23":null,"24":null,"25":null,"26":null,"27":null,"28":null,"29":null,"30":null,"31":null,"32":null,"33":0.017319,"34":0.017319,"35":null,"36":null,"37":0.005773,"38":0.011546,"39":0.011546,"40":0.005773,"41":0.005773,"42":0.005773,"43":0.023092,"44":0.011546,"45":0.063503,"46":0.011546,"47":0.05773,"48":0.17319,"49":0.028865,"50":0.080822,"51":0.05773,"52":0.352153,"53":3.677401,"54":0.028865,"55":null,"56":null},"opera":{"9":null,"9.5-9.6":null,"10.0-10.1":0,"10.5":null,"10.6":null,"11":null,"11.1":null,"11.5":null,"11.6":null,"12":null,"12.1":0.023092,"15":null,"16":null,"17":null,"18":null,"19":null,"20":null,"21":null,"22":null,"23":null,"24":null,"25":null,"26":null,"27":null,"28":null,"29":null,"30":null,"31":null,"32":null,"33":null,"34":null,"35":null,"36":0.017319,"37":null,"38":null,"39":null,"40":null,"41":null,"42":0.011546,"43":0.225147,"44":0.242466,"45":0.352153,"46":null},"safari":{"3.1":null,"3.2":null,"4":0,"5":0.028865,"5.1":0.023092,"6":null,"6.1":0.023092,"7":0.011546,"7.1":null,"8":0.121233,"9":0.144325,"9.1":0.51957,"10":0.600392,"10.1":1.397066,"0":null},"ios_saf":{"3.2":0,"4.0-4.1":0,"4.2-4.3":0,"5.0-5.1":0,"6.0-6.1":0,"7.0-7.1":0.0672890430564,"8":0,"8.1-8.4":0.074765603396,"9.0-9.2":0.345790915706,"9.3":0.238626884172,"10.0-10.2":1.45979840631,"10.3":3.97815314736},"android":{"2.1":0,"2.2":0,"2.3":0,"3":0,"4":0,"4.1":0.0876138416565,"4.2-4.3":0.257882250914,"4.4":0.644705627284,"4.4.3-4.4.4":0.366986280146,"56":null},"op_mob":{"10":0,"11":0,"11.1":0,"11.5":0,"12":0,"12.1":0,"0":0.00123746341463},"ie":{"5.5":null,"6":0.0118293374233,"7":0.00591466871166,"8":0.189269398773,"9":0.28390409816,"10":0.10646403681,"11":1.33080046012},"edge":{"12":0.046184,"13":0.121233,"14":0.767809,"15":null},"bb":{"7":0.004228,"10":null},"samsung":{"4":1.492484,"5":null},"ie_mob":{"10":0.0313369411765,"11":0.158923058824},"op_mini":{"0":0.277810536585},"and_chr":{"0":33.351053},"baidu":{"0":null},"and_ff":{"0":0.016912},"and_qq":{"1.2":null},"and_uc":{"0":0.076104}},"total":98.294771}