{"id":"CM","name":"Cameroon","month":"2017-05","access_date":"2017-06-04","data":{"chrome":{"4":0.002689,"5":null,"6":null,"7":0.002689,"8":null,"9":null,"10":0.005378,"11":0.086048,"12":0.010756,"13":0.021512,"14":0.005378,"15":0.002689,"16":0.005378,"17":0.002689,"18":null,"19":0.016134,"20":null,"21":null,"22":0.002689,"23":0.008067,"24":null,"25":0.016134,"26":0.010756,"27":0.016134,"28":0.016134,"29":0.02689,"30":0.008067,"31":0.037646,"32":0.008067,"33":0.024201,"34":0.008067,"35":0.02689,"36":0.043024,"37":0.008067,"38":0.008067,"39":0.024201,"40":0.013445,"41":0.075292,"42":0.008067,"43":0.13445,"44":0.008067,"45":0.043024,"46":0.02689,"47":0.005378,"48":0.016134,"49":0.427551,"50":0.034957,"51":0.056469,"52":0.018823,"53":0.043024,"54":0.099493,"55":0.290412,"56":0.145206,"57":1.928013,"58":5.378,"59":0.016134,"60":0.040335,"61":null},"firefox":{"2":0.024201,"3":0.174785,"3.5":0.005378,"3.6":0.013445,"4":0.005378,"5":0.008067,"6":null,"7":0.005378,"8":0.002689,"9":null,"10":0.008067,"11":0.013445,"12":0.013445,"13":0.018823,"14":0.013445,"15":0.010756,"16":0.016134,"17":0.008067,"18":0.010756,"19":0.016134,"20":0.018823,"21":0.048402,"22":0.021512,"23":0.013445,"24":0.040335,"25":0.021512,"26":0.029579,"27":0.016134,"28":0.282345,"29":0.034957,"30":0.064536,"31":0.118316,"32":0.02689,"33":0.045713,"34":0.043024,"35":0.048402,"36":0.043024,"37":0.08067,"38":0.083359,"39":0.045713,"40":0.064536,"41":0.091426,"42":0.064536,"43":0.454441,"44":0.123694,"45":0.123694,"46":0.094115,"47":0.580824,"48":0.363015,"49":0.279656,"50":0.301168,"51":0.231254,"52":1.274586,"53":6.034116,"54":0.489398,"55":0.010756,"56":null},"opera":{"9":null,"9.5-9.6":null,"10.0-10.1":0,"10.5":null,"10.6":null,"11":null,"11.1":null,"11.5":null,"11.6":0.024201,"12":0.016134,"12.1":0.018823,"15":null,"16":null,"17":null,"18":null,"19":null,"20":null,"21":null,"22":0.002689,"23":null,"24":null,"25":null,"26":null,"27":null,"28":0.061847,"29":0.005378,"30":0.008067,"31":null,"32":null,"33":null,"34":0.005378,"35":0.005378,"36":0.048402,"37":0.021512,"38":0.005378,"39":null,"40":0.010756,"41":0.005378,"42":0.072603,"43":0.279656,"44":0.164029,"45":0.336125,"46":0.005378},"safari":{"3.1":null,"3.2":null,"4":0,"5":0.002689,"5.1":0.010756,"6":0.005378,"6.1":null,"7":0.002689,"7.1":0.002689,"8":0.037646,"9":0.024201,"9.1":0.051091,"10":0.08067,"10.1":0.072603,"0":null},"ios_saf":{"3.2":0,"4.0-4.1":0,"4.2-4.3":0,"5.0-5.1":0,"6.0-6.1":0,"7.0-7.1":0.0150810309278,"8":0,"8.1-8.4":0.0167567010309,"9.0-9.2":0.077499742268,"9.3":0.0534818041237,"10.0-10.2":0.327174587629,"10.3":0.891596134021},"android":{"2.1":0,"2.2":0,"2.3":0,"3":0,"4":0,"4.1":0.44500181486,"4.2-4.3":1.30981666261,"4.4":3.27454165652,"4.4.3-4.4.4":1.86396986602,"56":null},"op_mob":{"10":0,"11":0,"11.1":0,"11.5":0,"12":0,"12.1":0,"0":0.0762120177384},"ie":{"5.5":null,"6":0.00823803180212,"7":0.0137300530035,"8":0.164760636042,"9":0.0329521272085,"10":0.0631582438163,"11":0.494281908127},"edge":{"12":0.10756,"13":0.091426,"14":0.271589,"15":null},"bb":{"7":0.069445,"10":null},"samsung":{"4":1.12574,"5":null},"ie_mob":{"10":0.201068,"11":1.019702},"op_mini":{"0":17.1095979823},"and_chr":{"0":28.077815},"baidu":{"0":null},"and_ff":{"0":0.13889},"and_qq":{"1.2":null},"and_uc":{"0":17.90219}},"total":97.970704}