{"id":"CN","name":"China","month":"2017-05","access_date":"2017-06-04","data":{"chrome":{"4":null,"5":null,"6":null,"7":null,"8":null,"9":null,"10":null,"11":0.12308,"12":0.01086,"13":null,"14":null,"15":null,"16":null,"17":0.05792,"18":0.0181,"19":null,"20":0.01086,"21":0.06878,"22":0.00362,"23":0.00362,"24":0.00724,"25":0.01086,"26":0.0181,"27":0.01448,"28":0.01086,"29":0.0362,"30":0.02896,"31":0.22444,"32":0.01086,"33":0.03258,"34":0.0181,"35":0.01448,"36":0.02534,"37":0.01448,"38":0.05068,"39":0.06154,"40":0.01448,"41":0.0543,"42":0.0905,"43":0.0362,"44":0.04706,"45":10.05274,"46":0.06154,"47":1.81362,"48":0.22806,"49":1.1222,"50":2.17562,"51":0.11946,"52":0.06878,"53":0.08326,"54":0.25702,"55":0.4163,"56":0.43078,"57":0.83622,"58":1.67968,"59":0.06516,"60":0.06154,"61":null},"firefox":{"2":null,"3":0.00724,"3.5":null,"3.6":null,"4":0.00724,"5":null,"6":null,"7":null,"8":0.39096,"9":null,"10":0.00362,"11":null,"12":null,"13":null,"14":null,"15":null,"16":null,"17":null,"18":null,"19":null,"20":null,"21":0.02896,"22":0.00362,"23":0.00362,"24":0.00362,"25":0.00724,"26":null,"27":0.00362,"28":0.00362,"29":0.00724,"30":null,"31":0.00724,"32":null,"33":0.00362,"34":null,"35":null,"36":0.00724,"37":0.02896,"38":0.0181,"39":0.00362,"40":0.01086,"41":null,"42":null,"43":0.01448,"44":0.00724,"45":0.02896,"46":0.00724,"47":0.04344,"48":0.06154,"49":0.01448,"50":0.03982,"51":0.02172,"52":0.27874,"53":0.90862,"54":0.01086,"55":null,"56":null},"opera":{"9":null,"9.5-9.6":null,"10.0-10.1":0,"10.5":null,"10.6":null,"11":null,"11.1":null,"11.5":null,"11.6":0.00362,"12":0.00362,"12.1":0.01448,"15":null,"16":null,"17":null,"18":null,"19":null,"20":null,"21":null,"22":null,"23":null,"24":null,"25":null,"26":null,"27":null,"28":0.03982,"29":null,"30":null,"31":null,"32":null,"33":null,"34":null,"35":null,"36":null,"37":null,"38":null,"39":null,"40":null,"41":null,"42":null,"43":0.02896,"44":0.02896,"45":0.0362,"46":null},"safari":{"3.1":null,"3.2":null,"4":0.00724,"5":0.00724,"5.1":0.00724,"6":null,"6.1":null,"7":0.00724,"7.1":null,"8":0.02172,"9":0.02534,"9.1":0.06878,"10":0.13394,"10.1":0.35838,"0":null},"ios_saf":{"3.2":0,"4.0-4.1":0,"4.2-4.3":0,"5.0-5.1":0,"6.0-6.1":0,"7.0-7.1":0.135523735597,"8":0,"8.1-8.4":0.150581928441,"9.0-9.2":0.696441419042,"9.3":0.480607321609,"10.0-10.2":2.94011215282,"10.3":8.01221344249},"android":{"2.1":0,"2.2":0,"2.3":0,"3":0,"4":0,"4.1":0.266475736906,"4.2-4.3":0.784343678441,"4.4":1.9608591961,"4.4.3-4.4.4":1.11618138855,"56":null},"op_mob":{"10":0,"11":0,"11.1":0,"11.5":0,"12":0,"12.1":0,"0":0.000113170731707},"ie":{"5.5":null,"6":0.150699986441,"7":0.0215285694915,"8":2.73412832542,"9":1.28633202712,"10":0.543596379661,"11":3.175464},"edge":{"12":0.02172,"13":0.0724,"14":0.543,"15":null},"bb":{"7":0.00638,"10":null},"samsung":{"4":0.638,"5":null},"ie_mob":{"10":0.0115590588235,"11":0.0586209411765},"op_mini":{"0":0.0254068292683},"and_chr":{"0":39.2884},"baidu":{"0":null},"and_ff":{"0":0.01914},"and_qq":{"1.2":null},"and_uc":{"0":7.13922}},"total":95.6497692881}