{"id":"CO","name":"Colombia","month":"2017-05","access_date":"2017-06-04","data":{"chrome":{"4":null,"5":null,"6":null,"7":null,"8":null,"9":null,"10":null,"11":0.013582,"12":null,"13":null,"14":null,"15":null,"16":null,"17":null,"18":null,"19":null,"20":null,"21":null,"22":0.074701,"23":null,"24":null,"25":null,"26":0.033955,"27":null,"28":null,"29":0.013582,"30":null,"31":0.027164,"32":0.006791,"33":null,"34":0.033955,"35":0.013582,"36":0.061119,"37":0.013582,"38":0.047537,"39":0.020373,"40":0.013582,"41":0.020373,"42":0.013582,"43":0.088283,"44":0.06791,"45":0.033955,"46":0.074701,"47":0.040746,"48":0.047537,"49":1.22238,"50":0.06791,"51":0.346341,"52":0.088283,"53":0.142611,"54":0.244476,"55":0.427833,"56":0.903203,"57":12.658424,"58":39.788469,"59":0.108656,"60":0.040746,"61":null},"firefox":{"2":null,"3":0.033955,"3.5":null,"3.6":null,"4":null,"5":null,"6":null,"7":null,"8":null,"9":null,"10":null,"11":null,"12":null,"13":null,"14":null,"15":null,"16":null,"17":null,"18":null,"19":null,"20":null,"21":null,"22":null,"23":null,"24":null,"25":null,"26":null,"27":null,"28":null,"29":null,"30":null,"31":0.006791,"32":null,"33":null,"34":null,"35":null,"36":null,"37":0.020373,"38":0.020373,"39":0.013582,"40":0.006791,"41":null,"42":null,"43":0.033955,"44":0.013582,"45":0.074701,"46":0.013582,"47":0.088283,"48":0.122238,"49":0.033955,"50":0.074701,"51":0.06791,"52":0.237685,"53":2.85222,"54":0.033955,"55":null,"56":null},"opera":{"9":null,"9.5-9.6":null,"10.0-10.1":0,"10.5":null,"10.6":null,"11":null,"11.1":null,"11.5":null,"11.6":null,"12":null,"12.1":0.006791,"15":null,"16":null,"17":null,"18":null,"19":null,"20":null,"21":null,"22":null,"23":null,"24":null,"25":null,"26":null,"27":null,"28":null,"29":null,"30":null,"31":null,"32":null,"33":null,"34":null,"35":null,"36":null,"37":null,"38":null,"39":null,"40":null,"41":null,"42":0.013582,"43":0.129029,"44":0.162984,"45":0.244476,"46":null},"safari":{"3.1":null,"3.2":null,"4":0,"5":0.006791,"5.1":0.020373,"6":null,"6.1":0.020373,"7":0.013582,"7.1":null,"8":0.129029,"9":0.156193,"9.1":0.509325,"10":0.74701,"10.1":1.500811,"0":null},"ios_saf":{"3.2":0,"4.0-4.1":0,"4.2-4.3":0,"5.0-5.1":0,"6.0-6.1":0,"7.0-7.1":0.0266917186173,"8":0,"8.1-8.4":0.0296574651304,"9.0-9.2":0.137165776228,"9.3":0.0946567428745,"10.0-10.2":0.579062006671,"10.3":1.57802429048},"android":{"2.1":0,"2.2":0,"2.3":0,"3":0,"4":0,"4.1":0.127195222899,"4.2-4.3":0.374385939099,"4.4":0.935964847747,"4.4.3-4.4.4":0.532779990256,"56":null},"op_mob":{"10":0,"11":0,"11.1":0,"11.5":0,"12":0,"12.1":0,"0":0.00115267849224},"ie":{"5.5":null,"6":null,"7":null,"8":0.194605895706,"9":0.0792838834356,"10":0.0864915092025,"11":0.814461711656},"edge":{"12":0.040746,"13":0.095074,"14":0.590817,"15":null},"bb":{"7":0.02166075,"10":null},"samsung":{"4":1.171285,"5":null},"ie_mob":{"10":0.0702959764706,"11":0.356501023529},"op_mini":{"0":0.258776321508},"and_chr":{"0":25.242799},"baidu":{"0":null},"and_ff":{"0":0.012836},"and_qq":{"1.2":null},"and_uc":{"0":1.142404}},"total":98.80367975}