{"id":"CR","name":"Costa Rica","month":"2017-05","access_date":"2017-06-04","data":{"chrome":{"4":null,"5":null,"6":null,"7":null,"8":null,"9":null,"10":null,"11":0.021604,"12":null,"13":null,"14":null,"15":null,"16":null,"17":null,"18":null,"19":null,"20":null,"21":null,"22":0.010802,"23":null,"24":null,"25":null,"26":null,"27":null,"28":null,"29":null,"30":null,"31":0.010802,"32":0.021604,"33":0.010802,"34":0.010802,"35":0.010802,"36":0.075614,"37":0.016203,"38":0.016203,"39":0.037807,"40":0.010802,"41":0.005401,"42":0.005401,"43":0.043208,"44":0.021604,"45":0.021604,"46":0.021604,"47":0.032406,"48":0.032406,"49":0.880363,"50":0.037807,"51":0.064812,"52":0.032406,"53":0.027005,"54":0.113421,"55":0.156629,"56":0.658922,"57":8.171713,"58":25.757369,"59":0.064812,"60":0.027005,"61":null},"firefox":{"2":null,"3":null,"3.5":null,"3.6":null,"4":null,"5":null,"6":null,"7":null,"8":null,"9":null,"10":null,"11":null,"12":null,"13":null,"14":null,"15":null,"16":null,"17":null,"18":null,"19":null,"20":null,"21":null,"22":null,"23":null,"24":null,"25":null,"26":null,"27":null,"28":null,"29":null,"30":null,"31":null,"32":null,"33":null,"34":0.016203,"35":0.016203,"36":0.010802,"37":null,"38":0.027005,"39":0.005401,"40":0.010802,"41":0.010802,"42":0.005401,"43":0.027005,"44":0.021604,"45":0.178233,"46":0.016203,"47":0.097218,"48":0.280852,"49":0.075614,"50":0.081015,"51":0.113421,"52":0.421278,"53":5.471213,"54":0.091817,"55":null,"56":null},"opera":{"9":null,"9.5-9.6":null,"10.0-10.1":0,"10.5":null,"10.6":null,"11":null,"11.1":null,"11.5":null,"11.6":null,"12":null,"12.1":null,"15":null,"16":null,"17":null,"18":null,"19":null,"20":null,"21":null,"22":null,"23":null,"24":null,"25":null,"26":null,"27":0.010802,"28":null,"29":0.016203,"30":null,"31":null,"32":null,"33":null,"34":null,"35":null,"36":0.016203,"37":0.005401,"38":null,"39":0.010802,"40":null,"41":null,"42":0.005401,"43":0.140426,"44":0.124223,"45":0.21604,"46":null},"safari":{"3.1":null,"3.2":null,"4":0,"5":0.016203,"5.1":0.037807,"6":0.027005,"6.1":0.048609,"7":0.010802,"7.1":0.005401,"8":0.167431,"9":0.232243,"9.1":0.777744,"10":1.220626,"10.1":2.835525,"0":null},"ios_saf":{"3.2":0,"4.0-4.1":0,"4.2-4.3":0,"5.0-5.1":0,"6.0-6.1":0,"7.0-7.1":0.0701814651304,"8":0,"8.1-8.4":0.0779794057004,"9.0-9.2":0.360654751364,"9.3":0.248884269861,"10.0-10.2":1.5225478963,"10.3":4.14915421164},"android":{"2.1":0,"2.2":0,"2.3":0,"3":0,"4":0,"4.1":0.256513286236,"4.2-4.3":0.755020238733,"4.4":1.88755059683,"4.4.3-4.4.4":1.0744518782,"56":null},"op_mob":{"10":0,"11":0,"11.1":0,"11.5":0,"12":0,"12.1":0,"0":0.0084026075388},"ie":{"5.5":null,"6":null,"7":null,"8":0.108312737127,"9":0.0541563685637,"10":0.113728373984,"11":1.71675688347},"edge":{"12":0.05401,"13":0.194436,"14":1.036992,"15":null},"bb":{"7":0.004599,"10":null},"samsung":{"4":4.939326,"5":null},"ie_mob":{"10":0.0545387294118,"11":0.276589270588},"op_mini":{"0":1.88638539246},"and_chr":{"0":28.105278},"baidu":{"0":null},"and_ff":{"0":0.036792},"and_qq":{"1.2":null},"and_uc":{"0":0.561078}},"total":98.8870533631}