{"id":"CU","name":"Cuba","month":"2017-05","access_date":"2017-06-04","data":{"chrome":{"4":null,"5":null,"6":null,"7":null,"8":null,"9":null,"10":null,"11":0.039315,"12":null,"13":0.015726,"14":null,"15":null,"16":null,"17":null,"18":null,"19":null,"20":null,"21":null,"22":0.023589,"23":0.070767,"24":null,"25":0.031452,"26":0.007863,"27":0.023589,"28":0.055041,"29":0.062904,"30":0.031452,"31":0.062904,"32":0.023589,"33":0.047178,"34":0.055041,"35":0.023589,"36":0.047178,"37":0.031452,"38":0.275205,"39":0.023589,"40":0.031452,"41":0.015726,"42":0.070767,"43":0.023589,"44":0.047178,"45":0.039315,"46":0.102219,"47":0.031452,"48":0.031452,"49":0.172986,"50":0.047178,"51":0.117945,"52":0.070767,"53":0.172986,"54":0.220164,"55":0.298794,"56":0.283068,"57":1.462518,"58":3.766377,"59":0.015726,"60":null,"61":null},"firefox":{"2":0.015726,"3":0.031452,"3.5":0.047178,"3.6":0.23589,"4":0.055041,"5":0.023589,"6":0.023589,"7":0.039315,"8":0.023589,"9":0.023589,"10":0.055041,"11":0.039315,"12":0.039315,"13":0.031452,"14":0.039315,"15":0.094356,"16":0.117945,"17":0.094356,"18":0.062904,"19":0.094356,"20":0.133671,"21":0.133671,"22":0.07863,"23":0.338109,"24":0.283068,"25":0.676218,"26":0.322383,"27":0.220164,"28":0.070767,"29":0.212301,"30":0.267342,"31":0.23589,"32":0.778437,"33":0.408876,"34":1.297395,"35":0.558273,"36":0.676218,"37":1.745586,"38":0.990738,"39":0.888519,"40":2.083695,"41":1.49397,"42":0.888519,"43":2.020791,"44":0.746985,"45":5.834346,"46":1.72986,"47":4.48191,"48":2.453256,"49":2.311722,"50":3.30246,"51":2.162325,"52":6.13314,"53":17.974818,"54":0.613314,"55":0.015726,"56":null},"opera":{"9":null,"9.5-9.6":null,"10.0-10.1":0.007863,"10.5":null,"10.6":null,"11":null,"11.1":null,"11.5":0.015726,"11.6":0.023589,"12":null,"12.1":0.047178,"15":null,"16":null,"17":null,"18":null,"19":null,"20":0.015726,"21":null,"22":null,"23":null,"24":null,"25":null,"26":null,"27":null,"28":null,"29":0.007863,"30":0.015726,"31":null,"32":0.007863,"33":0.023589,"34":0.031452,"35":null,"36":0.031452,"37":0.007863,"38":0.031452,"39":null,"40":null,"41":null,"42":0.086493,"43":0.07863,"44":0.149397,"45":0.102219,"46":null},"safari":{"3.1":null,"3.2":null,"4":0,"5":0.007863,"5.1":null,"6":null,"6.1":null,"7":null,"7.1":null,"8":0.023589,"9":0.007863,"9.1":0.031452,"10":0.070767,"10.1":0.180849,"0":null},"ios_saf":{"3.2":0,"4.0-4.1":0,"4.2-4.3":0,"5.0-5.1":0,"6.0-6.1":0,"7.0-7.1":0.0149688392965,"8":0,"8.1-8.4":0.0166320436628,"9.0-9.2":0.0769232019406,"9.3":0.0530839393572,"10.0-10.2":0.324740652517,"10.3":0.884963323226},"android":{"2.1":0,"2.2":0,"2.3":0,"3":0,"4":0,"4.1":0.102314660171,"4.2-4.3":0.301152584653,"4.4":0.752881461632,"4.4.3-4.4.4":0.428563293544,"56":null},"op_mob":{"10":0,"11":0,"11.1":0,"11.5":0,"12":0,"12.1":0,"0":0.00131664745011},"ie":{"5.5":null,"6":0.015726,"7":0.015726,"8":0.581862,"9":0.086493,"10":0.290931,"11":1.25808},"edge":{"12":0.149397,"13":0.15726,"14":0.141534,"15":null},"bb":{"7":0.003738,"10":null},"samsung":{"4":0.818088,"5":null},"ie_mob":{"10":0.0140724705882,"11":0.0713675294118},"op_mini":{"0":0.29558735255},"and_chr":{"0":15.638988},"baidu":{"0":null},"and_ff":{"0":1.181208},"and_qq":{"1.2":null},"and_uc":{"0":0.465648}},"total":98.873199}