{"id":"CV","name":"Cape Verde","month":"2017-05","access_date":"2017-06-04","data":{"chrome":{"4":null,"5":null,"6":null,"7":null,"8":null,"9":null,"10":null,"11":null,"12":null,"13":null,"14":null,"15":null,"16":null,"17":null,"18":null,"19":0.009298,"20":null,"21":null,"22":null,"23":0.013947,"24":null,"25":0.023245,"26":null,"27":null,"28":null,"29":0.009298,"30":null,"31":0.013947,"32":null,"33":0.041841,"34":0.009298,"35":0.004649,"36":0.748489,"37":0.013947,"38":0.004649,"39":0.018596,"40":0.032543,"41":null,"42":0.055788,"43":2.361692,"44":null,"45":0.097629,"46":0.013947,"47":0.013947,"48":0.004649,"49":0.771734,"50":0.027894,"51":0.069735,"52":0.051139,"53":0.065086,"54":0.23245,"55":0.478847,"56":0.502092,"57":6.689911,"58":21.283122,"59":0.097629,"60":0.09298,"61":null},"firefox":{"2":null,"3":0.009298,"3.5":null,"3.6":null,"4":null,"5":null,"6":null,"7":null,"8":null,"9":null,"10":0.004649,"11":null,"12":0.009298,"13":null,"14":null,"15":null,"16":null,"17":null,"18":null,"19":null,"20":0.004649,"21":null,"22":null,"23":null,"24":0.013947,"25":null,"26":null,"27":null,"28":null,"29":0.009298,"30":0.004649,"31":0.060437,"32":0.018596,"33":0.004649,"34":null,"35":0.004649,"36":0.013947,"37":null,"38":null,"39":null,"40":null,"41":0.009298,"42":0.004649,"43":0.055788,"44":null,"45":0.018596,"46":null,"47":0.134821,"48":0.246397,"49":0.032543,"50":0.032543,"51":0.065086,"52":0.255695,"53":2.55695,"54":0.134821,"55":null,"56":null},"opera":{"9":null,"9.5-9.6":null,"10.0-10.1":0,"10.5":null,"10.6":null,"11":null,"11.1":null,"11.5":null,"11.6":null,"12":null,"12.1":null,"15":null,"16":null,"17":null,"18":null,"19":null,"20":null,"21":null,"22":null,"23":null,"24":null,"25":null,"26":null,"27":null,"28":null,"29":null,"30":null,"31":null,"32":null,"33":null,"34":null,"35":null,"36":0.097629,"37":null,"38":null,"39":null,"40":0.004649,"41":0.023245,"42":0.027894,"43":0.427708,"44":0.209205,"45":0.269642,"46":null},"safari":{"3.1":null,"3.2":null,"4":0,"5":null,"5.1":0.013947,"6":null,"6.1":0.018596,"7":0.009298,"7.1":0.004649,"8":0.041841,"9":0.037192,"9.1":0.241748,"10":0.251046,"10.1":1.315667,"0":null},"ios_saf":{"3.2":0,"4.0-4.1":0,"4.2-4.3":0,"5.0-5.1":0,"6.0-6.1":0,"7.0-7.1":0.0565302607641,"8":0,"8.1-8.4":0.062811400849,"9.0-9.2":0.290502728927,"9.3":0.200473054376,"10.0-10.2":1.22639260158,"10.3":3.34208995351},"android":{"2.1":0,"2.2":0,"2.3":0,"3":0,"4":0,"4.1":0.564337028015,"4.2-4.3":1.66106747868,"4.4":4.15266869671,"4.4.3-4.4.4":2.36382679659,"56":null},"op_mob":{"10":0,"11":0,"11.1":0,"11.5":0,"12":0,"12.1":0,"0":0.00937139689579},"ie":{"5.5":null,"6":null,"7":0.0140142144578,"8":0.116785120482,"9":0.0794138819277,"10":0.154156359036,"11":1.5742634241},"edge":{"12":0.153417,"13":0.18596,"14":0.729893,"15":null},"bb":{"7":0.002675,"10":null},"samsung":{"4":1.33215,"5":null},"ie_mob":{"10":0.136582352941,"11":0.692667647059},"op_mini":{"0":2.1038786031},"and_chr":{"0":35.016651},"baidu":{"0":null},"and_ff":{"0":0.03745},"and_qq":{"1.2":null},"and_uc":{"0":1.93135}},"total":98.744606}