{"id":"CY","name":"Cyprus","month":"2017-05","access_date":"2017-06-04","data":{"chrome":{"4":null,"5":null,"6":null,"7":null,"8":null,"9":null,"10":null,"11":0.00536,"12":0.01072,"13":null,"14":null,"15":null,"16":null,"17":null,"18":null,"19":null,"20":null,"21":null,"22":0.03216,"23":null,"24":null,"25":null,"26":0.01072,"27":0.00536,"28":null,"29":null,"30":0.01072,"31":0.04824,"32":0.00536,"33":null,"34":0.01608,"35":0.01608,"36":0.05896,"37":0.02144,"38":0.09648,"39":0.0268,"40":0.02144,"41":0.04288,"42":0.46632,"43":0.0536,"44":0.03216,"45":0.01072,"46":0.01072,"47":0.0268,"48":0.01072,"49":2.29944,"50":0.03216,"51":0.35376,"52":0.0268,"53":0.04288,"54":0.15008,"55":0.19296,"56":0.44488,"57":8.02928,"58":23.63224,"59":0.0804,"60":0.03752,"61":null},"firefox":{"2":null,"3":null,"3.5":null,"3.6":0.00536,"4":null,"5":null,"6":null,"7":null,"8":null,"9":null,"10":null,"11":null,"12":null,"13":null,"14":null,"15":null,"16":0.00536,"17":null,"18":null,"19":null,"20":null,"21":0.01608,"22":null,"23":null,"24":null,"25":null,"26":0.1072,"27":null,"28":null,"29":null,"30":null,"31":0.00536,"32":0.00536,"33":null,"34":null,"35":0.08576,"36":null,"37":0.01608,"38":0.02144,"39":0.01072,"40":0.00536,"41":0.01072,"42":0.00536,"43":0.02144,"44":null,"45":0.0536,"46":0.01072,"47":0.0804,"48":0.1072,"49":0.02144,"50":0.06432,"51":0.06968,"52":0.72896,"53":4.67392,"54":0.05896,"55":null,"56":null},"opera":{"9":null,"9.5-9.6":null,"10.0-10.1":0,"10.5":null,"10.6":null,"11":null,"11.1":null,"11.5":null,"11.6":null,"12":null,"12.1":0.01072,"15":null,"16":null,"17":null,"18":null,"19":null,"20":null,"21":null,"22":null,"23":null,"24":null,"25":null,"26":null,"27":null,"28":0.03752,"29":null,"30":null,"31":null,"32":null,"33":null,"34":null,"35":null,"36":0.01608,"37":null,"38":null,"39":null,"40":null,"41":0.04824,"42":0.01072,"43":0.24656,"44":0.17152,"45":0.33768,"46":null},"safari":{"3.1":null,"3.2":null,"4":0,"5":0.03752,"5.1":0.04824,"6":null,"6.1":0.04288,"7":0.01072,"7.1":0.02144,"8":0.0804,"9":0.07504,"9.1":0.35376,"10":0.54672,"10.1":1.41504,"0":null},"ios_saf":{"3.2":0,"4.0-4.1":0,"4.2-4.3":0,"5.0-5.1":0,"6.0-6.1":0,"7.0-7.1":0.11188337174,"8":0,"8.1-8.4":0.124314857489,"9.0-9.2":0.574956215888,"9.3":0.39677158682,"10.0-10.2":2.42724759248,"10.3":6.61458637558},"android":{"2.1":0,"2.2":0,"2.3":0,"3":0,"4":0,"4.1":0.0922574421437,"4.2-4.3":0.271550207065,"4.4":0.678875517661,"4.4.3-4.4.4":0.38643683313,"56":null},"op_mob":{"10":0,"11":0,"11.1":0,"11.5":0,"12":0,"12.1":0,"0":0.00133747228381},"ie":{"5.5":null,"6":null,"7":null,"8":0.58424,"9":0.09112,"10":0.10184,"11":3.19456},"edge":{"12":0.03752,"13":0.12328,"14":2.02072,"15":null},"bb":{"7":0.01276,"10":null},"samsung":{"4":5.60976,"5":null},"ie_mob":{"10":0.0405044705882,"11":0.205415529412},"op_mini":{"0":0.300262527716},"and_chr":{"0":26.31232},"baidu":{"0":null},"and_ff":{"0":0.01392},"and_qq":{"1.2":null},"and_uc":{"0":2.30608}},"total":98.69836}