{"id":"CZ","name":"Czech Republic","month":"2017-05","access_date":"2017-06-04","data":{"chrome":{"4":null,"5":null,"6":null,"7":null,"8":null,"9":null,"10":null,"11":0.016812,"12":null,"13":null,"14":null,"15":null,"16":null,"17":null,"18":0.008406,"19":null,"20":null,"21":null,"22":0.033624,"23":null,"24":null,"25":null,"26":0.016812,"27":0.016812,"28":null,"29":0.016812,"30":null,"31":0.016812,"32":0.008406,"33":null,"34":0.327834,"35":0.008406,"36":0.016812,"37":0.016812,"38":0.025218,"39":0.025218,"40":0.016812,"41":0.319428,"42":null,"43":0.369864,"44":0.016812,"45":0.016812,"46":0.016812,"47":0.327834,"48":0.04203,"49":1.941786,"50":0.058842,"51":0.521172,"52":0.319428,"53":0.437112,"54":0.16812,"55":0.899442,"56":2.067876,"57":10.078794,"58":25.663518,"59":0.067248,"60":0.067248,"61":null},"firefox":{"2":null,"3":null,"3.5":null,"3.6":0.008406,"4":null,"5":null,"6":null,"7":null,"8":null,"9":null,"10":null,"11":null,"12":0.008406,"13":null,"14":null,"15":null,"16":null,"17":null,"18":null,"19":null,"20":null,"21":0.050436,"22":null,"23":0.008406,"24":0.067248,"25":0.016812,"26":null,"27":null,"28":0.016812,"29":0.008406,"30":null,"31":0.025218,"32":null,"33":0.008406,"34":null,"35":0.008406,"36":0.008406,"37":0.050436,"38":0.058842,"39":0.033624,"40":0.016812,"41":0.025218,"42":0.016812,"43":0.058842,"44":0.176526,"45":0.638856,"46":0.025218,"47":0.613638,"48":0.277398,"49":0.067248,"50":0.176526,"51":0.193338,"52":3.227904,"53":11.81043,"54":0.33624,"55":null,"56":null},"opera":{"9":null,"9.5-9.6":null,"10.0-10.1":0,"10.5":null,"10.6":null,"11":null,"11.1":null,"11.5":null,"11.6":null,"12":0.016812,"12.1":0.16812,"15":null,"16":null,"17":null,"18":null,"19":null,"20":null,"21":null,"22":null,"23":null,"24":null,"25":null,"26":null,"27":null,"28":0.058842,"29":null,"30":null,"31":null,"32":0.008406,"33":0.008406,"34":null,"35":null,"36":0.117684,"37":0.008406,"38":0.016812,"39":null,"40":null,"41":null,"42":0.025218,"43":1.412208,"44":0.88263,"45":1.294524,"46":0.025218},"safari":{"3.1":null,"3.2":null,"4":0,"5":0.008406,"5.1":0.025218,"6":0.008406,"6.1":0.008406,"7":0.008406,"7.1":null,"8":0.025218,"9":0.369864,"9.1":0.176526,"10":0.277398,"10.1":1.403802,"0":null},"ios_saf":{"3.2":0,"4.0-4.1":0,"4.2-4.3":0,"5.0-5.1":0,"6.0-6.1":0,"7.0-7.1":0.0322560764099,"8":0,"8.1-8.4":0.0358400848999,"9.0-9.2":0.165760392662,"9.3":0.114389604306,"10.0-10.2":0.699777657671,"10.3":1.90699118405},"android":{"2.1":0,"2.2":0,"2.3":0,"3":0,"4":0,"4.1":0.0546063325213,"4.2-4.3":0.160728073082,"4.4":0.401820182704,"4.4.3-4.4.4":0.228728411693,"56":null},"op_mob":{"10":0,"11":0,"11.1":0,"11.5":0,"12":0,"12.1":0,"0":0.00161066075388},"ie":{"5.5":null,"6":null,"7":0.00847397304582,"8":0.194901380054,"9":0.127109595687,"10":0.161005487871,"11":5.79619756334},"edge":{"12":0.344646,"13":0.33624,"14":2.168748,"15":null},"bb":{"7":0.01792125,"10":null},"samsung":{"4":1.17882,"5":null},"ie_mob":{"10":0.0611337176471,"11":0.310035282353},"op_mini":{"0":0.361593339246},"and_chr":{"0":10.13868},"baidu":{"0":null},"and_ff":{"0":0.017523},"and_qq":{"1.2":null},"and_uc":{"0":0.07965}},"total":93.47118525}