{"id":"DE","name":"Germany","month":"2017-05","access_date":"2017-06-04","data":{"chrome":{"4":null,"5":null,"6":null,"7":null,"8":null,"9":null,"10":null,"11":0.0183,"12":null,"13":null,"14":null,"15":null,"16":null,"17":null,"18":null,"19":null,"20":null,"21":0.0061,"22":0.0305,"23":null,"24":0.0061,"25":null,"26":0.0122,"27":null,"28":null,"29":0.0061,"30":null,"31":0.0122,"32":null,"33":0.0122,"34":0.0366,"35":0.0122,"36":0.0183,"37":0.0244,"38":0.0305,"39":0.0305,"40":0.0122,"41":0.0793,"42":0.0549,"43":0.0488,"44":0.0244,"45":0.0488,"46":0.0244,"47":0.0366,"48":0.061,"49":0.5612,"50":0.061,"51":0.3294,"52":0.0671,"53":0.0976,"54":0.2013,"55":0.3904,"56":0.4392,"57":4.4835,"58":13.1516,"59":0.0732,"60":0.0366,"61":null},"firefox":{"2":0.0061,"3":0.0122,"3.5":null,"3.6":0.0244,"4":null,"5":null,"6":null,"7":null,"8":null,"9":0.0122,"10":0.0061,"11":null,"12":0.0183,"13":null,"14":null,"15":null,"16":0.0183,"17":null,"18":null,"19":null,"20":0.0122,"21":0.0061,"22":0.0122,"23":null,"24":0.0305,"25":0.0061,"26":0.0183,"27":null,"28":0.0183,"29":0.0122,"30":0.0122,"31":0.0305,"32":0.0122,"33":0.0366,"34":0.0183,"35":0.0305,"36":0.0366,"37":0.0244,"38":0.5917,"39":0.061,"40":0.0732,"41":0.0732,"42":0.1342,"43":0.1586,"44":0.0366,"45":0.9211,"46":0.0671,"47":0.2745,"48":0.4514,"49":0.1891,"50":0.2867,"51":0.2867,"52":1.9032,"53":15.372,"54":0.1586,"55":0.0061,"56":null},"opera":{"9":null,"9.5-9.6":null,"10.0-10.1":0,"10.5":null,"10.6":null,"11":null,"11.1":null,"11.5":null,"11.6":null,"12":null,"12.1":0.2379,"15":null,"16":null,"17":null,"18":null,"19":null,"20":null,"21":null,"22":null,"23":null,"24":null,"25":null,"26":null,"27":null,"28":null,"29":null,"30":null,"31":null,"32":0.0061,"33":null,"34":null,"35":null,"36":0.061,"37":0.0061,"38":0.0183,"39":0.0061,"40":null,"41":0.0122,"42":0.0305,"43":0.5673,"44":0.5063,"45":0.7137,"46":0.0183},"safari":{"3.1":null,"3.2":null,"4":0.0244,"5":0.0427,"5.1":0.1037,"6":0.0061,"6.1":0.0549,"7":0.0305,"7.1":0.0061,"8":0.1098,"9":0.1281,"9.1":0.4758,"10":0.8113,"10.1":2.501,"0":null},"ios_saf":{"3.2":0,"4.0-4.1":0,"4.2-4.3":0,"5.0-5.1":0,"6.0-6.1":0,"7.0-7.1":0.122562644027,"8":0,"8.1-8.4":0.136180715585,"9.0-9.2":0.629835809582,"9.3":0.434643450576,"10.0-10.2":2.6589284718,"10.3":7.24594890843},"android":{"2.1":0,"2.2":0,"2.3":0,"3":0,"4":0,"4.1":0.0825792935445,"4.2-4.3":0.243063580999,"4.4":0.607658952497,"4.4.3-4.4.4":0.34589817296,"56":null},"op_mob":{"10":0,"11":0,"11.1":0,"11.5":0,"12":0,"12.1":0,"0":0.0014354767184},"ie":{"5.5":null,"6":0.0247473309609,"7":0.0494946619217,"8":0.266033807829,"9":0.197978647687,"10":0.235099644128,"11":6.18064590747},"edge":{"12":0.0732,"13":0.1769,"14":2.8243,"15":null},"bb":{"7":0.01365,"10":null},"samsung":{"4":6.8991,"5":null},"ie_mob":{"10":0.0661623529412,"11":0.335537647059},"op_mini":{"0":0.322264523282},"and_chr":{"0":18.3288},"baidu":{"0":null},"and_ff":{"0":0.0975},"and_qq":{"1.2":null},"and_uc":{"0":0.3744}},"total":97.45125}