{"id":"DJ","name":"Djibouti","month":"2017-05","access_date":"2017-06-04","data":{"chrome":{"4":null,"5":null,"6":null,"7":null,"8":null,"9":0.004735,"10":null,"11":0.00947,"12":null,"13":null,"14":null,"15":null,"16":null,"17":null,"18":0.014205,"19":null,"20":0.089965,"21":0.004735,"22":null,"23":null,"24":null,"25":0.023675,"26":null,"27":null,"28":0.00947,"29":0.00947,"30":0.033145,"31":0.04735,"32":null,"33":0.033145,"34":null,"35":null,"36":0.68184,"37":0.004735,"38":0.00947,"39":0.004735,"40":0.089965,"41":0.00947,"42":null,"43":0.383535,"44":0.459295,"45":0.1894,"46":0.071025,"47":0.00947,"48":0.014205,"49":0.93753,"50":0.13258,"51":0.023675,"52":0.03788,"53":0.033145,"54":0.00947,"55":0.345655,"56":0.203605,"57":7.703845,"58":20.346295,"59":0.40721,"60":0.080495,"61":null},"firefox":{"2":null,"3":0.00947,"3.5":null,"3.6":0.232015,"4":null,"5":null,"6":null,"7":null,"8":null,"9":0.00947,"10":null,"11":0.00947,"12":0.00947,"13":null,"14":null,"15":null,"16":0.004735,"17":null,"18":0.004735,"19":null,"20":null,"21":null,"22":null,"23":0.014205,"24":0.00947,"25":null,"26":null,"27":null,"28":null,"29":0.004735,"30":0.01894,"31":0.004735,"32":null,"33":0.033145,"34":null,"35":0.08523,"36":0.06629,"37":null,"38":0.014205,"39":0.014205,"40":0.014205,"41":0.02841,"42":null,"43":0.089965,"44":0.00947,"45":0.10417,"46":0.01894,"47":0.118375,"48":0.052085,"49":0.033145,"50":0.052085,"51":0.10417,"52":0.73866,"53":6.28808,"54":0.49244,"55":null,"56":null},"opera":{"9":null,"9.5-9.6":null,"10.0-10.1":0,"10.5":null,"10.6":null,"11":null,"11.1":null,"11.5":null,"11.6":0.00947,"12":null,"12.1":0.16099,"15":null,"16":null,"17":null,"18":null,"19":null,"20":null,"21":0.00947,"22":null,"23":null,"24":null,"25":null,"26":null,"27":null,"28":null,"29":null,"30":null,"31":0.00947,"32":null,"33":null,"34":null,"35":null,"36":null,"37":0.004735,"38":null,"39":null,"40":null,"41":null,"42":0.02841,"43":0.194135,"44":0.137315,"45":0.42615,"46":null},"safari":{"3.1":null,"3.2":null,"4":0,"5":null,"5.1":null,"6":0.042615,"6.1":0.01894,"7":null,"7.1":0.01894,"8":0.02841,"9":0.01894,"9.1":0.250955,"10":0.23675,"10.1":0.440355,"0":null},"ios_saf":{"3.2":0,"4.0-4.1":0,"4.2-4.3":0,"5.0-5.1":0,"6.0-6.1":0,"7.0-7.1":0.0427585688296,"8":0,"8.1-8.4":0.0475095209218,"9.0-9.2":0.219731534263,"9.3":0.151634554275,"10.0-10.2":0.927623395998,"10.3":2.52790242571},"android":{"2.1":0,"2.2":0,"2.3":0,"3":0,"4":0,"4.1":0.381350170524,"4.2-4.3":1.12246465286,"4.4":2.80616163216,"4.4.3-4.4.4":1.59735354446,"56":null},"op_mob":{"10":0,"11":0,"11.1":0,"11.5":0,"12":0,"12.1":0,"0":0.0163903769401},"ie":{"5.5":null,"6":null,"7":0.004735,"8":0.156255,"9":0.02841,"10":0.06629,"11":1.83718},"edge":{"12":0.099435,"13":0.175195,"14":0.733925,"15":null},"bb":{"7":0.01053,"10":null},"samsung":{"4":5.06493,"5":null},"ie_mob":{"10":0.128342117647,"11":0.650877882353},"op_mini":{"0":3.67963962306},"and_chr":{"0":29.763365},"baidu":{"0":null},"and_ff":{"0":0.015795},"and_qq":{"1.2":null},"and_uc":{"0":3.480165}},"total":98.92862}