{"id":"DK","name":"Denmark","month":"2017-05","access_date":"2017-06-04","data":{"chrome":{"4":null,"5":null,"6":null,"7":null,"8":null,"9":null,"10":null,"11":null,"12":null,"13":null,"14":null,"15":null,"16":null,"17":null,"18":null,"19":null,"20":null,"21":0.013068,"22":0.013068,"23":null,"24":null,"25":null,"26":null,"27":null,"28":null,"29":null,"30":null,"31":0.006534,"32":null,"33":null,"34":0.117612,"35":0.006534,"36":0.019602,"37":0.013068,"38":0.026136,"39":0.026136,"40":0.013068,"41":0.117612,"42":0.013068,"43":0.143748,"44":0.019602,"45":0.026136,"46":0.019602,"47":0.117612,"48":0.052272,"49":0.692604,"50":0.09801,"51":0.42471,"52":0.137214,"53":0.16335,"54":0.411642,"55":0.581526,"56":1.04544,"57":9.34362,"58":22.790592,"59":0.071874,"60":0.03267,"61":null},"firefox":{"2":null,"3":null,"3.5":null,"3.6":null,"4":null,"5":null,"6":null,"7":null,"8":null,"9":null,"10":null,"11":null,"12":null,"13":null,"14":null,"15":null,"16":null,"17":null,"18":null,"19":null,"20":null,"21":0.006534,"22":null,"23":null,"24":null,"25":null,"26":null,"27":null,"28":null,"29":0.006534,"30":null,"31":0.006534,"32":null,"33":null,"34":null,"35":null,"36":null,"37":0.006534,"38":0.019602,"39":0.006534,"40":0.006534,"41":null,"42":0.006534,"43":0.019602,"44":0.026136,"45":0.35937,"46":0.03267,"47":0.274428,"48":0.699138,"49":0.058806,"50":0.058806,"51":0.06534,"52":1.130382,"53":4.560732,"54":0.13068,"55":null,"56":null},"opera":{"9":null,"9.5-9.6":null,"10.0-10.1":0,"10.5":null,"10.6":null,"11":null,"11.1":null,"11.5":null,"11.6":null,"12":null,"12.1":0.013068,"15":null,"16":null,"17":null,"18":null,"19":null,"20":null,"21":null,"22":null,"23":null,"24":null,"25":null,"26":null,"27":null,"28":null,"29":null,"30":null,"31":null,"32":null,"33":null,"34":null,"35":null,"36":0.019602,"37":null,"38":0.006534,"39":null,"40":null,"41":null,"42":0.006534,"43":0.35937,"44":0.16335,"45":0.222156,"46":null},"safari":{"3.1":null,"3.2":null,"4":0.006534,"5":0.013068,"5.1":0.039204,"6":null,"6.1":0.03267,"7":0.019602,"7.1":0.013068,"8":0.189486,"9":0.346302,"9.1":0.973566,"10":1.444014,"10.1":4.390848,"0":null},"ios_saf":{"3.2":0,"4.0-4.1":0,"4.2-4.3":0,"5.0-5.1":0,"6.0-6.1":0,"7.0-7.1":0.192667644633,"8":0,"8.1-8.4":0.214075160703,"9.0-9.2":0.990097618253,"9.3":0.683256554579,"10.0-10.2":4.17981751273,"10.3":11.3905825091},"android":{"2.1":0,"2.2":0,"2.3":0,"3":0,"4":0,"4.1":0.0329006053593,"4.2-4.3":0.0968395176614,"4.4":0.242098794153,"4.4.3-4.4.4":0.137810082826,"56":null},"op_mob":{"10":0,"11":0,"11.1":0,"11.5":0,"12":0,"12.1":0,"0":0.000630363636364},"ie":{"5.5":null,"6":0.0198079426934,"7":0.0264105902579,"8":0.145258246418,"9":0.145258246418,"10":0.554622395415,"11":6.0216145788},"edge":{"12":0.169884,"13":0.241758,"14":3.03831,"15":null},"bb":{"7":0.00433375,"10":null},"samsung":{"4":2.953884,"5":null},"ie_mob":{"10":0.0451117882353,"11":0.228781211765},"op_mini":{"0":0.141516636364},"and_chr":{"0":12.460532},"baidu":{"0":null},"and_ff":{"0":0.038137},"and_qq":{"1.2":null},"and_uc":{"0":0.575522}},"total":97.26965475}