{"id":"DM","name":"Dominica","month":"2017-05","access_date":"2017-06-04","data":{"chrome":{"4":null,"5":null,"6":null,"7":null,"8":null,"9":null,"10":null,"11":0.010956,"12":null,"13":null,"14":null,"15":null,"16":null,"17":null,"18":null,"19":null,"20":0.005478,"21":null,"22":0.038346,"23":null,"24":null,"25":null,"26":0.005478,"27":null,"28":null,"29":0.005478,"30":0.010956,"31":0.005478,"32":null,"33":null,"34":0.005478,"35":null,"36":0.953172,"37":null,"38":0.005478,"39":0.016434,"40":0.016434,"41":0.005478,"42":0.010956,"43":0.005478,"44":0.060258,"45":0.394416,"46":null,"47":0.010956,"48":0.104082,"49":0.887436,"50":0.010956,"51":0.021912,"52":0.032868,"53":0.021912,"54":0.016434,"55":0.838134,"56":0.180774,"57":8.238912,"58":22.04895,"59":0.213642,"60":0.153384,"61":null},"firefox":{"2":null,"3":0.043824,"3.5":null,"3.6":null,"4":null,"5":null,"6":null,"7":null,"8":null,"9":null,"10":null,"11":null,"12":null,"13":null,"14":null,"15":null,"16":null,"17":null,"18":null,"19":null,"20":null,"21":null,"22":null,"23":null,"24":null,"25":null,"26":null,"27":null,"28":0.010956,"29":null,"30":null,"31":null,"32":null,"33":null,"34":null,"35":null,"36":null,"37":null,"38":0.021912,"39":null,"40":null,"41":null,"42":null,"43":0.010956,"44":0.016434,"45":0.010956,"46":null,"47":0.065736,"48":0.010956,"49":0.016434,"50":0.125994,"51":0.049302,"52":0.76692,"53":3.47853,"54":0.010956,"55":null,"56":null},"opera":{"9":null,"9.5-9.6":null,"10.0-10.1":0,"10.5":null,"10.6":null,"11":null,"11.1":null,"11.5":null,"11.6":null,"12":null,"12.1":0.08217,"15":null,"16":null,"17":null,"18":null,"19":null,"20":null,"21":null,"22":null,"23":null,"24":null,"25":null,"26":null,"27":null,"28":null,"29":null,"30":null,"31":null,"32":null,"33":null,"34":null,"35":null,"36":null,"37":null,"38":null,"39":null,"40":null,"41":null,"42":0.08217,"43":0.317724,"44":0.147906,"45":1.12299,"46":null},"safari":{"3.1":null,"3.2":null,"4":0.016434,"5":null,"5.1":null,"6":null,"6.1":null,"7":null,"7.1":0.02739,"8":0.02739,"9":0.02739,"9.1":0.213642,"10":0.427284,"10.1":1.28733,"0":null},"ios_saf":{"3.2":0,"4.0-4.1":0,"4.2-4.3":0,"5.0-5.1":0,"6.0-6.1":0,"7.0-7.1":0.0415526234081,"8":0,"8.1-8.4":0.0461695815646,"9.0-9.2":0.213534314736,"9.3":0.147357914494,"10.0-10.2":0.901461080049,"10.3":2.45660648575},"android":{"2.1":0,"2.2":0,"2.3":0,"3":0,"4":0,"4.1":0.263545114495,"4.2-4.3":0.775717695493,"4.4":1.93929423873,"4.4.3-4.4.4":1.10390595128,"56":null},"op_mob":{"10":0,"11":0,"11.1":0,"11.5":0,"12":0,"12.1":0,"0":0.00284692682927},"ie":{"5.5":null,"6":0.0522793854352,"7":0.0232352824156,"8":0.26720574778,"9":0.156838156306,"10":0.191691079929,"11":2.57911634813},"edge":{"12":0.208164,"13":0.19173,"14":4.201626,"15":null},"bb":{"7":0.03277725,"10":null},"samsung":{"4":3.756951,"5":null},"ie_mob":{"10":0.118397011765,"11":0.600441988235},"op_mini":{"0":0.639135073171},"and_chr":{"0":33.590634},"baidu":{"0":null},"and_ff":{"0":0.013563},"and_qq":{"1.2":null},"and_uc":{"0":0.574167}},"total":97.84573425}