{"id":"DO","name":"Dominican Republic","month":"2017-05","access_date":"2017-06-04","data":{"chrome":{"4":null,"5":null,"6":null,"7":null,"8":null,"9":null,"10":null,"11":0.02895,"12":null,"13":null,"14":null,"15":null,"16":null,"17":null,"18":null,"19":null,"20":null,"21":0.01158,"22":0.02895,"23":null,"24":null,"25":0.01158,"26":0.00579,"27":0.00579,"28":0.00579,"29":0.03474,"30":null,"31":0.02895,"32":null,"33":0.00579,"34":0.03474,"35":0.01158,"36":0.06948,"37":0.01737,"38":0.02316,"39":0.06369,"40":0.01158,"41":0.01737,"42":0.01737,"43":0.06948,"44":0.02895,"45":0.02895,"46":0.02316,"47":0.0579,"48":0.06369,"49":1.95123,"50":0.04053,"51":0.79902,"52":0.08106,"53":0.2316,"54":0.48636,"55":0.59637,"56":1.00167,"57":8.9166,"58":28.6026,"59":0.10422,"60":0.0579,"61":null},"firefox":{"2":null,"3":0.01737,"3.5":null,"3.6":null,"4":null,"5":null,"6":null,"7":null,"8":null,"9":null,"10":null,"11":null,"12":null,"13":null,"14":null,"15":null,"16":null,"17":null,"18":null,"19":null,"20":null,"21":null,"22":null,"23":null,"24":null,"25":null,"26":null,"27":null,"28":null,"29":null,"30":null,"31":null,"32":null,"33":null,"34":null,"35":0.00579,"36":null,"37":0.02316,"38":0.01158,"39":null,"40":null,"41":0.00579,"42":null,"43":0.02895,"44":0.01158,"45":0.06948,"46":0.02316,"47":0.13317,"48":0.22002,"49":0.11001,"50":0.16212,"51":0.12738,"52":0.43425,"53":3.00501,"54":0.06369,"55":null,"56":null},"opera":{"9":null,"9.5-9.6":null,"10.0-10.1":0,"10.5":null,"10.6":null,"11":null,"11.1":null,"11.5":null,"11.6":null,"12":null,"12.1":0.00579,"15":null,"16":null,"17":null,"18":null,"19":null,"20":null,"21":null,"22":null,"23":null,"24":null,"25":null,"26":null,"27":null,"28":0.01158,"29":null,"30":null,"31":null,"32":null,"33":null,"34":null,"35":null,"36":0.02895,"37":null,"38":0.01737,"39":null,"40":0.01158,"41":0.01158,"42":0.04632,"43":0.20844,"44":0.23739,"45":0.37635,"46":null},"safari":{"3.1":null,"3.2":null,"4":0.02895,"5":0.02895,"5.1":0.03474,"6":null,"6.1":0.02895,"7":0.01158,"7.1":null,"8":0.14475,"9":0.16212,"9.1":0.53268,"10":0.79323,"10.1":1.7949,"0":null},"ios_saf":{"3.2":0,"4.0-4.1":0,"4.2-4.3":0,"5.0-5.1":0,"6.0-6.1":0,"7.0-7.1":0.0667268405094,"8":0,"8.1-8.4":0.0741409338993,"9.0-9.2":0.342901819284,"9.3":0.236633147362,"10.0-10.2":1.44760173438,"10.3":3.94491552456},"android":{"2.1":0,"2.2":0,"2.3":0,"3":0,"4":0,"4.1":0.183450365408,"4.2-4.3":0.539967113276,"4.4":1.34991778319,"4.4.3-4.4.4":0.768414738124,"56":null},"op_mob":{"10":0,"11":0,"11.1":0,"11.5":0,"12":0,"12.1":0,"0":0.002184345898},"ie":{"5.5":null,"6":0.0135324418605,"7":0.00676622093023,"8":0.561596337209,"9":0.169155523256,"10":0.223285290698,"11":1.35324418605},"edge":{"12":0.08106,"13":0.10422,"14":0.78165,"15":null},"bb":{"7":0.02526,"10":null},"samsung":{"4":2.11342,"5":null},"ie_mob":{"10":0.0554729411765,"11":0.281327058824},"op_mini":{"0":0.490385654102},"and_chr":{"0":30.31845},"baidu":{"0":null},"and_ff":{"0":0.01263},"and_qq":{"1.2":null},"and_uc":{"0":0.26102}},"total":98.35358}