{"id":"DZ","name":"Algeria","month":"2017-05","access_date":"2017-06-04","data":{"chrome":{"4":0.011658,"5":0.023316,"6":0.005829,"7":0.005829,"8":0.005829,"9":null,"10":0.011658,"11":0.052461,"12":0.017487,"13":0.011658,"14":0.017487,"15":0.034974,"16":0.023316,"17":0.023316,"18":0.052461,"19":0.017487,"20":0.017487,"21":0.017487,"22":0.034974,"23":0.017487,"24":0.011658,"25":0.052461,"26":0.052461,"27":0.023316,"28":0.040803,"29":0.075777,"30":0.052461,"31":0.104922,"32":0.064119,"33":0.192357,"34":0.075777,"35":0.017487,"36":0.122409,"37":0.023316,"38":0.052461,"39":0.099093,"40":0.139896,"41":0.034974,"42":0.029145,"43":2.197533,"44":0.064119,"45":0.099093,"46":0.064119,"47":0.093264,"48":0.151554,"49":2.687169,"50":0.11658,"51":0.390543,"52":0.081606,"53":0.186528,"54":0.250647,"55":0.740283,"56":0.792744,"57":6.656718,"58":21.940356,"59":0.157383,"60":0.099093,"61":null},"firefox":{"2":null,"3":0.075777,"3.5":0.005829,"3.6":0.046632,"4":0.011658,"5":null,"6":null,"7":null,"8":0.005829,"9":null,"10":0.011658,"11":0.017487,"12":0.034974,"13":0.011658,"14":0.011658,"15":0.017487,"16":0.011658,"17":0.011658,"18":0.011658,"19":0.011658,"20":0.011658,"21":0.017487,"22":0.017487,"23":0.017487,"24":0.011658,"25":0.023316,"26":0.023316,"27":0.017487,"28":0.011658,"29":0.186528,"30":0.046632,"31":0.029145,"32":0.029145,"33":0.034974,"34":0.05829,"35":0.046632,"36":0.034974,"37":0.040803,"38":0.052461,"39":0.046632,"40":0.069948,"41":0.052461,"42":0.052461,"43":0.238989,"44":0.052461,"45":0.099093,"46":0.05829,"47":0.361398,"48":0.215673,"49":0.139896,"50":0.209844,"51":0.180699,"52":1.189116,"53":5.974725,"54":0.326424,"55":null,"56":null},"opera":{"9":null,"9.5-9.6":null,"10.0-10.1":0,"10.5":null,"10.6":null,"11":null,"11.1":null,"11.5":null,"11.6":0.011658,"12":null,"12.1":0.040803,"15":null,"16":null,"17":null,"18":null,"19":null,"20":0.017487,"21":null,"22":null,"23":null,"24":null,"25":null,"26":null,"27":null,"28":null,"29":null,"30":null,"31":null,"32":null,"33":0.005829,"34":0.005829,"35":null,"36":0.134067,"37":0.017487,"38":0.011658,"39":0.011658,"40":0.017487,"41":0.023316,"42":0.099093,"43":0.518781,"44":0.64119,"45":0.722796,"46":0.023316},"safari":{"3.1":null,"3.2":null,"4":0.029145,"5":null,"5.1":0.040803,"6":0.011658,"6.1":null,"7":0.023316,"7.1":null,"8":0.034974,"9":0.034974,"9.1":0.064119,"10":0.075777,"10.1":0.163212,"0":null},"ios_saf":{"3.2":0,"4.0-4.1":0,"4.2-4.3":0,"5.0-5.1":0,"6.0-6.1":0,"7.0-7.1":0.0152486961795,"8":0,"8.1-8.4":0.016942995755,"9.0-9.2":0.0783613553669,"9.3":0.0540763947847,"10.0-10.2":0.330811992116,"10.3":0.901508565797},"android":{"2.1":0,"2.2":0,"2.3":0,"3":0,"4":0,"4.1":0.309575517661,"4.2-4.3":0.911203410475,"4.4":2.27800852619,"4.4.3-4.4.4":1.29671254568,"56":null},"op_mob":{"10":0,"11":0,"11.1":0,"11.5":0,"12":0,"12.1":0,"0":0.00625037694013},"ie":{"5.5":null,"6":0.041531625,"7":0.0484535625,"8":0.775257,"9":0.179970375,"10":0.2422678125,"11":0.927539625},"edge":{"12":0.052461,"13":0.046632,"14":0.227331,"15":null},"bb":{"7":0.0052125,"10":null},"samsung":{"4":1.68885,"5":null},"ie_mob":{"10":0.0508249411765,"11":0.257755058824},"op_mini":{"0":1.40320962306},"and_chr":{"0":32.662656},"baidu":{"0":null},"and_ff":{"0":0.02085},"and_qq":{"1.2":null},"and_uc":{"0":1.30104}},"total":97.6239285}