{"id":"EC","name":"Ecuador","month":"2017-05","access_date":"2017-06-04","data":{"chrome":{"4":null,"5":null,"6":null,"7":null,"8":null,"9":null,"10":null,"11":0.006896,"12":null,"13":null,"14":null,"15":null,"16":null,"17":null,"18":0.013792,"19":null,"20":null,"21":0.006896,"22":0.110336,"23":null,"24":null,"25":null,"26":0.03448,"27":0.020688,"28":0.006896,"29":0.027584,"30":0.006896,"31":0.020688,"32":0.013792,"33":0.013792,"34":0.03448,"35":0.020688,"36":0.13792,"37":0.020688,"38":0.041376,"39":0.03448,"40":0.020688,"41":0.089648,"42":0.013792,"43":0.082752,"44":0.041376,"45":0.055168,"46":0.027584,"47":0.048272,"48":0.048272,"49":1.537808,"50":0.062064,"51":0.179296,"52":0.082752,"53":0.144816,"54":0.234464,"55":0.372384,"56":0.72408,"57":10.495712,"58":34.107616,"59":0.1724,"60":0.062064,"61":null},"firefox":{"2":null,"3":0.006896,"3.5":null,"3.6":0.006896,"4":null,"5":null,"6":null,"7":null,"8":null,"9":null,"10":null,"11":null,"12":0.006896,"13":null,"14":0.006896,"15":null,"16":0.006896,"17":null,"18":null,"19":null,"20":null,"21":0.06896,"22":0.020688,"23":0.013792,"24":0.013792,"25":0.013792,"26":null,"27":0.013792,"28":0.013792,"29":0.020688,"30":0.013792,"31":0.027584,"32":0.013792,"33":0.020688,"34":0.020688,"35":0.027584,"36":0.027584,"37":0.10344,"38":0.041376,"39":0.03448,"40":0.03448,"41":0.089648,"42":0.03448,"43":0.131024,"44":0.041376,"45":0.110336,"46":0.055168,"47":0.255152,"48":0.386176,"49":0.124128,"50":0.20688,"51":0.213776,"52":0.627536,"53":8.502768,"54":0.082752,"55":null,"56":null},"opera":{"9":null,"9.5-9.6":null,"10.0-10.1":0,"10.5":null,"10.6":null,"11":null,"11.1":null,"11.5":null,"11.6":null,"12":0.006896,"12.1":0.013792,"15":null,"16":null,"17":null,"18":null,"19":null,"20":null,"21":null,"22":null,"23":null,"24":null,"25":null,"26":null,"27":null,"28":0.075856,"29":null,"30":null,"31":null,"32":null,"33":null,"34":null,"35":null,"36":0.013792,"37":0.013792,"38":null,"39":null,"40":null,"41":0.006896,"42":0.020688,"43":0.248256,"44":0.27584,"45":0.331008,"46":null},"safari":{"3.1":null,"3.2":null,"4":0.013792,"5":0.020688,"5.1":0.041376,"6":0.006896,"6.1":0.027584,"7":0.03448,"7.1":null,"8":0.199984,"9":0.165504,"9.1":0.696496,"10":0.703392,"10.1":1.606768,"0":null},"ios_saf":{"3.2":0,"4.0-4.1":0,"4.2-4.3":0,"5.0-5.1":0,"6.0-6.1":0,"7.0-7.1":0.0298503529412,"8":0,"8.1-8.4":0.0331670588235,"9.0-9.2":0.153397647059,"9.3":0.105858196078,"10.0-10.2":0.647586823529,"10.3":1.76476392157},"android":{"2.1":0,"2.2":0,"2.3":0,"3":0,"4":0,"4.1":0.138462596833,"4.2-4.3":0.407550285018,"4.4":1.01887571255,"4.4.3-4.4.4":0.579975405603,"56":null},"op_mob":{"10":0,"11":0,"11.1":0,"11.5":0,"12":0,"12.1":0,"0":0.00462502882483},"ie":{"5.5":null,"6":null,"7":null,"8":0.197262875676,"9":0.0876723891892,"10":0.116896518919,"11":0.949784216216},"edge":{"12":0.055168,"13":0.117232,"14":0.696496,"15":null},"bb":{"7":0.033368,"10":null},"samsung":{"4":3.079168,"5":null},"ie_mob":{"10":0.150817882353,"11":0.764862117647},"op_mini":{"0":1.03831897118},"and_chr":{"0":20.745664},"baidu":{"0":null},"and_ff":{"0":0.021728},"and_qq":{"1.2":null},"and_uc":{"0":0.366272}},"total":98.44444}