{"id":"EE","name":"Estonia","month":"2017-05","access_date":"2017-06-04","data":{"chrome":{"4":null,"5":null,"6":null,"7":null,"8":null,"9":null,"10":null,"11":0.007802,"12":null,"13":null,"14":null,"15":null,"16":null,"17":null,"18":0.031208,"19":null,"20":null,"21":null,"22":0.023406,"23":0.015604,"24":0.015604,"25":null,"26":0.007802,"27":0.03901,"28":null,"29":null,"30":null,"31":0.015604,"32":null,"33":null,"34":0.03901,"35":0.007802,"36":0.101426,"37":0.070218,"38":0.031208,"39":0.070218,"40":0.023406,"41":0.070218,"42":null,"43":0.046812,"44":0.07802,"45":0.054614,"46":0.023406,"47":0.03901,"48":0.023406,"49":1.01426,"50":0.062416,"51":0.436912,"52":0.109228,"53":0.062416,"54":0.23406,"55":0.304278,"56":0.374496,"57":10.29864,"58":33.103886,"59":0.11703,"60":0.093624,"61":null},"firefox":{"2":0.007802,"3":0.007802,"3.5":null,"3.6":0.031208,"4":null,"5":null,"6":null,"7":null,"8":null,"9":null,"10":null,"11":null,"12":null,"13":null,"14":null,"15":null,"16":0.007802,"17":0.015604,"18":0.015604,"19":0.015604,"20":0.015604,"21":0.070218,"22":0.03901,"23":0.015604,"24":0.03901,"25":0.015604,"26":null,"27":0.007802,"28":0.023406,"29":0.031208,"30":null,"31":0.03901,"32":0.023406,"33":0.007802,"34":null,"35":0.015604,"36":0.007802,"37":0.015604,"38":0.062416,"39":0.015604,"40":0.015604,"41":0.015604,"42":0.031208,"43":0.163842,"44":0.031208,"45":0.31208,"46":0.015604,"47":0.179446,"48":0.249664,"49":0.11703,"50":0.218456,"51":0.109228,"52":1.310736,"53":9.526242,"54":0.148238,"55":0.007802,"56":null},"opera":{"9":null,"9.5-9.6":null,"10.0-10.1":0,"10.5":null,"10.6":null,"11":0.023406,"11.1":0.023406,"11.5":0.031208,"11.6":0.023406,"12":0.03901,"12.1":0.179446,"15":null,"16":null,"17":null,"18":null,"19":null,"20":null,"21":null,"22":null,"23":null,"24":null,"25":null,"26":null,"27":0.007802,"28":null,"29":null,"30":0.007802,"31":null,"32":null,"33":null,"34":null,"35":null,"36":0.054614,"37":null,"38":0.015604,"39":null,"40":null,"41":0.015604,"42":0.03901,"43":0.670972,"44":0.62416,"45":0.827012,"46":0.007802},"safari":{"3.1":null,"3.2":null,"4":0,"5":0.023406,"5.1":0.054614,"6":null,"6.1":0.031208,"7":0.023406,"7.1":null,"8":0.101426,"9":0.11703,"9.1":0.444714,"10":0.850418,"10.1":2.96476,"0":null},"ios_saf":{"3.2":0,"4.0-4.1":0,"4.2-4.3":0,"5.0-5.1":0,"6.0-6.1":0,"7.0-7.1":0.0642525118253,"8":0,"8.1-8.4":0.0713916798059,"9.0-9.2":0.330186519102,"9.3":0.227858444714,"10.0-10.2":1.39392254821,"10.3":3.79863229634},"android":{"2.1":0,"2.2":0,"2.3":0,"3":0,"4":0,"4.1":0.0414327015834,"4.2-4.3":0.121952857491,"4.4":0.304882143727,"4.4.3-4.4.4":0.173548297199,"56":null},"op_mob":{"10":0,"11":0,"11.1":0,"11.5":0,"12":0,"12.1":0,"0":0.00162778713969},"ie":{"5.5":null,"6":null,"7":0.007802,"8":0.11703,"9":0.163842,"10":0.11703,"11":5.718866},"edge":{"12":0.023406,"13":0.148238,"14":1.474578,"15":null},"bb":{"7":0.0126385,"10":null},"samsung":{"4":2.4178,"5":null},"ie_mob":{"10":0.0354783058824,"11":0.179925694118},"op_mini":{"0":0.36543821286},"and_chr":{"0":12.1392},"baidu":{"0":null},"and_ff":{"0":0.026376},"and_qq":{"1.2":null},"and_uc":{"0":0.149464}},"total":96.8722385}