{"id":"EG","name":"Egypt","month":"2017-05","access_date":"2017-06-04","data":{"chrome":{"4":0.0462,"5":0.0462,"6":0.0231,"7":null,"8":null,"9":0.051975,"10":0.01155,"11":0.098175,"12":0.051975,"13":null,"14":null,"15":null,"16":0.075075,"17":0.08085,"18":0.005775,"19":0.51975,"20":0.1155,"21":0.040425,"22":0.0231,"23":0.063525,"24":1.5708,"25":0.0924,"26":0.17325,"27":0.086625,"28":0.1155,"29":0.132825,"30":0.5775,"31":0.271425,"32":0.340725,"33":0.86625,"34":0.4389,"35":1.25895,"36":0.306075,"37":0.386925,"38":0.19635,"39":0.24255,"40":0.24255,"41":0.4389,"42":0.47355,"43":3.597825,"44":1.05105,"45":0.479325,"46":0.213675,"47":0.121275,"48":0.109725,"49":1.749825,"50":0.0231,"51":0.109725,"52":0.03465,"53":0.063525,"54":0.31185,"55":0.6006,"56":0.9702,"57":2.835525,"58":11.648175,"59":0.051975,"60":0.0462,"61":null},"firefox":{"2":0.502425,"3":0.040425,"3.5":null,"3.6":0.109725,"4":0.051975,"5":0.040425,"6":0.005775,"7":0.0231,"8":0.0462,"9":0.040425,"10":0.028875,"11":0.075075,"12":0.05775,"13":0.08085,"14":0.0231,"15":0.5775,"16":0.0693,"17":0.051975,"18":0.58905,"19":0.063525,"20":0.063525,"21":0.56595,"22":0.086625,"23":0.51975,"24":0.0924,"25":1.126125,"26":0.190575,"27":0.15015,"28":0.1617,"29":0.2079,"30":0.3003,"31":0.225225,"32":0.132825,"33":0.03465,"34":0.05775,"35":0.086625,"36":0.121275,"37":0.15015,"38":0.179025,"39":0.1617,"40":0.1848,"41":0.0924,"42":0.0231,"43":0.132825,"44":0.03465,"45":0.051975,"46":0.028875,"47":0.282975,"48":0.15015,"49":0.086625,"50":0.098175,"51":0.231,"52":1.507275,"53":3.713325,"54":0.24255,"55":null,"56":null},"opera":{"9":null,"9.5-9.6":null,"10.0-10.1":0.502425,"10.5":null,"10.6":null,"11":0.028875,"11.1":null,"11.5":null,"11.6":0.040425,"12":null,"12.1":0.03465,"15":0.03465,"16":null,"17":0.0231,"18":0.03465,"19":0.05775,"20":0.0924,"21":0.08085,"22":0.0693,"23":0.063525,"24":null,"25":null,"26":null,"27":null,"28":0.0462,"29":0.03465,"30":0.051975,"31":0.03465,"32":null,"33":null,"34":null,"35":null,"36":0.0924,"37":null,"38":null,"39":null,"40":null,"41":null,"42":0.040425,"43":0.3003,"44":0.190575,"45":0.340725,"46":null},"safari":{"3.1":null,"3.2":null,"4":0.005775,"5":0.4851,"5.1":null,"6":0.0231,"6.1":null,"7":0.0231,"7.1":null,"8":0.051975,"9":0.0231,"9.1":0.05775,"10":0.075075,"10.1":0.121275,"0":null},"ios_saf":{"3.2":0,"4.0-4.1":0,"4.2-4.3":0,"5.0-5.1":0,"6.0-6.1":0,"7.0-7.1":0.0376791085506,"8":0,"8.1-8.4":0.0418656761674,"9.0-9.2":0.193628752274,"9.3":0.133621283101,"10.0-10.2":0.817427327168,"10.3":2.22760285274},"android":{"2.1":0,"2.2":0,"2.3":0,"3":0,"4":0,"4.1":0.256927344702,"4.2-4.3":0.756238976857,"4.4":1.89059744214,"4.4.3-4.4.4":1.0761862363,"56":null},"op_mob":{"10":0,"11":0,"11.1":0,"11.5":0,"12":0,"12.1":0,"0":0.00404700665188},"ie":{"5.5":null,"6":0.00588068627451,"7":0.023522745098,"8":1.61130803922,"9":1.13497245098,"10":1.18201794118,"11":0.541023137255},"edge":{"12":0.028875,"13":0.040425,"14":0.15015,"15":null},"bb":{"7":0.004225,"10":null},"samsung":{"4":3.1772,"5":null},"ie_mob":{"10":0.0292270588235,"11":0.148222941176},"op_mini":{"0":0.908552993348},"and_chr":{"0":29.556725},"baidu":{"0":null},"and_ff":{"0":0.054925},"and_qq":{"1.2":null},"and_uc":{"0":0.975975}},"total":97.50565}