{"id":"ER","name":"Eritrea","month":"2017-05","access_date":"2017-06-04","data":{"chrome":{"4":null,"5":null,"6":null,"7":null,"8":null,"9":null,"10":null,"11":null,"12":null,"13":null,"14":null,"15":null,"16":null,"17":null,"18":null,"19":null,"20":null,"21":null,"22":0.02104,"23":null,"24":0.056808,"25":0.03156,"26":null,"27":0.025248,"28":null,"29":null,"30":null,"31":null,"32":null,"33":null,"34":0.01052,"35":null,"36":null,"37":null,"38":0.035768,"39":null,"40":0.01052,"41":null,"42":0.004208,"43":0.04208,"44":0.025248,"45":0.176736,"46":null,"47":null,"48":null,"49":0.03156,"50":0.01052,"51":null,"52":0.004208,"53":null,"54":0.29456,"55":0.092576,"56":0.29456,"57":0.435528,"58":1.807336,"59":null,"60":null,"61":null},"firefox":{"2":0.004208,"3":0.014728,"3.5":null,"3.6":0.425008,"4":0.812144,"5":0.187256,"6":0.01052,"7":0.056808,"8":0.02104,"9":null,"10":0.004208,"11":0.03156,"12":0.191464,"13":0.088368,"14":0.435528,"15":0.014728,"16":0.014728,"17":0.103096,"18":0.014728,"19":0.056808,"20":0.004208,"21":0.176736,"22":null,"23":0.119928,"24":0.082056,"25":0.03156,"26":0.056808,"27":0.004208,"28":0.014728,"29":0.04208,"30":0.216712,"31":0.227232,"32":0.098888,"33":0.180944,"34":0.258792,"35":0.04208,"36":0.28404,"37":0.475504,"38":0.28404,"39":0.067328,"40":0.439736,"41":0.28404,"42":0.191464,"43":0.542832,"44":0.258792,"45":0.233544,"46":0.191464,"47":0.807936,"48":0.279832,"49":0.3156,"50":0.492336,"51":0.216712,"52":0.486024,"53":6.478216,"54":0.223024,"55":0.082056,"56":null},"opera":{"9":null,"9.5-9.6":null,"10.0-10.1":0,"10.5":null,"10.6":null,"11":0.004208,"11.1":null,"11.5":null,"11.6":null,"12":null,"12.1":null,"15":null,"16":null,"17":null,"18":null,"19":null,"20":null,"21":null,"22":null,"23":null,"24":null,"25":null,"26":null,"27":null,"28":0.014728,"29":0.02104,"30":null,"31":null,"32":null,"33":null,"34":0.0526,"35":null,"36":0.004208,"37":null,"38":null,"39":null,"40":0.004208,"41":null,"42":null,"43":0.03156,"44":null,"45":null,"46":null},"safari":{"3.1":null,"3.2":null,"4":0,"5":0.004208,"5.1":null,"6":null,"6.1":null,"7":null,"7.1":null,"8":null,"9":0.02104,"9.1":0.004208,"10":0.025248,"10.1":null,"0":null},"ios_saf":{"3.2":0,"4.0-4.1":0,"4.2-4.3":0,"5.0-5.1":0,"6.0-6.1":0,"7.0-7.1":0.00241333171619,"8":0,"8.1-8.4":0.00268147968466,"9.0-9.2":0.0124018435415,"9.3":0.00855838932686,"10.0-10.2":0.0523558908429,"10.3":0.142677064888},"android":{"2.1":0,"2.2":0,"2.3":0,"3":0,"4":0,"4.1":1.22182184653,"4.2-4.3":3.59630581242,"4.4":8.99076453106,"4.4.3-4.4.4":5.11781980999,"56":null},"op_mob":{"10":0,"11":0,"11.1":0,"11.5":0,"12":0,"12.1":0,"0":0.00521731263858},"ie":{"5.5":null,"6":0.004208,"7":null,"8":0.092576,"9":null,"10":0.025248,"11":0.197776},"edge":{"12":0.025248,"13":0.197776,"14":null,"15":null},"bb":{"7":0.08883,"10":null},"samsung":{"4":1.452864,"5":null},"ie_mob":{"10":0.0260103529412,"11":0.131909647059},"op_mini":{"0":1.17128668736},"and_chr":{"0":36.570512},"baidu":{"0":null},"and_ff":{"0":0.331632},"and_qq":{"1.2":null},"and_uc":{"0":19.874232}},"total":99.619374}