{"id":"ES","name":"Spain","month":"2017-05","access_date":"2017-06-04","data":{"chrome":{"4":null,"5":null,"6":null,"7":null,"8":null,"9":null,"10":null,"11":0.03129,"12":null,"13":null,"14":null,"15":null,"16":null,"17":null,"18":0.067795,"19":null,"20":null,"21":null,"22":0.02086,"23":null,"24":null,"25":null,"26":0.01043,"27":null,"28":null,"29":0.015645,"30":null,"31":0.015645,"32":0.01043,"33":0.01043,"34":0.026075,"35":0.02086,"36":0.04172,"37":0.02086,"38":0.046935,"39":0.04172,"40":0.02086,"41":0.03129,"42":0.015645,"43":0.046935,"44":0.036505,"45":0.05215,"46":0.057365,"47":0.04172,"48":0.067795,"49":2.04428,"50":0.046935,"51":0.182525,"52":0.04172,"53":0.078225,"54":0.130375,"55":0.297255,"56":0.401555,"57":7.055895,"58":21.73612,"59":0.06258,"60":0.026075,"61":null},"firefox":{"2":null,"3":0.005215,"3.5":null,"3.6":0.015645,"4":null,"5":null,"6":null,"7":null,"8":null,"9":null,"10":null,"11":null,"12":0.005215,"13":null,"14":null,"15":null,"16":0.01043,"17":null,"18":null,"19":null,"20":0.015645,"21":0.005215,"22":null,"23":null,"24":0.015645,"25":0.005215,"26":0.005215,"27":null,"28":0.01043,"29":0.01043,"30":0.005215,"31":0.015645,"32":0.015645,"33":0.01043,"34":0.015645,"35":0.015645,"36":0.01043,"37":0.02086,"38":0.05215,"39":0.046935,"40":0.015645,"41":0.026075,"42":0.036505,"43":0.05215,"44":0.02086,"45":0.16688,"46":0.026075,"47":0.12516,"48":0.286825,"49":0.078225,"50":0.161665,"51":0.140805,"52":0.90741,"53":6.13284,"54":0.036505,"55":null,"56":null},"opera":{"9":null,"9.5-9.6":null,"10.0-10.1":0,"10.5":null,"10.6":null,"11":null,"11.1":null,"11.5":null,"11.6":null,"12":null,"12.1":0.02086,"15":null,"16":null,"17":null,"18":null,"19":null,"20":null,"21":null,"22":null,"23":null,"24":null,"25":null,"26":null,"27":null,"28":0.005215,"29":null,"30":null,"31":null,"32":null,"33":null,"34":null,"35":null,"36":0.036505,"37":null,"38":null,"39":null,"40":null,"41":null,"42":0.01043,"43":0.161665,"44":0.17731,"45":0.245105,"46":null},"safari":{"3.1":null,"3.2":null,"4":0.01043,"5":0.026075,"5.1":0.06258,"6":0.005215,"6.1":0.04172,"7":0.02086,"7.1":0.005215,"8":0.099085,"9":0.109515,"9.1":0.4172,"10":0.61537,"10.1":1.611435,"0":null},"ios_saf":{"3.2":0,"4.0-4.1":0,"4.2-4.3":0,"5.0-5.1":0,"6.0-6.1":0,"7.0-7.1":0.104963687083,"8":0,"8.1-8.4":0.116626318981,"9.0-9.2":0.539396725288,"9.3":0.372232334748,"10.0-10.2":2.27712887811,"10.3":6.20549205579},"android":{"2.1":0,"2.2":0,"2.3":0,"3":0,"4":0,"4.1":0.0790612813642,"4.2-4.3":0.232708677223,"4.4":0.581771693057,"4.4.3-4.4.4":0.331162348356,"56":null},"op_mob":{"10":0,"11":0,"11.1":0,"11.5":0,"12":0,"12.1":0,"0":0.000530376940133},"ie":{"5.5":null,"6":0.00529636879433,"7":0.0105927375887,"8":0.254225702128,"9":0.143001957447,"10":0.137705588652,"11":3.18311764539},"edge":{"12":0.03129,"13":0.1043,"14":1.74181,"15":null},"bb":{"7":0.007176,"10":null},"samsung":{"4":2.841696,"5":null},"ie_mob":{"10":0.0441253647059,"11":0.223778635294},"op_mini":{"0":0.11906962306},"and_chr":{"0":33.920414},"baidu":{"0":null},"and_ff":{"0":0.028704},"and_qq":{"1.2":null},"and_uc":{"0":0.086112}},"total":98.786305}