{"id":"ET","name":"Ethiopia","month":"2017-05","access_date":"2017-06-04","data":{"chrome":{"4":0.003548,"5":0.003548,"6":null,"7":0.003548,"8":0.001774,"9":0.001774,"10":0.010644,"11":0.081604,"12":null,"13":0.003548,"14":0.001774,"15":0.001774,"16":0.001774,"17":0.007096,"18":null,"19":0.003548,"20":0.001774,"21":0.001774,"22":0.001774,"23":0.007096,"24":0.003548,"25":0.007096,"26":0.019514,"27":0.003548,"28":0.003548,"29":0.010644,"30":0.01774,"31":0.047898,"32":0.22175,"33":0.060316,"34":0.003548,"35":0.003548,"36":0.010644,"37":0.003548,"38":0.007096,"39":0.01774,"40":0.04435,"41":0.001774,"42":0.003548,"43":0.977474,"44":0.179174,"45":0.019514,"46":0.014192,"47":0.012418,"48":0.019514,"49":0.232394,"50":0.037254,"51":0.031932,"52":0.00887,"53":0.024836,"54":0.019514,"55":0.09757,"56":0.074508,"57":1.098106,"58":3.044184,"59":0.021288,"60":0.030158,"61":null},"firefox":{"2":null,"3":0.00887,"3.5":0.001774,"3.6":0.010644,"4":0.046124,"5":0.067412,"6":0.003548,"7":0.012418,"8":0.012418,"9":0.003548,"10":0.024836,"11":0.040802,"12":0.037254,"13":0.007096,"14":0.019514,"15":0.019514,"16":0.042576,"17":0.010644,"18":0.033706,"19":0.031932,"20":0.094022,"21":0.02661,"22":0.00887,"23":0.021288,"24":0.040802,"25":0.030158,"26":0.049672,"27":0.02661,"28":0.078056,"29":0.131276,"30":0.056768,"31":0.143694,"32":0.040802,"33":0.060316,"34":0.069186,"35":0.11531,"36":0.06209,"37":0.101118,"38":0.086926,"39":0.085152,"40":0.223524,"41":0.081604,"42":0.069186,"43":0.290936,"44":0.23062,"45":0.191592,"46":0.056768,"47":0.409794,"48":0.264326,"49":0.120632,"50":0.189818,"51":0.113536,"52":0.376088,"53":3.014026,"54":0.934898,"55":null,"56":null},"opera":{"9":null,"9.5-9.6":null,"10.0-10.1":0,"10.5":null,"10.6":0.001774,"11":null,"11.1":null,"11.5":0.005322,"11.6":0.014192,"12":0.01774,"12.1":0.010644,"15":0.003548,"16":0.001774,"17":0.001774,"18":0.001774,"19":null,"20":null,"21":null,"22":null,"23":null,"24":null,"25":null,"26":null,"27":null,"28":null,"29":null,"30":null,"31":null,"32":null,"33":null,"34":0.001774,"35":0.003548,"36":0.010644,"37":0.005322,"38":0.007096,"39":0.001774,"40":0.023062,"41":0.010644,"42":0.102892,"43":0.23062,"44":0.104666,"45":0.136598,"46":0.001774},"safari":{"3.1":null,"3.2":null,"4":0.007096,"5":0.007096,"5.1":0.01774,"6":0.005322,"6.1":null,"7":0.03548,"7.1":null,"8":0.023062,"9":0.01774,"9.1":0.028384,"10":0.039028,"10.1":0.069186,"0":null},"ios_saf":{"3.2":0,"4.0-4.1":0,"4.2-4.3":0,"5.0-5.1":0,"6.0-6.1":0,"7.0-7.1":0.011673038205,"8":0,"8.1-8.4":0.01297004245,"9.0-9.2":0.0599864463311,"9.3":0.0413960521528,"10.0-10.2":0.253240078836,"10.3":0.690114342025},"android":{"2.1":0,"2.2":0,"2.3":0,"3":0,"4":0,"4.1":0.757252896468,"4.2-4.3":2.2288953179,"4.4":5.57223829476,"4.4.3-4.4.4":3.17188949086,"56":null},"op_mob":{"10":0,"11":0,"11.1":0,"11.5":0,"12":0,"12.1":0,"0":0.143435175166},"ie":{"5.5":null,"6":0.0396483969754,"7":0.050976510397,"8":0.243554438563,"9":0.0585285860113,"10":0.0660806616257,"11":0.539973406427},"edge":{"12":0.049672,"13":0.05322,"14":0.125954,"15":null},"bb":{"7":0.0061695,"10":null},"samsung":{"4":1.283256,"5":null},"ie_mob":{"10":0.0609691764706,"11":0.309200823529},"op_mini":{"0":32.2011968248},"and_chr":{"0":28.518558},"baidu":{"0":null},"and_ff":{"0":0.032904},"and_qq":{"1.2":null},"and_uc":{"0":3.849768}},"total":96.2851855}