{"id":"FI","name":"Finland","month":"2017-05","access_date":"2017-06-04","data":{"chrome":{"4":null,"5":null,"6":null,"7":null,"8":null,"9":null,"10":null,"11":0.024464,"12":null,"13":null,"14":null,"15":null,"16":null,"17":null,"18":0.024464,"19":null,"20":null,"21":null,"22":0.024464,"23":null,"24":null,"25":null,"26":null,"27":null,"28":null,"29":null,"30":null,"31":0.006116,"32":null,"33":null,"34":0.024464,"35":null,"36":0.006116,"37":null,"38":0.042812,"39":0.006116,"40":0.006116,"41":0.024464,"42":null,"43":0.042812,"44":0.006116,"45":0.03058,"46":0.06116,"47":0.024464,"48":0.067276,"49":0.636064,"50":0.036696,"51":0.103972,"52":0.048928,"53":0.048928,"54":0.116204,"55":0.238524,"56":0.385308,"57":7.528796,"58":21.785192,"59":0.103972,"60":0.042812,"61":null},"firefox":{"2":null,"3":null,"3.5":null,"3.6":0.006116,"4":null,"5":null,"6":null,"7":null,"8":null,"9":null,"10":0.006116,"11":null,"12":null,"13":null,"14":null,"15":null,"16":null,"17":null,"18":null,"19":null,"20":null,"21":0.006116,"22":null,"23":null,"24":0.012232,"25":null,"26":null,"27":null,"28":null,"29":null,"30":0.012232,"31":0.018348,"32":null,"33":0.018348,"34":null,"35":0.006116,"36":0.012232,"37":0.006116,"38":0.055044,"39":0.012232,"40":0.018348,"41":0.006116,"42":0.024464,"43":0.024464,"44":0.012232,"45":0.538208,"46":0.042812,"47":0.128436,"48":0.201828,"49":0.067276,"50":0.146784,"51":0.134552,"52":1.168156,"53":11.693792,"54":0.097856,"55":null,"56":null},"opera":{"9":null,"9.5-9.6":null,"10.0-10.1":0,"10.5":null,"10.6":null,"11":null,"11.1":null,"11.5":null,"11.6":0.006116,"12":null,"12.1":0.097856,"15":null,"16":null,"17":null,"18":null,"19":null,"20":null,"21":null,"22":null,"23":null,"24":null,"25":null,"26":null,"27":null,"28":0.012232,"29":null,"30":null,"31":null,"32":null,"33":null,"34":null,"35":null,"36":0.024464,"37":null,"38":null,"39":null,"40":null,"41":0.006116,"42":0.012232,"43":0.373076,"44":0.299684,"45":0.477048,"46":0.012232},"safari":{"3.1":null,"3.2":null,"4":0,"5":0.024464,"5.1":0.073392,"6":null,"6.1":0.048928,"7":0.012232,"7.1":null,"8":0.073392,"9":0.09174,"9.1":0.495396,"10":0.70334,"10.1":2.562604,"0":null},"ios_saf":{"3.2":0,"4.0-4.1":0,"4.2-4.3":0,"5.0-5.1":0,"6.0-6.1":0,"7.0-7.1":0.108096767738,"8":0,"8.1-8.4":0.120107519709,"9.0-9.2":0.555497278654,"9.3":0.383343167071,"10.0-10.2":2.34509932232,"10.3":6.39072094451},"android":{"2.1":0,"2.2":0,"2.3":0,"3":0,"4":0,"4.1":0.0479023812424,"4.2-4.3":0.140995688185,"4.4":0.352489220463,"4.4.3-4.4.4":0.20064771011,"56":null},"op_mob":{"10":0,"11":0,"11.1":0,"11.5":0,"12":0,"12.1":0,"0":0.00125767184035},"ie":{"5.5":null,"6":0.0122978342304,"7":0.0122978342304,"8":0.0983826738428,"9":0.129127259419,"10":0.0983826738428,"11":5.36185572443},"edge":{"12":0.036696,"13":0.171248,"14":2.275152,"15":null},"bb":{"7":0.00291375,"10":null},"samsung":{"4":4.627035,"5":null},"ie_mob":{"10":0.223958823529,"11":1.13579117647},"op_mini":{"0":0.28234732816},"and_chr":{"0":21.31061},"baidu":{"0":null},"and_ff":{"0":0.0777},"and_qq":{"1.2":null},"and_uc":{"0":0.12432}},"total":98.00678975}