{"id":"FJ","name":"Fiji","month":"2017-05","access_date":"2017-06-04","data":{"chrome":{"4":null,"5":null,"6":null,"7":null,"8":null,"9":null,"10":null,"11":0.00741,"12":null,"13":null,"14":null,"15":null,"16":null,"17":null,"18":0.00741,"19":null,"20":0.003705,"21":null,"22":null,"23":null,"24":null,"25":null,"26":null,"27":0.100035,"28":null,"29":null,"30":null,"31":0.040755,"32":null,"33":0.01482,"34":0.018525,"35":0.003705,"36":0.003705,"37":null,"38":0.02964,"39":0.05187,"40":0.011115,"41":0.003705,"42":0.025935,"43":0.04446,"44":0.00741,"45":0.114855,"46":0.00741,"47":0.011115,"48":0.00741,"49":0.50388,"50":0.048165,"51":0.01482,"52":0.033345,"53":0.05928,"54":0.011115,"55":0.13338,"56":0.159315,"57":4.06809,"58":15.423915,"59":0.033345,"60":0.048165,"61":null},"firefox":{"2":null,"3":0.00741,"3.5":null,"3.6":null,"4":0.00741,"5":0.003705,"6":null,"7":null,"8":null,"9":null,"10":null,"11":0.02964,"12":0.00741,"13":0.011115,"14":0.003705,"15":0.00741,"16":0.040755,"17":null,"18":null,"19":null,"20":0.018525,"21":0.003705,"22":0.00741,"23":null,"24":0.011115,"25":null,"26":null,"27":0.003705,"28":null,"29":0.01482,"30":0.00741,"31":0.018525,"32":null,"33":0.003705,"34":0.003705,"35":0.01482,"36":0.00741,"37":0.03705,"38":0.025935,"39":0.01482,"40":0.174135,"41":0.011115,"42":0.011115,"43":0.122265,"44":0.04446,"45":0.085215,"46":0.03705,"47":0.329745,"48":0.34827,"49":0.08151,"50":0.122265,"51":0.107445,"52":0.85956,"53":6.065085,"54":0.522405,"55":null,"56":null},"opera":{"9":null,"9.5-9.6":null,"10.0-10.1":0,"10.5":null,"10.6":null,"11":null,"11.1":null,"11.5":null,"11.6":null,"12":null,"12.1":null,"15":null,"16":null,"17":null,"18":null,"19":null,"20":null,"21":null,"22":null,"23":null,"24":null,"25":null,"26":null,"27":null,"28":null,"29":null,"30":null,"31":null,"32":null,"33":null,"34":null,"35":null,"36":0.003705,"37":null,"38":null,"39":null,"40":null,"41":null,"42":null,"43":0.15561,"44":0.10374,"45":0.12597,"46":null},"safari":{"3.1":null,"3.2":null,"4":0,"5":0.00741,"5.1":0.00741,"6":0.003705,"6.1":0.00741,"7":0.02223,"7.1":null,"8":0.03705,"9":0.033345,"9.1":0.151905,"10":0.337155,"10.1":0.670605,"0":null},"ios_saf":{"3.2":0,"4.0-4.1":0,"4.2-4.3":0,"5.0-5.1":0,"6.0-6.1":0,"7.0-7.1":0.0406037428745,"8":0,"8.1-8.4":0.0451152698605,"9.0-9.2":0.208658123105,"9.3":0.143992902971,"10.0-10.2":0.880875644027,"10.3":2.40050831716},"android":{"2.1":0,"2.2":0,"2.3":0,"3":0,"4":0,"4.1":0.220627315469,"4.2-4.3":0.649393607795,"4.4":1.62348401949,"4.4.3-4.4.4":0.924137057247,"56":null},"op_mob":{"10":0,"11":0,"11.1":0,"11.5":0,"12":0,"12.1":0,"0":0.00879206208426},"ie":{"5.5":null,"6":null,"7":null,"8":0.197584658385,"9":0.0484641614907,"10":0.130480434783,"11":1.42410074534},"edge":{"12":0.085215,"13":0.23712,"14":0.68172,"15":null},"bb":{"7":0.012588,"10":null},"samsung":{"4":10.284396,"5":null},"ie_mob":{"10":0.182451952941,"11":0.925292047059},"op_mini":{"0":1.97381793792},"and_chr":{"0":38.666016},"baidu":{"0":null},"and_ff":{"0":0.03147},"and_qq":{"1.2":null},"and_uc":{"0":5.072964}},"total":99.051789}