{"id":"FK","name":"Falkland Islands (Malvinas)","month":"2017-05","access_date":"2017-06-04","data":{"chrome":{"4":null,"5":null,"6":null,"7":null,"8":null,"9":null,"10":null,"11":null,"12":null,"13":null,"14":null,"15":null,"16":0.025604,"17":null,"18":null,"19":null,"20":null,"21":null,"22":0.025604,"23":null,"24":null,"25":null,"26":null,"27":null,"28":null,"29":null,"30":null,"31":null,"32":0.025604,"33":null,"34":null,"35":null,"36":null,"37":0.070411,"38":null,"39":null,"40":null,"41":null,"42":null,"43":null,"44":null,"45":null,"46":null,"47":null,"48":null,"49":11.041725,"50":0.070411,"51":null,"52":0.787323,"53":null,"54":0.108817,"55":0.19203,"56":1.036962,"57":3.936615,"58":9.947154,"59":null,"60":null,"61":null},"firefox":{"2":null,"3":null,"3.5":null,"3.6":null,"4":null,"5":null,"6":null,"7":null,"8":null,"9":null,"10":null,"11":null,"12":null,"13":null,"14":null,"15":null,"16":null,"17":null,"18":null,"19":null,"20":null,"21":0.057609,"22":null,"23":null,"24":0.096015,"25":null,"26":null,"27":null,"28":null,"29":null,"30":0.096015,"31":null,"32":null,"33":0.012802,"34":null,"35":null,"36":null,"37":0.038406,"38":null,"39":null,"40":null,"41":0.390461,"42":0.140822,"43":null,"44":0.083213,"45":0.345654,"46":0.32005,"47":0.19203,"48":0.083213,"49":0.012802,"50":0.166426,"51":1.177784,"52":0.275243,"53":7.649195,"54":null,"55":null,"56":null},"opera":{"9":null,"9.5-9.6":null,"10.0-10.1":0,"10.5":null,"10.6":null,"11":null,"11.1":null,"11.5":null,"11.6":null,"12":null,"12.1":null,"15":null,"16":null,"17":null,"18":null,"19":null,"20":null,"21":null,"22":null,"23":null,"24":null,"25":null,"26":null,"27":null,"28":0.038406,"29":null,"30":null,"31":null,"32":null,"33":null,"34":null,"35":null,"36":null,"37":null,"38":null,"39":null,"40":null,"41":null,"42":null,"43":0.012802,"44":0.057609,"45":0.153624,"46":null},"safari":{"3.1":null,"3.2":null,"4":0,"5":null,"5.1":null,"6":0.012802,"6.1":0.038406,"7":0.070411,"7.1":null,"8":0.166426,"9":1.677062,"9.1":0.416065,"10":0.236837,"10.1":4.403888,"0":null},"ios_saf":{"3.2":0,"4.0-4.1":0,"4.2-4.3":0,"5.0-5.1":0,"6.0-6.1":0,"7.0-7.1":0.187510300788,"8":0,"8.1-8.4":0.208344778654,"9.0-9.2":0.963594601273,"9.3":0.664967085203,"10.0-10.2":4.06793180321,"10.3":11.0856784309},"android":{"2.1":0,"2.2":0,"2.3":0,"3":0,"4":0,"4.1":0.0634274433618,"4.2-4.3":0.186692097442,"4.4":0.466730243605,"4.4.3-4.4.4":0.265677215591,"56":null},"op_mob":{"10":0,"11":0,"11.1":0,"11.5":0,"12":0,"12.1":0,"0":0.000845884700665},"ie":{"5.5":null,"6":null,"7":null,"8":0.0963526846424,"9":1.36178460961,"10":0.584539620164,"11":14.3950910856},"edge":{"12":0.236837,"13":0.249639,"14":0.620897,"15":null},"bb":{"7":0,"10":null},"samsung":{"4":3.462238,"5":null},"ie_mob":{"10":0.0794320470588,"11":0.402833952941},"op_mini":{"0":0.189901115299},"and_chr":{"0":13.727433},"baidu":{"0":null},"and_ff":{"0":0.017995},"and_qq":{"1.2":null},"and_uc":{"0":0.057584}},"total":99.334296}