{"id":"FM","name":"Micronesia","month":"2017-05","access_date":"2017-06-04","data":{"chrome":{"4":null,"5":null,"6":null,"7":null,"8":null,"9":null,"10":null,"11":null,"12":null,"13":null,"14":null,"15":null,"16":null,"17":null,"18":null,"19":null,"20":null,"21":null,"22":null,"23":null,"24":null,"25":0.006546,"26":0.078552,"27":null,"28":null,"29":null,"30":null,"31":null,"32":null,"33":null,"34":null,"35":null,"36":null,"37":null,"38":null,"39":null,"40":null,"41":null,"42":null,"43":0.013092,"44":0.085098,"45":null,"46":0.072006,"47":null,"48":null,"49":0.857526,"50":0.013092,"51":0.039276,"52":null,"53":0.837888,"54":null,"55":0.111282,"56":0.085098,"57":6.041958,"58":21.182856,"59":0.006546,"60":0.072006,"61":null},"firefox":{"2":null,"3":null,"3.5":0.019638,"3.6":null,"4":null,"5":null,"6":null,"7":null,"8":0.03273,"9":null,"10":0.026184,"11":0.006546,"12":null,"13":0.013092,"14":null,"15":null,"16":0.019638,"17":null,"18":null,"19":null,"20":null,"21":null,"22":null,"23":null,"24":0.006546,"25":null,"26":null,"27":null,"28":null,"29":null,"30":null,"31":null,"32":null,"33":null,"34":0.03273,"35":null,"36":null,"37":null,"38":null,"39":0.019638,"40":0.091644,"41":null,"42":null,"43":0.052368,"44":null,"45":0.039276,"46":0.013092,"47":0.137466,"48":0.366576,"49":null,"50":0.157104,"51":0.052368,"52":0.805158,"53":6.925668,"54":0.157104,"55":null,"56":null},"opera":{"9":null,"9.5-9.6":null,"10.0-10.1":0,"10.5":null,"10.6":null,"11":null,"11.1":null,"11.5":null,"11.6":null,"12":null,"12.1":null,"15":null,"16":null,"17":null,"18":null,"19":null,"20":null,"21":null,"22":null,"23":null,"24":null,"25":null,"26":null,"27":null,"28":null,"29":null,"30":null,"31":null,"32":null,"33":null,"34":null,"35":null,"36":null,"37":0.045822,"38":null,"39":null,"40":0.006546,"41":null,"42":null,"43":0.013092,"44":0.202926,"45":0.026184,"46":null},"safari":{"3.1":null,"3.2":null,"4":0.006546,"5":0.222564,"5.1":0.117828,"6":null,"6.1":0.045822,"7":null,"7.1":null,"8":0.667692,"9":0.078552,"9.1":0.255294,"10":0.189834,"10.1":1.08009,"0":null},"ios_saf":{"3.2":0,"4.0-4.1":0,"4.2-4.3":0,"5.0-5.1":0,"6.0-6.1":0,"7.0-7.1":0.0414731352335,"8":0,"8.1-8.4":0.0460812613705,"9.0-9.2":0.213125833839,"9.3":0.147076025874,"10.0-10.2":0.89973662826,"10.3":2.45190711542},"android":{"2.1":0,"2.2":0,"2.3":0,"3":0,"4":0,"4.1":0.159649685749,"4.2-4.3":0.469912282582,"4.4":1.17478070646,"4.4.3-4.4.4":0.668721325213,"56":null},"op_mob":{"10":0,"11":0,"11.1":0,"11.5":0,"12":0,"12.1":0,"0":0.0032472195122},"ie":{"5.5":null,"6":null,"7":null,"8":0.026184,"9":0.052368,"10":0.104736,"11":14.964156},"edge":{"12":0.634962,"13":0.549864,"14":5.976498,"15":null},"bb":{"7":0,"10":null},"samsung":{"4":1.0362,"5":null},"ie_mob":{"10":0.0364092235294,"11":0.184646776471},"op_mini":{"0":0.729000780488},"and_chr":{"0":25.605542},"baidu":{"0":null},"and_ff":{"0":null},"and_qq":{"1.2":null},"and_uc":{"0":1.17436}},"total":98.786818}