{"id":"FO","name":"Faroe Islands","month":"2017-05","access_date":"2017-06-04","data":{"chrome":{"4":null,"5":null,"6":null,"7":null,"8":null,"9":null,"10":null,"11":null,"12":null,"13":null,"14":null,"15":null,"16":null,"17":null,"18":null,"19":null,"20":null,"21":null,"22":0.010338,"23":null,"24":null,"25":null,"26":null,"27":null,"28":null,"29":null,"30":null,"31":0.005169,"32":null,"33":0.015507,"34":0.010338,"35":null,"36":0.041352,"37":null,"38":0.056859,"39":null,"40":null,"41":0.005169,"42":null,"43":null,"44":0.010338,"45":null,"46":null,"47":null,"48":null,"49":1.075152,"50":null,"51":0.005169,"52":null,"53":0.005169,"54":0.020676,"55":0.067197,"56":0.098211,"57":4.574565,"58":16.95432,"59":0.041352,"60":0.031014,"61":null},"firefox":{"2":null,"3":null,"3.5":null,"3.6":null,"4":null,"5":null,"6":null,"7":null,"8":null,"9":null,"10":null,"11":null,"12":null,"13":null,"14":null,"15":null,"16":null,"17":null,"18":null,"19":null,"20":null,"21":null,"22":null,"23":null,"24":null,"25":null,"26":null,"27":null,"28":null,"29":null,"30":null,"31":null,"32":null,"33":null,"34":null,"35":null,"36":null,"37":null,"38":0.031014,"39":null,"40":null,"41":null,"42":null,"43":null,"44":0.015507,"45":0.765012,"46":0.005169,"47":0.010338,"48":0.149901,"49":0.015507,"50":0.025845,"51":0.093042,"52":0.62028,"53":3.644145,"54":0.005169,"55":null,"56":null},"opera":{"9":null,"9.5-9.6":null,"10.0-10.1":0,"10.5":null,"10.6":null,"11":null,"11.1":null,"11.5":null,"11.6":null,"12":null,"12.1":null,"15":null,"16":null,"17":null,"18":null,"19":null,"20":null,"21":null,"22":null,"23":null,"24":null,"25":null,"26":null,"27":null,"28":null,"29":null,"30":null,"31":null,"32":null,"33":null,"34":null,"35":null,"36":null,"37":null,"38":null,"39":null,"40":null,"41":null,"42":null,"43":0.118887,"44":0.015507,"45":0.062028,"46":null},"safari":{"3.1":null,"3.2":null,"4":0,"5":0.015507,"5.1":0.05169,"6":null,"6.1":0.118887,"7":0.031014,"7.1":null,"8":0.118887,"9":0.087873,"9.1":0.847716,"10":0.511731,"10.1":2.026248,"0":null},"ios_saf":{"3.2":0,"4.0-4.1":0,"4.2-4.3":0,"5.0-5.1":0,"6.0-6.1":0,"7.0-7.1":0.321728779867,"8":0,"8.1-8.4":0.357476422074,"9.0-9.2":1.65332845209,"9.3":1.14094558045,"10.0-10.2":6.97972714099,"10.3":19.0207246245},"android":{"2.1":0,"2.2":0,"2.3":0,"3":0,"4":0,"4.1":0.0240137771011,"4.2-4.3":0.0706820609013,"4.4":0.176705152253,"4.4.3-4.4.4":0.100586009744,"56":null},"op_mob":{"10":0,"11":0,"11.1":0,"11.5":0,"12":0,"12.1":0,"0":0.000342776053215},"ie":{"5.5":null,"6":null,"7":0.025845,"8":0.113718,"9":0.175746,"10":0.139563,"11":12.932838},"edge":{"12":0.025845,"13":0.330816,"14":4.621086,"15":null},"bb":{"7":0.00120775,"10":null},"samsung":{"4":6.889006,"5":null},"ie_mob":{"10":0.134472305882,"11":0.681966694118},"op_mini":{"0":0.0769532239468},"and_chr":{"0":10.351959},"baidu":{"0":null},"and_ff":{"0":0.038648},"and_qq":{"1.2":null},"and_uc":{"0":0.009662}},"total":98.81039175}