{"id":"FR","name":"France","month":"2017-05","access_date":"2017-06-04","data":{"chrome":{"4":null,"5":null,"6":null,"7":null,"8":null,"9":null,"10":null,"11":0.006614,"12":null,"13":null,"14":null,"15":null,"16":0.019842,"17":null,"18":null,"19":null,"20":null,"21":null,"22":0.013228,"23":0.006614,"24":null,"25":0.019842,"26":null,"27":null,"28":null,"29":0.013228,"30":null,"31":0.019842,"32":0.006614,"33":0.013228,"34":0.046298,"35":0.026456,"36":0.026456,"37":0.026456,"38":0.039684,"39":0.046298,"40":0.039684,"41":0.072754,"42":0.072754,"43":0.079368,"44":0.046298,"45":0.06614,"46":0.052912,"47":0.072754,"48":0.092596,"49":1.494764,"50":0.085982,"51":0.416682,"52":0.09921,"53":0.158736,"54":0.436524,"55":0.42991,"56":0.608488,"57":7.295242,"58":20.728276,"59":0.085982,"60":0.046298,"61":null},"firefox":{"2":null,"3":0.013228,"3.5":null,"3.6":0.019842,"4":null,"5":null,"6":null,"7":null,"8":null,"9":null,"10":null,"11":null,"12":0.013228,"13":null,"14":null,"15":null,"16":0.019842,"17":0.006614,"18":null,"19":null,"20":0.013228,"21":0.006614,"22":null,"23":null,"24":0.026456,"25":null,"26":0.006614,"27":null,"28":0.006614,"29":0.006614,"30":0.006614,"31":0.052912,"32":0.013228,"33":0.019842,"34":0.013228,"35":0.03307,"36":0.026456,"37":0.013228,"38":0.145508,"39":0.019842,"40":0.026456,"41":0.039684,"42":0.03307,"43":0.079368,"44":0.026456,"45":1.045012,"46":0.046298,"47":0.224876,"48":0.608488,"49":0.112438,"50":0.205034,"51":0.171964,"52":1.35587,"53":10.205402,"54":0.085982,"55":null,"56":null},"opera":{"9":null,"9.5-9.6":null,"10.0-10.1":0,"10.5":null,"10.6":null,"11":null,"11.1":null,"11.5":null,"11.6":null,"12":null,"12.1":0.03307,"15":null,"16":null,"17":null,"18":null,"19":null,"20":null,"21":null,"22":null,"23":null,"24":null,"25":null,"26":null,"27":null,"28":null,"29":null,"30":null,"31":null,"32":null,"33":null,"34":null,"35":null,"36":0.026456,"37":null,"38":0.019842,"39":null,"40":null,"41":0.006614,"42":0.013228,"43":0.271174,"44":0.218262,"45":0.310858,"46":null},"safari":{"3.1":null,"3.2":null,"4":0.026456,"5":0.06614,"5.1":0.152122,"6":0.013228,"6.1":0.085982,"7":0.03307,"7.1":0.006614,"8":0.145508,"9":0.185192,"9.1":0.76061,"10":1.236818,"10.1":3.254088,"0":null},"ios_saf":{"3.2":0,"4.0-4.1":0,"4.2-4.3":0,"5.0-5.1":0,"6.0-6.1":0,"7.0-7.1":0.123670107944,"8":0,"8.1-8.4":0.137411231049,"9.0-9.2":0.635526943602,"9.3":0.438570845765,"10.0-10.2":2.68295428623,"10.3":7.31142258541},"android":{"2.1":0,"2.2":0,"2.3":0,"3":0,"4":0,"4.1":0.0502744701583,"4.2-4.3":0.147977685749,"4.4":0.369944214373,"4.4.3-4.4.4":0.21058362972,"56":null},"op_mob":{"10":0,"11":0,"11.1":0,"11.5":0,"12":0,"12.1":0,"0":0.000750776053215},"ie":{"5.5":null,"6":0.0135388813161,"7":0.0203083219741,"8":0.284316507638,"9":0.203083219741,"10":0.264008185664,"11":4.97553888367},"edge":{"12":0.079368,"13":0.211648,"14":3.254088,"15":null},"bb":{"7":0.0143905,"10":null},"samsung":{"4":3.917602,"5":null},"ie_mob":{"10":0.0853272,"11":0.4327308},"op_mini":{"0":0.168549223947},"and_chr":{"0":16.6535},"baidu":{"0":null},"and_ff":{"0":0.060948},"and_qq":{"1.2":null},"and_uc":{"0":0.49097}},"total":97.6656085}