{"id":"GA","name":"Gabon","month":"2017-05","access_date":"2017-06-04","data":{"chrome":{"4":null,"5":0.00569,"6":null,"7":null,"8":null,"9":null,"10":null,"11":0.03983,"12":null,"13":null,"14":null,"15":null,"16":null,"17":null,"18":0.008535,"19":null,"20":null,"21":0.008535,"22":0.01138,"23":0.002845,"24":null,"25":0.014225,"26":0.025605,"27":0.088195,"28":0.042675,"29":0.03983,"30":0.02276,"31":0.031295,"32":0.036985,"33":0.02845,"34":0.02276,"35":0.04552,"36":0.196305,"37":0.03414,"38":0.02845,"39":0.008535,"40":0.002845,"41":0.406835,"42":null,"43":0.1138,"44":0.00569,"45":0.315795,"46":0.00569,"47":0.01707,"48":0.02276,"49":0.72832,"50":0.071125,"51":0.031295,"52":0.02276,"53":0.07397,"54":0.019915,"55":0.389765,"56":0.29019,"57":2.69706,"58":7.240525,"59":0.025605,"60":0.036985,"61":null},"firefox":{"2":null,"3":0.036985,"3.5":null,"3.6":0.00569,"4":null,"5":null,"6":null,"7":0.00569,"8":null,"9":0.002845,"10":0.00569,"11":0.002845,"12":0.008535,"13":0.01138,"14":null,"15":0.002845,"16":null,"17":0.00569,"18":0.00569,"19":0.00569,"20":0.00569,"21":0.048365,"22":0.002845,"23":0.01138,"24":0.014225,"25":0.01707,"26":0.00569,"27":0.002845,"28":0.01138,"29":0.008535,"30":0.03414,"31":0.048365,"32":0.01138,"33":0.014225,"34":0.01138,"35":0.02845,"36":0.014225,"37":0.09104,"38":0.025605,"39":0.054055,"40":0.04552,"41":0.04552,"42":0.031295,"43":0.230445,"44":0.01138,"45":0.088195,"46":0.019915,"47":0.304415,"48":0.48365,"49":0.07397,"50":0.167855,"51":0.19915,"52":0.759615,"53":4.80236,"54":0.12518,"55":0.04552,"56":null},"opera":{"9":null,"9.5-9.6":null,"10.0-10.1":0.01138,"10.5":null,"10.6":null,"11":null,"11.1":null,"11.5":null,"11.6":0.02276,"12":0.036985,"12.1":0.02845,"15":null,"16":null,"17":null,"18":null,"19":null,"20":null,"21":null,"22":null,"23":null,"24":null,"25":null,"26":null,"27":null,"28":0.43813,"29":null,"30":0.04552,"31":null,"32":null,"33":0.01707,"34":0.002845,"35":0.008535,"36":0.02845,"37":0.00569,"38":null,"39":0.002845,"40":0.00569,"41":0.014225,"42":0.06828,"43":0.241825,"44":0.253205,"45":0.270275,"46":null},"safari":{"3.1":null,"3.2":null,"4":0.00569,"5":0.019915,"5.1":0.116645,"6":0.008535,"6.1":null,"7":0.014225,"7.1":0.02276,"8":0.0569,"9":0.019915,"9.1":0.21053,"10":0.24467,"10.1":0.452355,"0":null},"ios_saf":{"3.2":0,"4.0-4.1":0,"4.2-4.3":0,"5.0-5.1":0,"6.0-6.1":0,"7.0-7.1":0.0241334808975,"8":0,"8.1-8.4":0.026814978775,"9.0-9.2":0.124019276834,"9.3":0.0855844739236,"10.0-10.2":0.523562460582,"10.3":1.42678032899},"android":{"2.1":0,"2.2":0,"2.3":0,"3":0,"4":0,"4.1":0.386143410475,"4.2-4.3":1.13657305725,"4.4":2.84143264312,"4.4.3-4.4.4":1.61743088916,"56":null},"op_mob":{"10":0,"11":0,"11.1":0,"11.5":0,"12":0,"12.1":0,"0":0.0836706651885},"ie":{"5.5":0.011423269962,"6":0.00285581749049,"7":0.00856745247148,"8":0.508335513308,"9":0.134223422053,"10":0.131367604563,"11":1.45075528517},"edge":{"12":0.201995,"13":0.18208,"14":0.3983,"15":null},"bb":{"7":0.47401875,"10":null},"samsung":{"4":6.12468,"5":null},"ie_mob":{"10":0.565665882353,"11":2.86873411765},"op_mini":{"0":18.7840643348},"and_chr":{"0":26.66974},"baidu":{"0":null},"and_ff":{"0":0.035775},"and_qq":{"1.2":null},"and_uc":{"0":5.52366}},"total":96.281682115}