{"id":"GB","name":"United Kingdom","month":"2017-05","access_date":"2017-06-04","data":{"chrome":{"4":null,"5":null,"6":null,"7":null,"8":null,"9":null,"10":null,"11":0.010298,"12":null,"13":null,"14":null,"15":null,"16":null,"17":null,"18":0.005149,"19":null,"20":null,"21":0.005149,"22":0.036043,"23":null,"24":null,"25":null,"26":0.005149,"27":0.005149,"28":null,"29":0.005149,"30":0.005149,"31":0.010298,"32":null,"33":0.015447,"34":0.030894,"35":0.010298,"36":0.030894,"37":0.030894,"38":0.05149,"39":0.020596,"40":0.036043,"41":0.05149,"42":0.046341,"43":0.087533,"44":0.030894,"45":0.046341,"46":0.036043,"47":0.036043,"48":0.030894,"49":0.803244,"50":0.077235,"51":0.190513,"52":0.077235,"53":0.072086,"54":0.406771,"55":0.293493,"56":0.437665,"57":6.817276,"58":18.242907,"59":0.082384,"60":0.041192,"61":null},"firefox":{"2":null,"3":null,"3.5":null,"3.6":0.005149,"4":null,"5":null,"6":null,"7":null,"8":null,"9":null,"10":null,"11":null,"12":null,"13":null,"14":null,"15":null,"16":0.005149,"17":null,"18":null,"19":null,"20":null,"21":0.015447,"22":0.005149,"23":0.005149,"24":0.005149,"25":null,"26":null,"27":null,"28":0.005149,"29":null,"30":null,"31":0.015447,"32":0.005149,"33":0.005149,"34":0.005149,"35":0.010298,"36":0.015447,"37":0.005149,"38":0.041192,"39":0.010298,"40":0.010298,"41":0.010298,"42":0.010298,"43":0.025745,"44":0.010298,"45":0.278046,"46":0.020596,"47":0.072086,"48":0.278046,"49":0.041192,"50":0.082384,"51":0.082384,"52":0.509751,"53":4.22218,"54":0.066937,"55":null,"56":null},"opera":{"9":null,"9.5-9.6":null,"10.0-10.1":0,"10.5":null,"10.6":null,"11":null,"11.1":null,"11.5":null,"11.6":null,"12":0.005149,"12.1":0.020596,"15":null,"16":null,"17":null,"18":null,"19":null,"20":null,"21":null,"22":null,"23":null,"24":null,"25":null,"26":null,"27":null,"28":null,"29":null,"30":null,"31":null,"32":null,"33":null,"34":null,"35":null,"36":0.025745,"37":null,"38":null,"39":null,"40":null,"41":null,"42":0.010298,"43":0.164768,"44":0.159619,"45":0.221407,"46":null},"safari":{"3.1":null,"3.2":null,"4":0.005149,"5":0.030894,"5.1":0.097831,"6":0.005149,"6.1":0.05149,"7":0.030894,"7.1":0.005149,"8":0.144172,"9":0.169917,"9.1":0.638476,"10":0.968012,"10.1":2.744417,"0":null},"ios_saf":{"3.2":0,"4.0-4.1":0,"4.2-4.3":0,"5.0-5.1":0,"6.0-6.1":0,"7.0-7.1":0.253005096422,"8":0,"8.1-8.4":0.281116773802,"9.0-9.2":1.30016507884,"9.3":0.897231036386,"10.0-10.2":5.48880500849,"10.3":14.9577550061},"android":{"2.1":0,"2.2":0,"2.3":0,"3":0,"4":0,"4.1":0.0522974433618,"4.2-4.3":0.153932097442,"4.4":0.384830243605,"4.4.3-4.4.4":0.219057215591,"56":null},"op_mob":{"10":0,"11":0,"11.1":0,"11.5":0,"12":0,"12.1":0,"0":0.00154887804878},"ie":{"5.5":null,"6":null,"7":0.0103480307692,"8":0.160394476923,"9":0.196612584615,"10":0.2690488,"11":5.75350510769},"edge":{"12":0.077235,"13":0.242003,"14":3.290211,"15":null},"bb":{"7":0.06912675,"10":null},"samsung":{"4":4.80249,"5":null},"ie_mob":{"10":0.0934816235294,"11":0.474085376471},"op_mini":{"0":0.347723121951},"and_chr":{"0":17.453351},"baidu":{"0":null},"and_ff":{"0":0.077616},"and_qq":{"1.2":null},"and_uc":{"0":0.87318}},"total":97.78111475}