{"id":"GD","name":"Grenada","month":"2017-05","access_date":"2017-06-04","data":{"chrome":{"4":null,"5":null,"6":null,"7":null,"8":null,"9":null,"10":null,"11":0.005468,"12":null,"13":null,"14":null,"15":null,"16":null,"17":null,"18":null,"19":null,"20":null,"21":0.174976,"22":0.098424,"23":null,"24":null,"25":0.016404,"26":null,"27":null,"28":null,"29":null,"30":null,"31":0.016404,"32":null,"33":null,"34":0.010936,"35":0.005468,"36":0.076552,"37":null,"38":0.032808,"39":0.032808,"40":0.016404,"41":null,"42":null,"43":0.087488,"44":0.010936,"45":0.076552,"46":null,"47":0.005468,"48":null,"49":0.858476,"50":0.213252,"51":0.05468,"52":0.016404,"53":0.021872,"54":0.016404,"55":0.503056,"56":0.32808,"57":8.798012,"58":24.327132,"59":0.087488,"60":0.098424,"61":null},"firefox":{"2":null,"3":null,"3.5":null,"3.6":null,"4":null,"5":null,"6":null,"7":0.005468,"8":null,"9":null,"10":null,"11":null,"12":null,"13":null,"14":null,"15":null,"16":null,"17":null,"18":null,"19":null,"20":null,"21":0.098424,"22":null,"23":null,"24":null,"25":null,"26":null,"27":null,"28":null,"29":null,"30":null,"31":null,"32":null,"33":null,"34":null,"35":null,"36":null,"37":null,"38":0.005468,"39":0.071084,"40":null,"41":null,"42":null,"43":0.010936,"44":0.043744,"45":0.010936,"46":0.010936,"47":0.076552,"48":0.065616,"49":null,"50":0.278868,"51":0.1367,"52":0.24606,"53":4.117404,"54":0.098424,"55":null,"56":null},"opera":{"9":null,"9.5-9.6":null,"10.0-10.1":0,"10.5":null,"10.6":null,"11":null,"11.1":null,"11.5":null,"11.6":null,"12":null,"12.1":0.005468,"15":null,"16":null,"17":null,"18":null,"19":null,"20":null,"21":null,"22":null,"23":null,"24":null,"25":null,"26":null,"27":null,"28":null,"29":null,"30":null,"31":null,"32":null,"33":null,"34":null,"35":0.016404,"36":0.016404,"37":null,"38":0.005468,"39":null,"40":null,"41":null,"42":0.005468,"43":0.169508,"44":0.19138,"45":0.377292,"46":null},"safari":{"3.1":null,"3.2":null,"4":0,"5":null,"5.1":0.016404,"6":null,"6.1":0.032808,"7":null,"7.1":null,"8":0.103892,"9":0.02734,"9.1":0.131232,"10":0.393696,"10.1":1.153748,"0":null},"ios_saf":{"3.2":0,"4.0-4.1":0,"4.2-4.3":0,"5.0-5.1":0,"6.0-6.1":0,"7.0-7.1":0.0595618580958,"8":0,"8.1-8.4":0.0661798423287,"9.0-9.2":0.30608177077,"9.3":0.211223996766,"10.0-10.2":1.29216142147,"10.3":3.52131911057},"android":{"2.1":0,"2.2":0,"2.3":0,"3":0,"4":0,"4.1":0.197188920828,"4.2-4.3":0.580405125457,"4.4":1.45101281364,"4.4.3-4.4.4":0.825961140073,"56":null},"op_mob":{"10":0,"11":0,"11.1":0,"11.5":0,"12":0,"12.1":0,"0":0.00227102439024},"ie":{"5.5":null,"6":null,"7":null,"8":0.071084,"9":0.459312,"10":0.103892,"11":3.105824},"edge":{"12":0.174976,"13":0.442908,"14":3.477648,"15":null},"bb":{"7":0.05665,"10":null},"samsung":{"4":4.001756,"5":null},"ie_mob":{"10":0.171682823529,"11":0.870677176471},"op_mini":{"0":0.50984497561},"and_chr":{"0":32.457116},"baidu":{"0":null},"and_ff":{"0":null},"and_qq":{"1.2":null},"and_uc":{"0":0.24926}},"total":98.579506}