{"id":"GE","name":"Georgia","month":"2017-05","access_date":"2017-06-04","data":{"chrome":{"4":null,"5":null,"6":null,"7":null,"8":null,"9":null,"10":null,"11":0.01504,"12":0.00752,"13":null,"14":null,"15":null,"16":null,"17":0.02256,"18":0.00752,"19":0.01504,"20":0.01504,"21":null,"22":0.04512,"23":0.01504,"24":0.01504,"25":0.00752,"26":0.01504,"27":0.0376,"28":0.01504,"29":0.01504,"30":0.02256,"31":0.03008,"32":null,"33":0.04512,"34":0.02256,"35":0.01504,"36":0.02256,"37":0.01504,"38":0.01504,"39":0.04512,"40":0.03008,"41":0.04512,"42":0.02256,"43":0.12032,"44":0.03008,"45":0.06768,"46":0.02256,"47":0.04512,"48":0.05264,"49":2.08304,"50":0.06768,"51":0.24816,"52":0.06768,"53":0.1128,"54":0.12032,"55":0.54896,"56":0.58656,"57":10.77616,"58":37.05856,"59":0.13536,"60":0.1504,"61":null},"firefox":{"2":null,"3":null,"3.5":null,"3.6":0.02256,"4":null,"5":null,"6":null,"7":null,"8":null,"9":null,"10":null,"11":null,"12":null,"13":null,"14":null,"15":null,"16":null,"17":null,"18":null,"19":null,"20":null,"21":0.00752,"22":null,"23":null,"24":null,"25":null,"26":null,"27":null,"28":null,"29":null,"30":null,"31":0.00752,"32":null,"33":null,"34":null,"35":0.02256,"36":null,"37":0.01504,"38":null,"39":null,"40":null,"41":null,"42":0.00752,"43":0.02256,"44":null,"45":0.0376,"46":0.00752,"47":0.0752,"48":0.06768,"49":0.03008,"50":0.06016,"51":0.09024,"52":0.31584,"53":2.27856,"54":0.0752,"55":null,"56":null},"opera":{"9":null,"9.5-9.6":null,"10.0-10.1":0,"10.5":null,"10.6":null,"11":null,"11.1":0.01504,"11.5":null,"11.6":0.00752,"12":0.01504,"12.1":0.2632,"15":0.01504,"16":0.01504,"17":0.01504,"18":0.03008,"19":null,"20":0.04512,"21":0.00752,"22":null,"23":null,"24":null,"25":null,"26":null,"27":0.01504,"28":0.03008,"29":0.01504,"30":0.02256,"31":0.01504,"32":0.03008,"33":0.03008,"34":0.03008,"35":0.03008,"36":0.40608,"37":0.02256,"38":0.04512,"39":0.04512,"40":0.04512,"41":0.06768,"42":0.39856,"43":2.5944,"44":3.21856,"45":3.76,"46":0.02256},"safari":{"3.1":null,"3.2":null,"4":0,"5":0.00752,"5.1":0.01504,"6":null,"6.1":null,"7":null,"7.1":null,"8":0.01504,"9":0.03008,"9.1":0.06768,"10":0.13536,"10.1":0.38352,"0":null},"ios_saf":{"3.2":0,"4.0-4.1":0,"4.2-4.3":0,"5.0-5.1":0,"6.0-6.1":0,"7.0-7.1":0.0476448756822,"8":0,"8.1-8.4":0.052938750758,"9.0-9.2":0.244841722256,"9.3":0.168962846169,"10.0-10.2":1.03362910855,"10.3":2.81678269658},"android":{"2.1":0,"2.2":0,"2.3":0,"3":0,"4":0,"4.1":0.0667606333739,"4.2-4.3":0.196502996346,"4.4":0.491257490865,"4.4.3-4.4.4":0.279638879415,"56":null},"op_mob":{"10":0,"11":0,"11.1":0,"11.5":0,"12":0,"12.1":0,"0":0.00631272727273},"ie":{"5.5":null,"6":null,"7":0.00760294117647,"8":0.197676470588,"9":0.0760294117647,"10":0.0608235294118,"11":1.68025},"edge":{"12":0.0376,"13":1.03024,"14":0.91744,"15":null},"bb":{"7":0.00744,"10":null},"samsung":{"4":1.6616,"5":null},"ie_mob":{"10":0.0604536470588,"11":0.306586352941},"op_mini":{"0":1.41720727273},"and_chr":{"0":15.73824},"baidu":{"0":null},"and_ff":{"0":0.00992},"and_qq":{"1.2":null},"and_uc":{"0":0.44888}},"total":97.0064623529}