{"id":"GF","name":"French Guiana","month":"2017-05","access_date":"2017-06-04","data":{"chrome":{"4":null,"5":null,"6":null,"7":null,"8":null,"9":null,"10":null,"11":null,"12":0.01614,"13":0.01614,"14":null,"15":null,"16":null,"17":null,"18":null,"19":null,"20":null,"21":null,"22":null,"23":null,"24":null,"25":null,"26":0.00538,"27":null,"28":null,"29":0.01076,"30":null,"31":null,"32":null,"33":0.01076,"34":0.01076,"35":null,"36":0.04304,"37":null,"38":0.01614,"39":0.01614,"40":0.01076,"41":0.01076,"42":0.00538,"43":0.03766,"44":0.01076,"45":0.16678,"46":null,"47":0.02152,"48":0.12912,"49":0.4573,"50":0.12912,"51":0.57028,"52":0.03228,"53":0.01076,"54":0.23134,"55":0.20444,"56":0.31204,"57":7.46206,"58":19.22812,"59":0.07532,"60":0.04304,"61":null},"firefox":{"2":null,"3":0.01614,"3.5":null,"3.6":0.01076,"4":null,"5":null,"6":null,"7":null,"8":null,"9":null,"10":null,"11":null,"12":null,"13":null,"14":null,"15":null,"16":null,"17":null,"18":null,"19":null,"20":null,"21":null,"22":null,"23":null,"24":0.01076,"25":null,"26":null,"27":null,"28":null,"29":0.01076,"30":0.01614,"31":0.01076,"32":0.00538,"33":0.03228,"34":0.00538,"35":0.02152,"36":0.06994,"37":0.02152,"38":0.0269,"39":0.00538,"40":0.01614,"41":0.01614,"42":0.01076,"43":0.05918,"44":0.00538,"45":0.09684,"46":0.03766,"47":0.13988,"48":0.28514,"49":0.09684,"50":0.09684,"51":0.19906,"52":0.7801,"53":7.91398,"54":0.04304,"55":null,"56":null},"opera":{"9":null,"9.5-9.6":null,"10.0-10.1":0,"10.5":null,"10.6":null,"11":null,"11.1":null,"11.5":null,"11.6":null,"12":null,"12.1":0.01076,"15":null,"16":null,"17":null,"18":null,"19":null,"20":null,"21":null,"22":null,"23":null,"24":null,"25":null,"26":null,"27":null,"28":null,"29":null,"30":0.02152,"31":0.00538,"32":null,"33":null,"34":null,"35":null,"36":0.0269,"37":null,"38":null,"39":null,"40":0.0269,"41":null,"42":null,"43":0.2152,"44":0.20982,"45":0.15602,"46":null},"safari":{"3.1":null,"3.2":null,"4":0.02152,"5":0.00538,"5.1":0.03228,"6":null,"6.1":0.1883,"7":0.00538,"7.1":null,"8":0.11298,"9":0.04304,"9.1":0.38736,"10":0.4304,"10.1":2.00136,"0":null},"ios_saf":{"3.2":0,"4.0-4.1":0,"4.2-4.3":0,"5.0-5.1":0,"6.0-6.1":0,"7.0-7.1":0.0771250224378,"8":0,"8.1-8.4":0.0856944693754,"9.0-9.2":0.396336920861,"9.3":0.273508181423,"10.0-10.2":1.67318451455,"10.3":4.55965989135},"android":{"2.1":0,"2.2":0,"2.3":0,"3":0,"4":0,"4.1":0.0909847320341,"4.2-4.3":0.267804116931,"4.4":0.669510292326,"4.4.3-4.4.4":0.381105858709,"56":null},"op_mob":{"10":0,"11":0,"11.1":0,"11.5":0,"12":0,"12.1":0,"0":0.00225414634146},"ie":{"5.5":null,"6":0.0118021989529,"7":null,"8":0.454384659686,"9":0.200637382199,"10":0.336362670157,"11":3.50525308901},"edge":{"12":0.6187,"13":0.24748,"14":2.71152,"15":null},"bb":{"7":0.00808675,"10":null},"samsung":{"4":5.429675,"5":null},"ie_mob":{"10":0.0190276470588,"11":0.0964973529412},"op_mini":{"0":0.506055853659},"and_chr":{"0":31.970332},"baidu":{"0":null},"and_ff":{"0":0.018484},"and_qq":{"1.2":null},"and_uc":{"0":0.106283}},"total":97.97294975}