{"id":"GG","name":"Guernsey","month":"2017-05","access_date":"2017-06-04","data":{"chrome":{"4":null,"5":null,"6":null,"7":null,"8":null,"9":null,"10":null,"11":0.016023,"12":null,"13":null,"14":null,"15":null,"16":null,"17":null,"18":null,"19":null,"20":null,"21":null,"22":0.026705,"23":null,"24":null,"25":null,"26":0.010682,"27":null,"28":0.005341,"29":null,"30":null,"31":null,"32":null,"33":null,"34":null,"35":null,"36":0.021364,"37":null,"38":0.064092,"39":null,"40":0.021364,"41":null,"42":null,"43":0.010682,"44":0.026705,"45":0.016023,"46":null,"47":0.016023,"48":0.016023,"49":0.929334,"50":0.016023,"51":0.165571,"52":null,"53":null,"54":0.064092,"55":0.042728,"56":0.240345,"57":6.777729,"58":17.956442,"59":0.117502,"60":0.096138,"61":null},"firefox":{"2":0.016023,"3":null,"3.5":null,"3.6":null,"4":null,"5":null,"6":null,"7":null,"8":null,"9":null,"10":null,"11":null,"12":null,"13":null,"14":null,"15":null,"16":null,"17":null,"18":null,"19":null,"20":null,"21":0.005341,"22":null,"23":null,"24":null,"25":null,"26":null,"27":null,"28":null,"29":null,"30":0.048069,"31":null,"32":0.021364,"33":null,"34":null,"35":null,"36":null,"37":null,"38":null,"39":0.005341,"40":null,"41":null,"42":null,"43":null,"44":0.005341,"45":0.496713,"46":null,"47":0.032046,"48":0.218981,"49":0.016023,"50":0.112161,"51":0.037387,"52":0.283073,"53":4.05916,"54":0.16023,"55":null,"56":null},"opera":{"9":null,"9.5-9.6":null,"10.0-10.1":0,"10.5":null,"10.6":null,"11":null,"11.1":null,"11.5":null,"11.6":null,"12":null,"12.1":null,"15":null,"16":null,"17":null,"18":null,"19":null,"20":null,"21":null,"22":null,"23":null,"24":null,"25":null,"26":null,"27":null,"28":null,"29":null,"30":null,"31":null,"32":null,"33":null,"34":null,"35":null,"36":null,"37":null,"38":null,"39":null,"40":null,"41":null,"42":null,"43":0.074774,"44":0.117502,"45":0.117502,"46":null},"safari":{"3.1":null,"3.2":null,"4":0.010682,"5":0.16023,"5.1":0.154889,"6":0.005341,"6.1":0.240345,"7":0.32046,"7.1":null,"8":0.101479,"9":0.507395,"9.1":0.870583,"10":1.506162,"10.1":3.626539,"0":null},"ios_saf":{"3.2":0,"4.0-4.1":0,"4.2-4.3":0,"5.0-5.1":0,"6.0-6.1":0,"7.0-7.1":0.298462268041,"8":0,"8.1-8.4":0.331624742268,"9.0-9.2":1.53376443299,"9.3":1.05843563574,"10.0-10.2":6.47497309278,"10.3":17.6451998282},"android":{"2.1":0,"2.2":0,"2.3":0,"3":0,"4":0,"4.1":0.029167817296,"4.2-4.3":0.0858524433618,"4.4":0.214631108404,"4.4.3-4.4.4":0.122174630938,"56":null},"op_mob":{"10":0,"11":0,"11.1":0,"11.5":0,"12":0,"12.1":0,"0":0.000805596452328},"ie":{"5.5":null,"6":null,"7":0.026705,"8":0.064092,"9":0.352506,"10":0.074774,"11":7.653653},"edge":{"12":0.021364,"13":0.283073,"14":3.701313,"15":null},"bb":{"7":0.009316,"10":null},"samsung":{"4":5.296146,"5":null},"ie_mob":{"10":0.0705824,"11":0.3579536},"op_mini":{"0":0.180856403548},"and_chr":{"0":12.662179},"baidu":{"0":null},"and_ff":{"0":0.02329},"and_qq":{"1.2":null},"and_uc":{"0":0.037264}},"total":98.598226}