{"id":"GH","name":"Ghana","month":"2017-05","access_date":"2017-06-04","data":{"chrome":{"4":null,"5":null,"6":null,"7":null,"8":null,"9":null,"10":null,"11":0.02604,"12":null,"13":0.002604,"14":null,"15":null,"16":0.002604,"17":null,"18":0.002604,"19":0.005208,"20":0.002604,"21":0.002604,"22":0.005208,"23":0.007812,"24":0.002604,"25":0.015624,"26":0.005208,"27":0.03906,"28":0.010416,"29":0.018228,"30":0.007812,"31":0.033852,"32":0.015624,"33":0.036456,"34":0.005208,"35":0.020832,"36":0.01302,"37":0.018228,"38":0.005208,"39":0.01302,"40":0.01302,"41":0.046872,"42":0.007812,"43":0.151032,"44":0.007812,"45":0.041664,"46":0.01302,"47":0.020832,"48":0.028644,"49":0.479136,"50":0.049476,"51":0.070308,"52":0.020832,"53":0.070308,"54":0.03906,"55":0.434868,"56":0.216132,"57":2.301936,"58":7.077672,"59":0.096348,"60":0.07812,"61":null},"firefox":{"2":null,"3":0.028644,"3.5":null,"3.6":0.007812,"4":0.010416,"5":0.005208,"6":0.005208,"7":0.005208,"8":0.002604,"9":0.002604,"10":0.010416,"11":0.015624,"12":0.018228,"13":0.01302,"14":0.010416,"15":0.01302,"16":0.01302,"17":0.010416,"18":0.007812,"19":0.010416,"20":0.010416,"21":0.018228,"22":0.010416,"23":0.010416,"24":0.018228,"25":0.01302,"26":0.01302,"27":0.018228,"28":0.01302,"29":0.054684,"30":0.046872,"31":0.023436,"32":0.023436,"33":0.028644,"34":0.031248,"35":0.041664,"36":0.036456,"37":0.062496,"38":0.0651,"39":0.059892,"40":0.096348,"41":0.067704,"42":0.0651,"43":0.22134,"44":0.18228,"45":0.11718,"46":0.093744,"47":0.3906,"48":0.242172,"49":0.226548,"50":0.203112,"51":0.226548,"52":0.674436,"53":4.33566,"54":0.984312,"55":0.007812,"56":null},"opera":{"9":null,"9.5-9.6":null,"10.0-10.1":0,"10.5":null,"10.6":0.002604,"11":null,"11.1":null,"11.5":0.002604,"11.6":0.018228,"12":0.007812,"12.1":0.015624,"15":0.002604,"16":0.005208,"17":0.002604,"18":0.005208,"19":0.002604,"20":0.002604,"21":null,"22":0.005208,"23":null,"24":null,"25":null,"26":null,"27":null,"28":0.041664,"29":0.005208,"30":0.005208,"31":null,"32":null,"33":0.002604,"34":0.005208,"35":0.007812,"36":0.023436,"37":0.015624,"38":0.005208,"39":0.005208,"40":0.033852,"41":0.007812,"42":0.111972,"43":0.322896,"44":0.265608,"45":0.33852,"46":0.002604},"safari":{"3.1":null,"3.2":null,"4":0,"5":0.007812,"5.1":0.018228,"6":0.007812,"6.1":0.005208,"7":0.007812,"7.1":0.002604,"8":0.023436,"9":0.049476,"9.1":0.075516,"10":0.158844,"10.1":0.302064,"0":null},"ios_saf":{"3.2":0,"4.0-4.1":0,"4.2-4.3":0,"5.0-5.1":0,"6.0-6.1":0,"7.0-7.1":0.0398011546392,"8":0,"8.1-8.4":0.0442235051546,"9.0-9.2":0.20453371134,"9.3":0.141146687285,"10.0-10.2":0.863463938144,"10.3":2.35305900344},"android":{"2.1":0,"2.2":0,"2.3":0,"3":0,"4":0,"4.1":0.222970031669,"4.2-4.3":0.656289149817,"4.4":1.64072287454,"4.4.3-4.4.4":0.933949943971,"56":null},"op_mob":{"10":0,"11":0,"11.1":0,"11.5":0,"12":0,"12.1":0,"0":0.14116356541},"ie":{"5.5":null,"6":0.00265167048055,"7":null,"8":0.159100228833,"9":0.106066819222,"10":0.0954601372998,"11":0.795501144165},"edge":{"12":0.179676,"13":0.109368,"14":0.424452,"15":null},"bb":{"7":0.059168,"10":null},"samsung":{"4":1.863792,"5":null},"ie_mob":{"10":0.317940988235,"11":1.61241501176},"op_mini":{"0":31.6912204346},"and_chr":{"0":17.203572},"baidu":{"0":null},"and_ff":{"0":0.059168},"and_qq":{"1.2":null},"and_uc":{"0":13.675204}},"total":98.034748}