{"id":"GI","name":"Gibraltar","month":"2017-05","access_date":"2017-06-04","data":{"chrome":{"4":null,"5":null,"6":null,"7":null,"8":null,"9":null,"10":null,"11":0.005784,"12":null,"13":null,"14":null,"15":null,"16":null,"17":null,"18":null,"19":null,"20":0.20244,"21":0.011568,"22":0.017352,"23":null,"24":null,"25":null,"26":null,"27":0.005784,"28":null,"29":null,"30":null,"31":null,"32":null,"33":null,"34":0.034704,"35":0.017352,"36":0.17352,"37":null,"38":null,"39":0.17352,"40":null,"41":0.127248,"42":null,"43":0.040488,"44":0.02892,"45":0.023136,"46":null,"47":0.046272,"48":0.352824,"49":0.890736,"50":0.046272,"51":0.080976,"52":0.075192,"53":0.046272,"54":0.358608,"55":0.20244,"56":0.445368,"57":7.854672,"58":22.00812,"59":0.063624,"60":0.063624,"61":null},"firefox":{"2":null,"3":null,"3.5":null,"3.6":0.080976,"4":null,"5":null,"6":null,"7":null,"8":null,"9":null,"10":null,"11":null,"12":null,"13":null,"14":null,"15":null,"16":null,"17":null,"18":null,"19":null,"20":null,"21":0.011568,"22":null,"23":null,"24":null,"25":null,"26":null,"27":null,"28":null,"29":null,"30":null,"31":null,"32":null,"33":0.046272,"34":0.011568,"35":null,"36":0.063624,"37":0.011568,"38":0.017352,"39":null,"40":null,"41":0.005784,"42":null,"43":null,"44":null,"45":0.052056,"46":null,"47":0.150384,"48":0.017352,"49":0.023136,"50":0.063624,"51":0.11568,"52":0.508992,"53":4.766016,"54":0.034704,"55":null,"56":null},"opera":{"9":null,"9.5-9.6":null,"10.0-10.1":0,"10.5":null,"10.6":null,"11":null,"11.1":null,"11.5":null,"11.6":null,"12":null,"12.1":0.005784,"15":null,"16":null,"17":null,"18":null,"19":null,"20":null,"21":null,"22":null,"23":null,"24":null,"25":null,"26":null,"27":null,"28":0.02892,"29":null,"30":null,"31":null,"32":null,"33":null,"34":null,"35":null,"36":0.005784,"37":null,"38":null,"39":null,"40":null,"41":null,"42":null,"43":0.196656,"44":0.190872,"45":0.306552,"46":null},"safari":{"3.1":null,"3.2":null,"4":0,"5":0.017352,"5.1":0.011568,"6":null,"6.1":0.219792,"7":null,"7.1":null,"8":0.179304,"9":0.109896,"9.1":0.913872,"10":0.821328,"10.1":3.042384,"0":null},"ios_saf":{"3.2":0,"4.0-4.1":0,"4.2-4.3":0,"5.0-5.1":0,"6.0-6.1":0,"7.0-7.1":0.241884371134,"8":0,"8.1-8.4":0.268760412371,"9.0-9.2":1.24301690722,"9.3":0.857793649485,"10.0-10.2":5.24754705155,"10.3":14.3002936082},"android":{"2.1":0,"2.2":0,"2.3":0,"3":0,"4":0,"4.1":0.0508949768575,"4.2-4.3":0.149804082826,"4.4":0.374510207065,"4.4.3-4.4.4":0.213182733252,"56":null},"op_mob":{"10":0,"11":0,"11.1":0,"11.5":0,"12":0,"12.1":0,"0":0.000243050997783},"ie":{"5.5":null,"6":null,"7":null,"8":2.012832,"9":0.040488,"10":0.271848,"11":4.783368},"edge":{"12":1.017984,"13":0.08676,"14":2.273112,"15":null},"bb":{"7":0.011594,"10":null},"samsung":{"4":4.13168,"5":null},"ie_mob":{"10":0.0493024,"11":0.2500336},"op_mini":{"0":0.0545649490022},"and_chr":{"0":14.341544},"baidu":{"0":null},"and_ff":{"0":0.029512},"and_qq":{"1.2":null},"and_uc":{"0":0.328848}},"total":98.058938}