{"id":"GL","name":"Greenland","month":"2017-05","access_date":"2017-06-04","data":{"chrome":{"4":null,"5":null,"6":null,"7":null,"8":null,"9":null,"10":null,"11":null,"12":null,"13":null,"14":null,"15":null,"16":null,"17":null,"18":null,"19":null,"20":null,"21":null,"22":0.010308,"23":null,"24":null,"25":null,"26":null,"27":null,"28":null,"29":null,"30":null,"31":null,"32":null,"33":null,"34":0.005154,"35":null,"36":null,"37":null,"38":0.010308,"39":null,"40":null,"41":null,"42":null,"43":null,"44":null,"45":null,"46":null,"47":0.02577,"48":null,"49":0.556632,"50":0.005154,"51":0.010308,"52":0.07731,"53":0.005154,"54":0.005154,"55":0.10308,"56":0.097926,"57":5.195232,"58":12.52422,"59":0.02577,"60":null,"61":null},"firefox":{"2":null,"3":0.02577,"3.5":null,"3.6":0.02577,"4":null,"5":null,"6":null,"7":null,"8":null,"9":null,"10":null,"11":null,"12":null,"13":null,"14":null,"15":null,"16":null,"17":null,"18":null,"19":null,"20":null,"21":null,"22":null,"23":0.005154,"24":null,"25":null,"26":null,"27":null,"28":null,"29":null,"30":null,"31":null,"32":null,"33":null,"34":null,"35":null,"36":0.005154,"37":null,"38":0.046386,"39":null,"40":null,"41":null,"42":null,"43":0.010308,"44":null,"45":0.020616,"46":null,"47":0.036078,"48":0.097926,"49":0.020616,"50":0.010308,"51":0.10308,"52":0.304086,"53":9.838986,"54":null,"55":null,"56":null},"opera":{"9":null,"9.5-9.6":null,"10.0-10.1":0,"10.5":null,"10.6":null,"11":null,"11.1":null,"11.5":null,"11.6":null,"12":null,"12.1":null,"15":null,"16":null,"17":null,"18":null,"19":null,"20":null,"21":null,"22":null,"23":null,"24":null,"25":null,"26":null,"27":null,"28":null,"29":null,"30":null,"31":null,"32":null,"33":null,"34":null,"35":null,"36":0.015462,"37":null,"38":null,"39":0.005154,"40":null,"41":null,"42":0.015462,"43":0.072156,"44":0.18039,"45":0.108234,"46":null},"safari":{"3.1":null,"3.2":null,"4":0,"5":null,"5.1":0.10308,"6":null,"6.1":0.020616,"7":0.015462,"7.1":0.005154,"8":0.092772,"9":0.041232,"9.1":0.649404,"10":3.561414,"10.1":2.86047,"0":null},"ios_saf":{"3.2":0,"4.0-4.1":0,"4.2-4.3":0,"5.0-5.1":0,"6.0-6.1":0,"7.0-7.1":0.140918976349,"8":0,"8.1-8.4":0.156576640388,"9.0-9.2":0.724166961795,"9.3":0.499740443905,"10.0-10.2":3.05715890358,"10.3":8.33118207398},"android":{"2.1":0,"2.2":0,"2.3":0,"3":0,"4":0,"4.1":0.0569360730816,"4.2-4.3":0.167585422655,"4.4":0.418963556638,"4.4.3-4.4.4":0.238486947625,"56":null},"op_mob":{"10":0,"11":0,"11.1":0,"11.5":0,"12":0,"12.1":0,"0":0.00719915742794},"ie":{"5.5":null,"6":null,"7":null,"8":0.067002,"9":0.10308,"10":0.18039,"11":9.395742},"edge":{"12":0.072156,"13":0.304086,"14":3.3501,"15":null},"bb":{"7":0.0012115,"10":null},"samsung":{"4":13.631798,"5":null},"ie_mob":{"10":0.0303302588235,"11":0.153817741176},"op_mini":{"0":1.61621084257},"and_chr":{"0":14.148944},"baidu":{"0":null},"and_ff":{"0":0.029076},"and_qq":{"1.2":null},"and_uc":{"0":4.594008}},"total":98.4310475}