{"id":"GM","name":"Gambia","month":"2017-05","access_date":"2017-06-04","data":{"chrome":{"4":null,"5":null,"6":null,"7":null,"8":null,"9":0.005294,"10":null,"11":0.013235,"12":null,"13":null,"14":null,"15":null,"16":0.005294,"17":null,"18":null,"19":0.007941,"20":0.042352,"21":null,"22":0.010588,"23":0.007941,"24":null,"25":0.037058,"26":0.02647,"27":null,"28":0.002647,"29":0.002647,"30":0.007941,"31":0.018529,"32":null,"33":0.007941,"34":0.021176,"35":0.010588,"36":0.005294,"37":null,"38":0.010588,"39":0.013235,"40":0.015882,"41":0.005294,"42":null,"43":0.068822,"44":0.002647,"45":0.015882,"46":0.018529,"47":0.023823,"48":null,"49":0.712043,"50":0.013235,"51":0.015882,"52":0.240877,"53":0.063528,"54":0.031764,"55":0.854981,"56":0.140291,"57":2.215539,"58":7.528068,"59":0.172055,"60":0.097939,"61":null},"firefox":{"2":null,"3":0.07941,"3.5":null,"3.6":0.005294,"4":0.002647,"5":0.005294,"6":0.002647,"7":null,"8":0.002647,"9":null,"10":0.005294,"11":0.002647,"12":0.013235,"13":0.010588,"14":0.010588,"15":0.005294,"16":null,"17":null,"18":0.013235,"19":0.002647,"20":0.015882,"21":0.005294,"22":null,"23":null,"24":0.005294,"25":null,"26":0.005294,"27":0.015882,"28":0.005294,"29":0.089998,"30":0.007941,"31":0.042352,"32":null,"33":0.010588,"34":0.023823,"35":0.010588,"36":0.013235,"37":0.719984,"38":0.060881,"39":0.007941,"40":0.089998,"41":0.044999,"42":0.005294,"43":0.15882,"44":0.095292,"45":0.031764,"46":0.063528,"47":0.243524,"48":0.129703,"49":0.076763,"50":0.140291,"51":0.071469,"52":1.077329,"53":4.730189,"54":1.842312,"55":null,"56":null},"opera":{"9":null,"9.5-9.6":null,"10.0-10.1":0,"10.5":null,"10.6":null,"11":null,"11.1":null,"11.5":0.005294,"11.6":0.005294,"12":null,"12.1":0.005294,"15":null,"16":null,"17":null,"18":null,"19":null,"20":null,"21":0.018529,"22":null,"23":null,"24":null,"25":null,"26":null,"27":null,"28":0.002647,"29":0.013235,"30":null,"31":null,"32":null,"33":null,"34":null,"35":null,"36":0.068822,"37":0.005294,"38":0.002647,"39":0.002647,"40":0.013235,"41":0.013235,"42":0.074116,"43":0.18529,"44":0.269994,"45":0.412932,"46":null},"safari":{"3.1":null,"3.2":null,"4":0,"5":null,"5.1":0.005294,"6":null,"6.1":null,"7":0.005294,"7.1":null,"8":0.010588,"9":null,"9.1":0.111174,"10":0.039705,"10.1":0.179996,"0":null},"ios_saf":{"3.2":0,"4.0-4.1":0,"4.2-4.3":0,"5.0-5.1":0,"6.0-6.1":0,"7.0-7.1":0.0580302862341,"8":0,"8.1-8.4":0.0644780958156,"9.0-9.2":0.298211193147,"9.3":0.205792589145,"10.0-10.2":1.2589348208,"10.3":3.43077201486},"android":{"2.1":0,"2.2":0,"2.3":0,"3":0,"4":0,"4.1":0.559168333739,"4.2-4.3":1.64585396346,"4.4":4.11463490865,"4.4.3-4.4.4":2.34217679415,"56":null},"op_mob":{"10":0,"11":0,"11.1":0,"11.5":0,"12":0,"12.1":0,"0":0.0880403547672},"ie":{"5.5":null,"6":0.007941,"7":0.005294,"8":0.113821,"9":0.031764,"10":0.044999,"11":0.656456},"edge":{"12":0.100586,"13":0.089998,"14":0.2647,"15":null},"bb":{"7":0.014706,"10":null},"samsung":{"4":4.970628,"5":null},"ie_mob":{"10":0.208306164706,"11":1.05640983529},"op_mini":{"0":19.7650596452},"and_chr":{"0":22.533993},"baidu":{"0":null},"and_ff":{"0":0.029412},"and_qq":{"1.2":null},"and_uc":{"0":10.713321}},"total":98.620897}