{"id":"GN","name":"Guinea","month":"2017-05","access_date":"2017-06-04","data":{"chrome":{"4":null,"5":null,"6":null,"7":null,"8":null,"9":null,"10":null,"11":0.014384,"12":0.005394,"13":null,"14":0.000899,"15":null,"16":0.002697,"17":null,"18":null,"19":0.001798,"20":0.000899,"21":0.000899,"22":null,"23":null,"24":null,"25":0.016182,"26":0.002697,"27":0.001798,"28":0.010788,"29":0.005394,"30":0.002697,"31":0.008091,"32":0.005394,"33":0.037758,"34":null,"35":null,"36":0.003596,"37":null,"38":0.004495,"39":0.000899,"40":0.004495,"41":null,"42":0.00899,"43":0.093496,"44":0.005394,"45":0.230144,"46":0.001798,"47":0.017081,"48":0.001798,"49":0.10788,"50":0.010788,"51":0.016182,"52":0.005394,"53":0.064728,"54":0.003596,"55":0.158224,"56":0.087203,"57":0.866636,"58":2.314925,"59":0.014384,"60":0.008091,"61":null},"firefox":{"2":0.000899,"3":0.051243,"3.5":0.001798,"3.6":0.015283,"4":null,"5":0.015283,"6":null,"7":null,"8":0.008091,"9":null,"10":0.003596,"11":0.000899,"12":0.001798,"13":0.001798,"14":null,"15":0.004495,"16":null,"17":0.005394,"18":0.001798,"19":0.014384,"20":0.014384,"21":0.004495,"22":0.007192,"23":0.006293,"24":0.014384,"25":0.012586,"26":0.002697,"27":0.002697,"28":0.007192,"29":0.007192,"30":0.006293,"31":0.018879,"32":0.016182,"33":0.034162,"34":0.017081,"35":0.012586,"36":0.004495,"37":0.013485,"38":0.016182,"39":0.015283,"40":0.017081,"41":0.032364,"42":0.007192,"43":0.064728,"44":0.005394,"45":0.050344,"46":0.00899,"47":0.122264,"48":0.039556,"49":0.057536,"50":0.024273,"51":0.045849,"52":0.216659,"53":1.644271,"54":0.02697,"55":0.000899,"56":null},"opera":{"9":null,"9.5-9.6":null,"10.0-10.1":0,"10.5":null,"10.6":0.000899,"11":0.001798,"11.1":null,"11.5":null,"11.6":0.002697,"12":null,"12.1":0.008091,"15":0.000899,"16":null,"17":null,"18":0.001798,"19":null,"20":null,"21":null,"22":0.004495,"23":null,"24":null,"25":null,"26":null,"27":0.001798,"28":null,"29":0.000899,"30":0.002697,"31":null,"32":null,"33":null,"34":0.000899,"35":0.005394,"36":0.007192,"37":0.007192,"38":0.000899,"39":null,"40":0.001798,"41":0.001798,"42":0.032364,"43":0.124961,"44":0.069223,"45":0.084506,"46":null},"safari":{"3.1":null,"3.2":null,"4":0,"5":0.005394,"5.1":0.006293,"6":null,"6.1":null,"7":null,"7.1":null,"8":0.01798,"9":0.004495,"9.1":0.056637,"10":0.10788,"10.1":0.103385,"0":null},"ios_saf":{"3.2":0,"4.0-4.1":0,"4.2-4.3":0,"5.0-5.1":0,"6.0-6.1":0,"7.0-7.1":0.0212619187386,"8":0,"8.1-8.4":0.023624354154,"9.0-9.2":0.109262637962,"9.3":0.075401063675,"10.0-10.2":0.461265514857,"10.3":1.25701251061},"android":{"2.1":0,"2.2":0,"2.3":0,"3":0,"4":0,"4.1":0.394268484775,"4.2-4.3":1.16048837028,"4.4":2.9012209257,"4.4.3-4.4.4":1.65146421924,"56":null},"op_mob":{"10":0,"11":0,"11.1":0,"11.5":0,"12":0,"12.1":0,"0":0.102200727273},"ie":{"5.5":null,"6":0.00274894222222,"7":0.0036652562963,"8":0.0833845807407,"9":0.00549788444444,"10":0.0531462162963,"11":0.47006912},"edge":{"12":0.120466,"13":0.028768,"14":0.1798,"15":null},"bb":{"7":0.0068265,"10":null},"samsung":{"4":1.310688,"5":null},"ie_mob":{"10":0.0644635764706,"11":0.326922423529},"op_mini":{"0":22.9440632727},"and_chr":{"0":54.320412},"baidu":{"0":null},"and_ff":{"0":0.118326},"and_qq":{"1.2":null},"and_uc":{"0":3.09468}},"total":98.8286145}