{"id":"GP","name":"Guadeloupe","month":"2017-05","access_date":"2017-06-04","data":{"chrome":{"4":null,"5":null,"6":null,"7":null,"8":null,"9":null,"10":null,"11":0.017247,"12":null,"13":null,"14":null,"15":null,"16":null,"17":null,"18":null,"19":null,"20":null,"21":null,"22":0.155223,"23":null,"24":null,"25":null,"26":null,"27":null,"28":null,"29":null,"30":0.005749,"31":null,"32":null,"33":0.011498,"34":0.011498,"35":0.017247,"36":0.011498,"37":null,"38":0.011498,"39":0.005749,"40":null,"41":0.011498,"42":0.034494,"43":0.080486,"44":0.011498,"45":0.074737,"46":0.017247,"47":0.034494,"48":0.011498,"49":0.787613,"50":0.028745,"51":0.091984,"52":0.218462,"53":0.011498,"54":0.022996,"55":0.327693,"56":0.281701,"57":6.162928,"58":21.461017,"59":0.045992,"60":0.028745,"61":null},"firefox":{"2":null,"3":null,"3.5":null,"3.6":null,"4":null,"5":null,"6":null,"7":null,"8":null,"9":null,"10":null,"11":null,"12":null,"13":null,"14":null,"15":null,"16":null,"17":null,"18":null,"19":null,"20":null,"21":null,"22":null,"23":null,"24":0.017247,"25":0.005749,"26":null,"27":null,"28":null,"29":null,"30":null,"31":null,"32":null,"33":null,"34":0.011498,"35":0.011498,"36":null,"37":0.005749,"38":0.034494,"39":0.017247,"40":0.005749,"41":null,"42":0.022996,"43":0.028745,"44":null,"45":0.126478,"46":0.160972,"47":0.068988,"48":1.356764,"49":0.091984,"50":0.224211,"51":0.074737,"52":0.960083,"53":6.852808,"54":0.028745,"55":null,"56":null},"opera":{"9":null,"9.5-9.6":null,"10.0-10.1":0,"10.5":null,"10.6":null,"11":null,"11.1":null,"11.5":null,"11.6":null,"12":null,"12.1":0.022996,"15":null,"16":null,"17":null,"18":null,"19":null,"20":null,"21":null,"22":null,"23":null,"24":null,"25":null,"26":null,"27":null,"28":null,"29":null,"30":null,"31":null,"32":null,"33":null,"34":null,"35":null,"36":0.040243,"37":null,"38":null,"39":null,"40":null,"41":null,"42":null,"43":0.132227,"44":0.160972,"45":0.189717,"46":null},"safari":{"3.1":null,"3.2":null,"4":0,"5":0.080486,"5.1":0.103482,"6":0.011498,"6.1":0.097733,"7":0.068988,"7.1":0.022996,"8":0.241458,"9":0.252956,"9.1":1.098059,"10":1.1498,"10.1":3.39191,"0":null},"ios_saf":{"3.2":0,"4.0-4.1":0,"4.2-4.3":0,"5.0-5.1":0,"6.0-6.1":0,"7.0-7.1":0.0878866537295,"8":0,"8.1-8.4":0.0976518374773,"9.0-9.2":0.451639748332,"9.3":0.311672114615,"10.0-10.2":1.90665212674,"10.3":5.1958915191},"android":{"2.1":0,"2.2":0,"2.3":0,"3":0,"4":0,"4.1":0.120747040195,"4.2-4.3":0.35540638246,"4.4":0.888515956151,"4.4.3-4.4.4":0.505770621194,"56":null},"op_mob":{"10":0,"11":0,"11.1":0,"11.5":0,"12":0,"12.1":0,"0":0.000414731707317},"ie":{"5.5":null,"6":null,"7":0.080486,"8":0.091984,"9":0.080486,"10":0.143725,"11":3.299926},"edge":{"12":0.091984,"13":0.264454,"14":3.869077,"15":null},"bb":{"7":0.0063765,"10":null},"samsung":{"4":4.306263,"5":null},"ie_mob":{"10":0.0343080705882,"11":0.173990929412},"op_mini":{"0":0.0931072682927},"and_chr":{"0":28.620328},"baidu":{"0":null},"and_ff":{"0":0.012753},"and_qq":{"1.2":null},"and_uc":{"0":0.051012}},"total":98.3073055}