{"id":"GQ","name":"Equatorial Guinea","month":"2017-05","access_date":"2017-06-04","data":{"chrome":{"4":null,"5":null,"6":null,"7":null,"8":null,"9":null,"10":0.05757,"11":0.11514,"12":null,"13":null,"14":null,"15":null,"16":null,"17":0.00303,"18":0.00606,"19":null,"20":null,"21":null,"22":0.00909,"23":0.02424,"24":null,"25":0.00606,"26":0.00606,"27":0.01212,"28":null,"29":0.01818,"30":null,"31":0.10908,"32":null,"33":0.06666,"34":0.01212,"35":0.07272,"36":0.00909,"37":0.00303,"38":0.00909,"39":null,"40":null,"41":0.05151,"42":null,"43":0.06666,"44":0.04242,"45":0.15453,"46":0.01515,"47":0.00606,"48":0.07272,"49":0.28482,"50":0.22119,"51":0.01818,"52":0.03939,"53":0.08787,"54":0.01515,"55":1.10292,"56":0.22725,"57":2.19675,"58":7.87194,"59":0.00606,"60":0.00909,"61":null},"firefox":{"2":null,"3":0.28179,"3.5":null,"3.6":0.00909,"4":0.00303,"5":0.00606,"6":0.02424,"7":null,"8":0.00909,"9":null,"10":null,"11":0.00303,"12":0.01212,"13":0.00606,"14":0.00606,"15":null,"16":0.00606,"17":0.1818,"18":0.01515,"19":null,"20":0.01212,"21":0.00909,"22":0.00606,"23":0.01818,"24":0.04848,"25":0.00909,"26":0.00606,"27":0.00606,"28":0.00909,"29":0.02121,"30":1.50591,"31":0.12423,"32":0.00606,"33":0.14241,"34":0.0606,"35":0.07575,"36":0.01818,"37":0.01818,"38":0.07878,"39":0.00909,"40":0.01818,"41":0.04242,"42":0.01515,"43":0.38784,"44":0.06363,"45":0.06666,"46":0.05454,"47":0.28482,"48":0.03333,"49":0.16362,"50":0.79083,"51":0.17574,"52":0.46662,"53":3.13302,"54":0.03333,"55":null,"56":null},"opera":{"9":null,"9.5-9.6":null,"10.0-10.1":0,"10.5":null,"10.6":0.00303,"11":null,"11.1":null,"11.5":null,"11.6":null,"12":null,"12.1":0.00909,"15":null,"16":null,"17":null,"18":0.02121,"19":null,"20":null,"21":0.00303,"22":null,"23":null,"24":null,"25":null,"26":null,"27":null,"28":null,"29":null,"30":null,"31":null,"32":null,"33":null,"34":null,"35":null,"36":0.00606,"37":null,"38":null,"39":0.00303,"40":0.01212,"41":null,"42":0.07878,"43":0.43935,"44":0.09393,"45":0.31209,"46":null},"safari":{"3.1":null,"3.2":null,"4":0,"5":0.01212,"5.1":0.02727,"6":0.0303,"6.1":0.00303,"7":0.00303,"7.1":null,"8":0.01515,"9":0.00909,"9.1":0.45753,"10":0.23331,"10.1":0.47571,"0":null},"ios_saf":{"3.2":0,"4.0-4.1":0,"4.2-4.3":0,"5.0-5.1":0,"6.0-6.1":0,"7.0-7.1":0.0229769072165,"8":0,"8.1-8.4":0.0255298969072,"9.0-9.2":0.118075773196,"9.3":0.0814829209622,"10.0-10.2":0.498471237113,"10.3":1.3584032646},"android":{"2.1":0,"2.2":0,"2.3":0,"3":0,"4":0,"4.1":0.456250596833,"4.2-4.3":1.34292628502,"4.4":3.35731571255,"4.4.3-4.4.4":1.9110874056,"56":null},"op_mob":{"10":0,"11":0,"11.1":0,"11.5":0,"12":0,"12.1":0,"0":0.0684945454545},"ie":{"5.5":null,"6":null,"7":null,"8":0.587017824377,"9":0.0679704849279,"10":0.395464639581,"11":3.66422705111},"edge":{"12":0.13635,"13":0.18786,"14":0.2727,"15":null},"bb":{"7":0.010455,"10":null},"samsung":{"4":3.2062,"5":null},"ie_mob":{"10":0.036736,"11":0.186304},"op_mini":{"0":15.3770254545},"and_chr":{"0":24.00002},"baidu":{"0":null},"and_ff":{"0":0.01394},"and_qq":{"1.2":null},"and_uc":{"0":18.14291}},"total":99.281395}