{"id":"GR","name":"Greece","month":"2017-05","access_date":"2017-06-04","data":{"chrome":{"4":null,"5":null,"6":null,"7":null,"8":null,"9":null,"10":null,"11":0.07059,"12":null,"13":null,"14":null,"15":null,"16":0.105885,"17":null,"18":null,"19":null,"20":null,"21":null,"22":0.120003,"23":0.014118,"24":null,"25":null,"26":0.028236,"27":0.007059,"28":null,"29":null,"30":0.028236,"31":0.028236,"32":null,"33":0.007059,"34":0.077649,"35":0.035295,"36":0.056472,"37":0.014118,"38":0.056472,"39":0.035295,"40":0.028236,"41":0.007059,"42":0.007059,"43":0.063531,"44":0.098826,"45":0.014118,"46":0.056472,"47":0.077649,"48":0.084708,"49":4.440111,"50":0.07059,"51":0.07059,"52":0.035295,"53":0.162357,"54":0.091767,"55":0.218829,"56":0.275301,"57":8.287266,"58":28.899546,"59":0.105885,"60":0.049413,"61":null},"firefox":{"2":null,"3":null,"3.5":null,"3.6":0.021177,"4":0.112944,"5":0.105885,"6":0.105885,"7":null,"8":null,"9":null,"10":0.014118,"11":null,"12":0.063531,"13":null,"14":null,"15":null,"16":null,"17":null,"18":null,"19":null,"20":null,"21":null,"22":null,"23":null,"24":null,"25":null,"26":null,"27":null,"28":null,"29":null,"30":0.007059,"31":null,"32":null,"33":0.007059,"34":0.007059,"35":0.014118,"36":0.014118,"37":0.014118,"38":0.014118,"39":0.042354,"40":0.014118,"41":0.021177,"42":0.028236,"43":0.07059,"44":0.021177,"45":0.07059,"46":0.028236,"47":0.134121,"48":0.21177,"49":0.091767,"50":0.112944,"51":0.112944,"52":2.428296,"53":10.927332,"54":0.07059,"55":null,"56":null},"opera":{"9":null,"9.5-9.6":null,"10.0-10.1":0,"10.5":null,"10.6":null,"11":null,"11.1":null,"11.5":null,"11.6":null,"12":0.21177,"12.1":0.049413,"15":null,"16":null,"17":null,"18":null,"19":null,"20":null,"21":null,"22":null,"23":null,"24":null,"25":null,"26":0.028236,"27":null,"28":null,"29":null,"30":null,"31":0.042354,"32":null,"33":null,"34":null,"35":null,"36":0.148239,"37":null,"38":null,"39":null,"40":0.007059,"41":null,"42":0.014118,"43":0.345891,"44":0.310596,"45":0.451776,"46":null},"safari":{"3.1":null,"3.2":null,"4":0,"5":0.056472,"5.1":0.134121,"6":null,"6.1":0.014118,"7":0.014118,"7.1":null,"8":0.028236,"9":0.035295,"9.1":0.169416,"10":0.162357,"10.1":0.649428,"0":null},"ios_saf":{"3.2":0,"4.0-4.1":0,"4.2-4.3":0,"5.0-5.1":0,"6.0-6.1":0,"7.0-7.1":0.0430997938144,"8":0,"8.1-8.4":0.0478886597938,"9.0-9.2":0.221485051546,"9.3":0.152844639175,"10.0-10.2":0.935026082474,"10.3":2.5480757732},"android":{"2.1":0,"2.2":0,"2.3":0,"3":0,"4":0,"4.1":0.107612594397,"4.2-4.3":0.316746504263,"4.4":0.791866260658,"4.4.3-4.4.4":0.450754640682,"56":null},"op_mob":{"10":0,"11":0,"11.1":0,"11.5":0,"12":0,"12.1":0,"0":0.000756186252772},"ie":{"5.5":null,"6":0.056472,"7":0.134121,"8":0.416481,"9":0.247065,"10":0.247065,"11":2.858895},"edge":{"12":0.035295,"13":0.056472,"14":1.468272,"15":null},"bb":{"7":0.00294,"10":null},"samsung":{"4":2.63424,"5":null},"ie_mob":{"10":0.0852254117647,"11":0.432214588235},"op_mini":{"0":0.169763813747},"and_chr":{"0":20.673201},"baidu":{"0":null},"and_ff":{"0":0.02352},"and_qq":{"1.2":null},"and_uc":{"0":0.17346}},"total":96.920634}