{"id":"GT","name":"Guatemala","month":"2017-05","access_date":"2017-06-04","data":{"chrome":{"4":null,"5":null,"6":null,"7":null,"8":null,"9":null,"10":null,"11":0.015912,"12":null,"13":null,"14":null,"15":null,"16":null,"17":null,"18":null,"19":null,"20":null,"21":0.021216,"22":0.02652,"23":null,"24":null,"25":null,"26":0.010608,"27":null,"28":null,"29":null,"30":0.005304,"31":0.010608,"32":null,"33":0.005304,"34":0.02652,"35":0.010608,"36":0.031824,"37":0.015912,"38":0.042432,"39":0.015912,"40":0.02652,"41":0.015912,"42":0.010608,"43":0.037128,"44":0.042432,"45":0.021216,"46":0.031824,"47":0.02652,"48":0.031824,"49":1.739712,"50":0.10608,"51":0.058344,"52":0.042432,"53":0.07956,"54":0.068952,"55":0.21216,"56":0.461448,"57":8.359104,"58":26.859456,"59":0.063648,"60":0.021216,"61":null},"firefox":{"2":null,"3":0.063648,"3.5":null,"3.6":0.005304,"4":null,"5":null,"6":null,"7":null,"8":null,"9":null,"10":null,"11":null,"12":null,"13":0.021216,"14":null,"15":null,"16":null,"17":null,"18":null,"19":null,"20":null,"21":null,"22":null,"23":null,"24":null,"25":null,"26":null,"27":null,"28":null,"29":null,"30":null,"31":null,"32":null,"33":0.005304,"34":null,"35":0.005304,"36":null,"37":0.010608,"38":0.015912,"39":0.015912,"40":0.010608,"41":0.010608,"42":0.010608,"43":0.047736,"44":0.021216,"45":0.058344,"46":0.021216,"47":0.07956,"48":0.169728,"49":0.031824,"50":0.05304,"51":0.068952,"52":0.429624,"53":3.983304,"54":0.042432,"55":null,"56":null},"opera":{"9":null,"9.5-9.6":null,"10.0-10.1":0,"10.5":null,"10.6":null,"11":null,"11.1":null,"11.5":null,"11.6":null,"12":null,"12.1":0.005304,"15":null,"16":null,"17":null,"18":null,"19":null,"20":null,"21":null,"22":null,"23":null,"24":null,"25":null,"26":0.010608,"27":null,"28":null,"29":null,"30":null,"31":null,"32":null,"33":null,"34":null,"35":null,"36":0.021216,"37":0.02652,"38":null,"39":null,"40":null,"41":null,"42":0.010608,"43":0.169728,"44":0.190944,"45":0.243984,"46":null},"safari":{"3.1":null,"3.2":null,"4":0.015912,"5":0.015912,"5.1":0.047736,"6":0.005304,"6.1":0.021216,"7":0.015912,"7.1":0.010608,"8":0.249288,"9":0.281112,"9.1":0.514488,"10":0.965328,"10.1":1.64424,"0":null},"ios_saf":{"3.2":0,"4.0-4.1":0,"4.2-4.3":0,"5.0-5.1":0,"6.0-6.1":0,"7.0-7.1":0.0343955657975,"8":0,"8.1-8.4":0.0382172953305,"9.0-9.2":0.176754990904,"9.3":0.121976867597,"10.0-10.2":0.746192691328,"10.3":2.03347858904},"android":{"2.1":0,"2.2":0,"2.3":0,"3":0,"4":0,"4.1":0.202808857491,"4.2-4.3":0.596946825822,"4.4":1.49236706456,"4.4.3-4.4.4":0.849501252132,"56":null},"op_mob":{"10":0,"11":0,"11.1":0,"11.5":0,"12":0,"12.1":0,"0":0.0103082926829},"ie":{"5.5":null,"6":null,"7":null,"8":0.138453418327,"9":0.0639015776892,"10":0.0905272350598,"11":1.04372576892},"edge":{"12":0.068952,"13":0.121992,"14":0.631176,"15":null},"bb":{"7":0.031698,"10":null},"samsung":{"4":3.892984,"5":null},"ie_mob":{"10":0.0711582117647,"11":0.360873788235},"op_mini":{"0":2.31421170732},"and_chr":{"0":33.098008},"baidu":{"0":null},"and_ff":{"0":0.014088},"and_qq":{"1.2":null},"and_uc":{"0":2.564016}},"total":99.011466}