{"id":"GU","name":"Guam","month":"2017-05","access_date":"2017-06-04","data":{"chrome":{"4":null,"5":null,"6":null,"7":null,"8":null,"9":null,"10":null,"11":0.004495,"12":null,"13":null,"14":null,"15":null,"16":null,"17":null,"18":null,"19":null,"20":null,"21":null,"22":null,"23":null,"24":null,"25":null,"26":0.004495,"27":null,"28":null,"29":null,"30":null,"31":null,"32":null,"33":null,"34":null,"35":null,"36":0.00899,"37":null,"38":0.02697,"39":null,"40":null,"41":null,"42":0.004495,"43":0.06293,"44":0.01798,"45":0.058435,"46":0.00899,"47":0.00899,"48":0.02697,"49":1.08779,"50":0.03596,"51":0.049445,"52":0.04495,"53":0.00899,"54":0.20677,"55":0.12586,"56":0.27869,"57":6.66159,"58":16.8113,"59":0.14384,"60":0.10788,"61":null},"firefox":{"2":null,"3":null,"3.5":null,"3.6":null,"4":null,"5":null,"6":0.00899,"7":null,"8":null,"9":null,"10":null,"11":null,"12":null,"13":null,"14":null,"15":null,"16":null,"17":null,"18":null,"19":null,"20":null,"21":null,"22":null,"23":0.00899,"24":null,"25":null,"26":null,"27":null,"28":null,"29":null,"30":null,"31":null,"32":null,"33":null,"34":null,"35":0.01798,"36":0.013485,"37":null,"38":0.031465,"39":null,"40":null,"41":0.004495,"42":0.004495,"43":0.00899,"44":null,"45":0.00899,"46":0.049445,"47":0.11687,"48":0.11687,"49":0.01798,"50":0.022475,"51":0.02697,"52":0.660765,"53":3.84772,"54":0.05394,"55":null,"56":null},"opera":{"9":null,"9.5-9.6":null,"10.0-10.1":0,"10.5":null,"10.6":null,"11":null,"11.1":null,"11.5":null,"11.6":null,"12":null,"12.1":null,"15":null,"16":null,"17":null,"18":null,"19":null,"20":null,"21":null,"22":null,"23":null,"24":0.013485,"25":null,"26":null,"27":null,"28":null,"29":null,"30":null,"31":null,"32":null,"33":null,"34":null,"35":null,"36":0.004495,"37":null,"38":null,"39":null,"40":null,"41":null,"42":null,"43":0.031465,"44":0.031465,"45":0.094395,"46":0.013485},"safari":{"3.1":null,"3.2":null,"4":0,"5":0.01798,"5.1":0.058435,"6":0.00899,"6.1":0.08091,"7":0.013485,"7.1":null,"8":0.121365,"9":0.11687,"9.1":1.2586,"10":1.020365,"10.1":2.935235,"0":null},"ios_saf":{"3.2":0,"4.0-4.1":0,"4.2-4.3":0,"5.0-5.1":0,"6.0-6.1":0,"7.0-7.1":0.27990371134,"8":0,"8.1-8.4":0.311004123711,"9.0-9.2":1.43839407216,"9.3":0.992621494845,"10.0-10.2":6.07235551546,"10.3":16.5480110825},"android":{"2.1":0,"2.2":0,"2.3":0,"3":0,"4":0,"4.1":0.105191766139,"4.2-4.3":0.309621047503,"4.4":0.774052618758,"4.4.3-4.4.4":0.4406145676,"56":null},"op_mob":{"10":0,"11":0,"11.1":0,"11.5":0,"12":0,"12.1":0,"0":0.00249006651885},"ie":{"5.5":null,"6":null,"7":null,"8":0.12586,"9":0.13485,"10":0.09889,"11":3.366755},"edge":{"12":0.067425,"13":0.1798,"14":2.341895,"15":null},"bb":{"7":0,"10":null},"samsung":{"4":5.708685,"5":null},"ie_mob":{"10":0.00544023529412,"11":0.0275897647059},"op_mini":{"0":0.559019933481},"and_chr":{"0":21.633905},"baidu":{"0":null},"and_ff":{"0":0.049545},"and_qq":{"1.2":null},"and_uc":{"0":0.093585}},"total":98.30625}