{"id":"GW","name":"Guinea-Bissau","month":"2017-05","access_date":"2017-06-04","data":{"chrome":{"4":null,"5":null,"6":0.007359,"7":0.019624,"8":null,"9":null,"10":null,"11":0.156992,"12":null,"13":0.007359,"14":null,"15":null,"16":0.007359,"17":null,"18":0.004906,"19":0.002453,"20":null,"21":null,"22":null,"23":null,"24":null,"25":0.012265,"26":0.022077,"27":null,"28":null,"29":0.004906,"30":0.093214,"31":null,"32":null,"33":0.267377,"34":0.012265,"35":null,"36":1.067055,"37":null,"38":null,"39":0.022077,"40":0.046607,"41":0.004906,"42":0.017171,"43":2.288649,"44":0.002453,"45":0.066231,"46":0.004906,"47":0.004906,"48":null,"49":0.223223,"50":0.461164,"51":0.004906,"52":0.071137,"53":0.009812,"54":0.029436,"55":0.26983,"56":0.112838,"57":1.964853,"58":5.556045,"59":0.007359,"60":0.66231,"61":null},"firefox":{"2":0.002453,"3":0.039248,"3.5":null,"3.6":0.014718,"4":0.012265,"5":0.002453,"6":null,"7":null,"8":null,"9":null,"10":0.004906,"11":null,"12":0.014718,"13":0.02453,"14":null,"15":0.218317,"16":0.012265,"17":0.009812,"18":null,"19":0.014718,"20":null,"21":null,"22":null,"23":0.002453,"24":0.009812,"25":null,"26":null,"27":null,"28":null,"29":0.014718,"30":null,"31":0.002453,"32":0.004906,"33":0.215864,"34":0.002453,"35":0.004906,"36":null,"37":0.007359,"38":0.004906,"39":0.017171,"40":0.009812,"41":null,"42":0.007359,"43":0.02453,"44":0.026983,"45":0.022077,"46":0.009812,"47":0.061325,"48":0.240394,"49":0.004906,"50":0.076043,"51":0.125103,"52":0.399839,"53":3.029455,"54":0.22077,"55":null,"56":null},"opera":{"9":null,"9.5-9.6":null,"10.0-10.1":0,"10.5":null,"10.6":null,"11":0.007359,"11.1":null,"11.5":0.009812,"11.6":0.004906,"12":null,"12.1":null,"15":null,"16":null,"17":null,"18":null,"19":null,"20":null,"21":null,"22":null,"23":null,"24":null,"25":null,"26":null,"27":null,"28":null,"29":null,"30":null,"31":null,"32":null,"33":null,"34":0.264924,"35":null,"36":0.014718,"37":null,"38":0.017171,"39":null,"40":null,"41":null,"42":null,"43":0.574002,"44":0.014718,"45":0.502865,"46":null},"safari":{"3.1":null,"3.2":null,"4":0,"5":null,"5.1":0.169257,"6":null,"6.1":null,"7":null,"7.1":null,"8":0.002453,"9":0.004906,"9.1":0.002453,"10":0.022077,"10.1":0.080949,"0":null},"ios_saf":{"3.2":0,"4.0-4.1":0,"4.2-4.3":0,"5.0-5.1":0,"6.0-6.1":0,"7.0-7.1":0.0119436385688,"8":0,"8.1-8.4":0.0132707095209,"9.0-9.2":0.0613770315343,"9.3":0.0423556812209,"10.0-10.2":0.259110603396,"10.3":0.706112335759},"android":{"2.1":0,"2.2":0,"2.3":0,"3":0,"4":0,"4.1":0.561666886724,"4.2-4.3":1.65320819488,"4.4":4.13302048721,"4.4.3-4.4.4":2.35264243118,"56":null},"op_mob":{"10":0,"11":0,"11.1":0,"11.5":0,"12":0,"12.1":0,"0":0.0622419512195},"ie":{"5.5":null,"6":null,"7":null,"8":0.297977398734,"9":0.0125200587703,"10":0.638522997288,"11":1.82041654521},"edge":{"12":0.242847,"13":0.041701,"14":0.090761,"15":null},"bb":{"7":0.07546,"10":null},"samsung":{"4":2.33926,"5":null},"ie_mob":{"10":1.45167284706,"11":7.36205515294},"op_mini":{"0":13.9733180488},"and_chr":{"0":32.920899},"baidu":{"0":null},"and_ff":{"0":3.901282},"and_qq":{"1.2":null},"and_uc":{"0":3.58435}},"total":98.734405}