{"id":"GY","name":"Guyana","month":"2017-05","access_date":"2017-06-04","data":{"chrome":{"4":null,"5":null,"6":null,"7":null,"8":null,"9":null,"10":null,"11":0.013125,"12":0.013125,"13":0.00875,"14":null,"15":null,"16":null,"17":null,"18":null,"19":null,"20":0.00875,"21":null,"22":0.11375,"23":null,"24":null,"25":0.02625,"26":null,"27":null,"28":0.004375,"29":null,"30":0.004375,"31":0.013125,"32":null,"33":0.0175,"34":0.030625,"35":0.00875,"36":0.06125,"37":0.00875,"38":0.048125,"39":0.0175,"40":null,"41":0.00875,"42":0.00875,"43":0.18375,"44":0.00875,"45":0.14,"46":null,"47":0.0175,"48":0.0175,"49":0.581875,"50":0.1575,"51":0.074375,"52":0.035,"53":0.0525,"54":0.065625,"55":0.695625,"56":0.389375,"57":6.2125,"58":18.633125,"59":0.0525,"60":0.083125,"61":null},"firefox":{"2":null,"3":null,"3.5":null,"3.6":null,"4":null,"5":0.004375,"6":null,"7":0.004375,"8":null,"9":null,"10":null,"11":null,"12":0.013125,"13":null,"14":null,"15":0.004375,"16":null,"17":null,"18":null,"19":null,"20":null,"21":null,"22":null,"23":null,"24":null,"25":0.013125,"26":null,"27":null,"28":null,"29":null,"30":null,"31":null,"32":null,"33":null,"34":null,"35":null,"36":null,"37":null,"38":0.00875,"39":0.004375,"40":0.013125,"41":0.004375,"42":null,"43":0.030625,"44":0.004375,"45":0.035,"46":0.00875,"47":0.11375,"48":0.074375,"49":0.013125,"50":0.065625,"51":0.07875,"52":0.328125,"53":4.361875,"54":0.32375,"55":null,"56":null},"opera":{"9":null,"9.5-9.6":null,"10.0-10.1":0,"10.5":null,"10.6":null,"11":null,"11.1":null,"11.5":null,"11.6":null,"12":null,"12.1":0.0175,"15":null,"16":null,"17":null,"18":null,"19":null,"20":null,"21":null,"22":null,"23":null,"24":null,"25":null,"26":null,"27":0.021875,"28":null,"29":0.013125,"30":null,"31":null,"32":null,"33":0.0175,"34":null,"35":null,"36":0.00875,"37":0.035,"38":null,"39":null,"40":null,"41":null,"42":0.065625,"43":0.328125,"44":0.1925,"45":0.319375,"46":null},"safari":{"3.1":null,"3.2":null,"4":0,"5":null,"5.1":0.021875,"6":null,"6.1":null,"7":0.004375,"7.1":0.004375,"8":0.02625,"9":0.030625,"9.1":0.035,"10":0.1225,"10.1":0.245,"0":null},"ios_saf":{"3.2":0,"4.0-4.1":0,"4.2-4.3":0,"5.0-5.1":0,"6.0-6.1":0,"7.0-7.1":0.0540941479685,"8":0,"8.1-8.4":0.0601046088539,"9.0-9.2":0.277983815949,"9.3":0.191833876592,"10.0-10.2":1.17354248787,"10.3":3.19806606277},"android":{"2.1":0,"2.2":0,"2.3":0,"3":0,"4":0,"4.1":0.203712697929,"4.2-4.3":0.599607186358,"4.4":1.4990179659,"4.4.3-4.4.4":0.853287149817,"56":null},"op_mob":{"10":0,"11":0,"11.1":0,"11.5":0,"12":0,"12.1":0,"0":0.0129711751663},"ie":{"5.5":null,"6":null,"7":null,"8":0.16625,"9":0.074375,"10":0.083125,"11":2.244375},"edge":{"12":0.240625,"13":0.37625,"14":2.30125,"15":null},"bb":{"7":0.24046875,"10":null},"samsung":{"4":5.259375,"5":null},"ie_mob":{"10":0.0935735294118,"11":0.474551470588},"op_mini":{"0":2.91202882483},"and_chr":{"0":37.089375},"baidu":{"0":null},"and_ff":{"0":0.028125},"and_qq":{"1.2":null},"and_uc":{"0":3.268125}},"total":97.80984375}