{"id":"HK","name":"Hong Kong","month":"2017-05","access_date":"2017-06-04","data":{"chrome":{"4":null,"5":null,"6":null,"7":null,"8":null,"9":null,"10":null,"11":0.01833,"12":null,"13":null,"14":null,"15":null,"16":null,"17":null,"18":0.01222,"19":null,"20":0.00611,"21":0.01222,"22":0.01222,"23":null,"24":null,"25":null,"26":0.00611,"27":null,"28":null,"29":null,"30":null,"31":0.03055,"32":0.00611,"33":0.01222,"34":0.01833,"35":0.01833,"36":0.10998,"37":0.01833,"38":0.03666,"39":0.01833,"40":0.01222,"41":0.01833,"42":0.01833,"43":0.07332,"44":0.0611,"45":0.48269,"46":0.0611,"47":0.09165,"48":0.07332,"49":1.72302,"50":0.21996,"51":0.20163,"52":0.09165,"53":0.15275,"54":0.19552,"55":0.53157,"56":0.76375,"57":8.39514,"58":24.7455,"59":0.10387,"60":0.08554,"61":null},"firefox":{"2":null,"3":null,"3.5":null,"3.6":null,"4":null,"5":null,"6":null,"7":null,"8":null,"9":null,"10":null,"11":0.00611,"12":0.00611,"13":null,"14":null,"15":null,"16":0.01222,"17":null,"18":null,"19":null,"20":null,"21":null,"22":null,"23":null,"24":null,"25":null,"26":0.00611,"27":null,"28":null,"29":null,"30":0.04277,"31":0.00611,"32":null,"33":0.03055,"34":0.00611,"35":0.01833,"36":0.00611,"37":0.01222,"38":0.03055,"39":0.01222,"40":0.01833,"41":0.01222,"42":0.02444,"43":0.04277,"44":0.01833,"45":0.12831,"46":0.02444,"47":0.14053,"48":0.21385,"49":0.04888,"50":0.08554,"51":0.08554,"52":0.55601,"53":4.3992,"54":0.04277,"55":null,"56":null},"opera":{"9":null,"9.5-9.6":null,"10.0-10.1":0,"10.5":null,"10.6":null,"11":null,"11.1":null,"11.5":null,"11.6":null,"12":null,"12.1":0.01222,"15":null,"16":null,"17":null,"18":null,"19":null,"20":null,"21":null,"22":null,"23":null,"24":null,"25":null,"26":null,"27":null,"28":null,"29":null,"30":null,"31":null,"32":null,"33":null,"34":null,"35":null,"36":null,"37":null,"38":0.00611,"39":null,"40":null,"41":null,"42":0.01222,"43":0.07943,"44":0.08554,"45":0.12831,"46":null},"safari":{"3.1":null,"3.2":null,"4":0,"5":0.02444,"5.1":0.09776,"6":0.03055,"6.1":0.05499,"7":0.0611,"7.1":0.01222,"8":0.2444,"9":0.17719,"9.1":0.70876,"10":0.98371,"10.1":2.24237,"0":null},"ios_saf":{"3.2":0,"4.0-4.1":0,"4.2-4.3":0,"5.0-5.1":0,"6.0-6.1":0,"7.0-7.1":0.15235400849,"8":0,"8.1-8.4":0.169282231656,"9.0-9.2":0.782930321407,"9.3":0.540292456034,"10.0-10.2":3.30523557307,"10.3":9.00722540934},"android":{"2.1":0,"2.2":0,"2.3":0,"3":0,"4":0,"4.1":0.0675514372716,"4.2-4.3":0.198830645554,"4.4":0.497076613886,"4.4.3-4.4.4":0.282951303289,"56":null},"op_mob":{"10":0,"11":0,"11.1":0,"11.5":0,"12":0,"12.1":0,"0":0.00106953436807},"ie":{"5.5":null,"6":0.0188305367232,"7":0.0125536911488,"8":0.351503352166,"9":0.301288587571,"10":0.20085905838,"11":5.78097477401},"edge":{"12":0.06721,"13":0.1222,"14":2.85948,"15":null},"bb":{"7":0.00389,"10":null},"samsung":{"4":4.60576,"5":null},"ie_mob":{"10":0.00832917647059,"11":0.0422408235294},"op_mini":{"0":0.240110465632},"and_chr":{"0":18.4917},"baidu":{"0":null},"and_ff":{"0":0.03501},"and_qq":{"1.2":null},"and_uc":{"0":0.84413}},"total":98.42688}