{"id":"HN","name":"Honduras","month":"2017-05","access_date":"2017-06-04","data":{"chrome":{"4":null,"5":null,"6":null,"7":null,"8":null,"9":null,"10":null,"11":0.029244,"12":null,"13":null,"14":null,"15":null,"16":null,"17":null,"18":0.004874,"19":null,"20":null,"21":null,"22":0.029244,"23":null,"24":null,"25":0.009748,"26":0.019496,"27":0.004874,"28":0.004874,"29":0.009748,"30":null,"31":0.02437,"32":0.004874,"33":0.004874,"34":0.029244,"35":0.014622,"36":0.155968,"37":0.009748,"38":0.053614,"39":0.019496,"40":0.014622,"41":0.038992,"42":0.004874,"43":0.063362,"44":0.029244,"45":0.029244,"46":0.019496,"47":0.029244,"48":0.04874,"49":1.033288,"50":0.029244,"51":0.155968,"52":0.063362,"53":0.09748,"54":0.190086,"55":0.321684,"56":0.467904,"57":7.62781,"58":24.774542,"59":0.063362,"60":0.034118,"61":null},"firefox":{"2":null,"3":0.009748,"3.5":null,"3.6":0.004874,"4":null,"5":null,"6":null,"7":null,"8":null,"9":null,"10":null,"11":null,"12":null,"13":null,"14":null,"15":null,"16":0.029244,"17":null,"18":null,"19":null,"20":null,"21":0.02437,"22":0.009748,"23":null,"24":0.004874,"25":null,"26":null,"27":null,"28":null,"29":null,"30":null,"31":0.004874,"32":null,"33":0.004874,"34":null,"35":null,"36":0.009748,"37":0.02437,"38":0.009748,"39":0.004874,"40":0.019496,"41":0.009748,"42":null,"43":0.034118,"44":0.004874,"45":0.087732,"46":0.02437,"47":0.063362,"48":0.136472,"49":0.04874,"50":0.038992,"51":0.068236,"52":0.424038,"53":4.006428,"54":0.034118,"55":null,"56":null},"opera":{"9":null,"9.5-9.6":null,"10.0-10.1":0,"10.5":null,"10.6":null,"11":null,"11.1":null,"11.5":null,"11.6":null,"12":null,"12.1":0.029244,"15":null,"16":null,"17":null,"18":null,"19":null,"20":null,"21":null,"22":null,"23":null,"24":null,"25":null,"26":null,"27":null,"28":0.02437,"29":0.009748,"30":null,"31":null,"32":null,"33":null,"34":null,"35":null,"36":0.019496,"37":0.009748,"38":null,"39":null,"40":null,"41":null,"42":0.02437,"43":0.229078,"44":0.311936,"45":0.321684,"46":null},"safari":{"3.1":null,"3.2":null,"4":0.004874,"5":null,"5.1":0.009748,"6":null,"6.1":0.004874,"7":0.004874,"7.1":null,"8":0.087732,"9":0.112102,"9.1":0.253448,"10":0.653116,"10.1":1.067406,"0":null},"ios_saf":{"3.2":0,"4.0-4.1":0,"4.2-4.3":0,"5.0-5.1":0,"6.0-6.1":0,"7.0-7.1":0.0409502728927,"8":0,"8.1-8.4":0.0455003032141,"9.0-9.2":0.210438902365,"9.3":0.145221801092,"10.0-10.2":0.888393420255,"10.3":2.42099530018},"android":{"2.1":0,"2.2":0,"2.3":0,"3":0,"4":0,"4.1":0.332169914738,"4.2-4.3":0.977707673569,"4.4":2.44426918392,"4.4.3-4.4.4":1.39135322777,"56":null},"op_mob":{"10":0,"11":0,"11.1":0,"11.5":0,"12":0,"12.1":0,"0":0.00888636363636},"ie":{"5.5":null,"6":0.0100394684385,"7":0.0100394684385,"8":0.160631495017,"9":0.0853354817276,"10":0.165651229236,"11":1.07924285714},"edge":{"12":0.112102,"13":0.136472,"14":0.740848,"15":null},"bb":{"7":0.03971875,"10":null},"samsung":{"4":4.17175,"5":null},"ie_mob":{"10":0.0616205882353,"11":0.312504411765},"op_mini":{"0":1.99498863636},"and_chr":{"0":35.57943},"baidu":{"0":null},"and_ff":{"0":0.015375},"and_qq":{"1.2":null},"and_uc":{"0":1.46575}},"total":98.93288175}