{"id":"HR","name":"Croatia","month":"2017-05","access_date":"2017-06-04","data":{"chrome":{"4":null,"5":null,"6":null,"7":null,"8":null,"9":null,"10":null,"11":0.017544,"12":null,"13":null,"14":null,"15":null,"16":null,"17":null,"18":null,"19":null,"20":null,"21":null,"22":0.023392,"23":null,"24":null,"25":null,"26":0.023392,"27":null,"28":null,"29":null,"30":null,"31":0.023392,"32":null,"33":0.017544,"34":0.02924,"35":0.011696,"36":0.05848,"37":0.017544,"38":0.035088,"39":0.035088,"40":0.017544,"41":0.011696,"42":0.011696,"43":0.163744,"44":0.02924,"45":0.023392,"46":0.023392,"47":0.02924,"48":0.035088,"49":1.830424,"50":0.023392,"51":0.076024,"52":0.023392,"53":0.040936,"54":0.070176,"55":0.222224,"56":0.374272,"57":7.122864,"58":25.2926,"59":0.093568,"60":0.040936,"61":null},"firefox":{"2":null,"3":null,"3.5":null,"3.6":0.017544,"4":null,"5":null,"6":null,"7":null,"8":null,"9":null,"10":null,"11":null,"12":null,"13":null,"14":null,"15":null,"16":0.011696,"17":null,"18":null,"19":0.005848,"20":null,"21":null,"22":null,"23":null,"24":null,"25":null,"26":0.005848,"27":null,"28":0.011696,"29":null,"30":null,"31":0.005848,"32":0.005848,"33":0.005848,"34":0.011696,"35":0.011696,"36":0.011696,"37":0.011696,"38":0.023392,"39":0.02924,"40":0.017544,"41":0.040936,"42":0.023392,"43":0.052632,"44":0.011696,"45":0.070176,"46":0.02924,"47":0.169592,"48":0.169592,"49":0.064328,"50":0.1462,"51":0.1462,"52":1.508784,"53":9.684288,"54":0.192984,"55":null,"56":null},"opera":{"9":null,"9.5-9.6":null,"10.0-10.1":0,"10.5":null,"10.6":null,"11":null,"11.1":null,"11.5":null,"11.6":null,"12":null,"12.1":0.076024,"15":null,"16":null,"17":null,"18":null,"19":null,"20":null,"21":null,"22":null,"23":null,"24":null,"25":null,"26":null,"27":null,"28":null,"29":null,"30":0.023392,"31":null,"32":null,"33":null,"34":null,"35":null,"36":0.070176,"37":null,"38":null,"39":null,"40":0.005848,"41":null,"42":0.017544,"43":0.473688,"44":0.543864,"45":0.736848,"46":0.005848},"safari":{"3.1":null,"3.2":null,"4":0,"5":0.011696,"5.1":0.023392,"6":null,"6.1":0.017544,"7":0.017544,"7.1":null,"8":0.035088,"9":0.052632,"9.1":0.128656,"10":0.192984,"10.1":0.637432,"0":null},"ios_saf":{"3.2":0,"4.0-4.1":0,"4.2-4.3":0,"5.0-5.1":0,"6.0-6.1":0,"7.0-7.1":0.0714274930261,"8":0,"8.1-8.4":0.0793638811401,"9.0-9.2":0.367057950273,"9.3":0.253303053972,"10.0-10.2":1.54957977926,"10.3":4.22281984233},"android":{"2.1":0,"2.2":0,"2.3":0,"3":0,"4":0,"4.1":0.0943480048721,"4.2-4.3":0.27770356151,"4.4":0.694258903776,"4.4.3-4.4.4":0.395193529842,"56":null},"op_mob":{"10":0,"11":0,"11.1":0,"11.5":0,"12":0,"12.1":0,"0":0.001859654102},"ie":{"5.5":null,"6":0.011696,"7":null,"8":0.122808,"9":0.105264,"10":0.122808,"11":3.239792},"edge":{"12":0.02924,"13":0.093568,"14":1.122816,"15":null},"bb":{"7":0.01038,"10":null},"samsung":{"4":4.230888,"5":null},"ie_mob":{"10":0.154552094118,"11":0.783799905882},"op_mini":{"0":0.417492345898},"and_chr":{"0":28.034904},"baidu":{"0":null},"and_ff":{"0":0.029064},"and_qq":{"1.2":null},"and_uc":{"0":0.078888}},"total":98.010492}