{"id":"HT","name":"Haiti","month":"2017-05","access_date":"2017-06-04","data":{"chrome":{"4":null,"5":null,"6":null,"7":null,"8":null,"9":null,"10":null,"11":0.117077,"12":0.027401,"13":0.012455,"14":null,"15":0.002491,"16":null,"17":0.007473,"18":null,"19":null,"20":null,"21":0.004982,"22":null,"23":null,"24":null,"25":0.007473,"26":0.004982,"27":null,"28":0.002491,"29":0.027401,"30":0.009964,"31":0.009964,"32":null,"33":0.009964,"34":0.007473,"35":0.002491,"36":0.017437,"37":0.007473,"38":0.019928,"39":0.027401,"40":0.107113,"41":0.004982,"42":0.012455,"43":0.042347,"44":0.004982,"45":0.007473,"46":0.004982,"47":0.017437,"48":0.009964,"49":0.420979,"50":0.014946,"51":0.062275,"52":0.027401,"53":0.054802,"54":0.047329,"55":0.450871,"56":0.171879,"57":3.071403,"58":8.922762,"59":0.062275,"60":0.007473,"61":null},"firefox":{"2":null,"3":0.346249,"3.5":null,"3.6":0.039856,"4":0.032383,"5":null,"6":null,"7":0.004982,"8":null,"9":null,"10":0.009964,"11":0.004982,"12":0.004982,"13":0.032383,"14":0.004982,"15":null,"16":0.007473,"17":0.002491,"18":0.004982,"19":0.004982,"20":0.004982,"21":0.004982,"22":0.002491,"23":null,"24":null,"25":0.002491,"26":null,"27":0.002491,"28":0.002491,"29":0.004982,"30":0.009964,"31":0.004982,"32":0.007473,"33":0.009964,"34":0.009964,"35":0.014946,"36":0.044838,"37":0.014946,"38":0.004982,"39":0.004982,"40":0.002491,"41":0.02491,"42":0.007473,"43":0.072239,"44":0.032383,"45":0.057293,"46":0.009964,"47":0.151951,"48":0.137005,"49":0.032383,"50":0.029892,"51":0.057293,"52":0.361195,"53":2.682807,"54":0.057293,"55":null,"56":null},"opera":{"9":null,"9.5-9.6":null,"10.0-10.1":0,"10.5":null,"10.6":null,"11":null,"11.1":null,"11.5":0.009964,"11.6":0.029892,"12":0.014946,"12.1":0.007473,"15":null,"16":null,"17":null,"18":0.002491,"19":null,"20":null,"21":null,"22":null,"23":null,"24":null,"25":null,"26":null,"27":0.009964,"28":0.004982,"29":0.007473,"30":0.002491,"31":null,"32":null,"33":0.014946,"34":null,"35":0.004982,"36":0.027401,"37":0.017437,"38":null,"39":0.009964,"40":0.009964,"41":0.007473,"42":0.059784,"43":0.296429,"44":0.159424,"45":0.266537,"46":null},"safari":{"3.1":null,"3.2":null,"4":0.002491,"5":0.007473,"5.1":0.02491,"6":null,"6.1":0.02491,"7":0.002491,"7.1":null,"8":0.092167,"9":0.029892,"9.1":0.169388,"10":0.500691,"10.1":0.694989,"0":null},"ios_saf":{"3.2":0,"4.0-4.1":0,"4.2-4.3":0,"5.0-5.1":0,"6.0-6.1":0,"7.0-7.1":0.045894869618,"8":0,"8.1-8.4":0.0509942995755,"9.0-9.2":0.235848635537,"9.3":0.162756806145,"10.0-10.2":0.995663699212,"10.3":2.71332168991},"android":{"2.1":0,"2.2":0,"2.3":0,"3":0,"4":0,"4.1":0.38919972229,"4.2-4.3":1.14556899391,"4.4":2.86392248477,"4.4.3-4.4.4":1.63023279903,"56":null},"op_mob":{"10":0,"11":0,"11.1":0,"11.5":0,"12":0,"12.1":0,"0":0.0694864567627},"ie":{"5.5":null,"6":0.037365,"7":0.014946,"8":0.271519,"9":0.064766,"10":0.151951,"11":1.404924},"edge":{"12":0.156933,"13":0.22419,"14":0.752282,"15":null},"bb":{"7":0.022524,"10":null},"samsung":{"4":1.321408,"5":null},"ie_mob":{"10":0.0717234823529,"11":0.363740517647},"op_mini":{"0":15.5997095432},"and_chr":{"0":33.998861},"baidu":{"0":null},"and_ff":{"0":0.03754},"and_qq":{"1.2":null},"and_uc":{"0":13.657052}},"total":99.189409}