{"id":"HU","name":"Hungary","month":"2017-05","access_date":"2017-06-04","data":{"chrome":{"4":0.007039,"5":null,"6":null,"7":null,"8":null,"9":null,"10":null,"11":0.014078,"12":null,"13":null,"14":null,"15":null,"16":null,"17":null,"18":null,"19":null,"20":null,"21":null,"22":0.021117,"23":null,"24":null,"25":null,"26":0.021117,"27":null,"28":null,"29":null,"30":null,"31":0.021117,"32":null,"33":0.007039,"34":0.056312,"35":null,"36":0.014078,"37":0.021117,"38":0.042234,"39":0.021117,"40":0.007039,"41":0.007039,"42":null,"43":0.028156,"44":0.014078,"45":0.014078,"46":0.007039,"47":0.021117,"48":0.056312,"49":2.864873,"50":0.014078,"51":0.049273,"52":0.021117,"53":0.028156,"54":0.056312,"55":0.147819,"56":4.695013,"57":5.574888,"58":18.72374,"59":0.063351,"60":0.035195,"61":null},"firefox":{"2":null,"3":0.021117,"3.5":null,"3.6":0.007039,"4":null,"5":null,"6":null,"7":null,"8":null,"9":null,"10":null,"11":null,"12":null,"13":null,"14":null,"15":null,"16":null,"17":null,"18":null,"19":null,"20":null,"21":null,"22":null,"23":null,"24":null,"25":null,"26":null,"27":null,"28":null,"29":null,"30":0.007039,"31":0.014078,"32":null,"33":0.007039,"34":0.007039,"35":0.014078,"36":0.007039,"37":0.007039,"38":0.028156,"39":0.021117,"40":0.014078,"41":0.021117,"42":0.014078,"43":0.056312,"44":0.014078,"45":0.204131,"46":0.021117,"47":0.161897,"48":0.098546,"49":5.546732,"50":0.119663,"51":9.390026,"52":1.323332,"53":7.975187,"54":0.035195,"55":null,"56":null},"opera":{"9":null,"9.5-9.6":null,"10.0-10.1":0,"10.5":null,"10.6":null,"11":null,"11.1":null,"11.5":null,"11.6":null,"12":null,"12.1":5.398913,"15":null,"16":null,"17":null,"18":null,"19":null,"20":null,"21":null,"22":null,"23":null,"24":null,"25":null,"26":null,"27":null,"28":null,"29":null,"30":null,"31":null,"32":null,"33":null,"34":null,"35":null,"36":0.07039,"37":null,"38":null,"39":null,"40":null,"41":null,"42":0.021117,"43":0.401223,"44":0.450496,"45":0.647588,"46":0.014078},"safari":{"3.1":null,"3.2":null,"4":0,"5":null,"5.1":0.014078,"6":null,"6.1":0.007039,"7":null,"7.1":null,"8":0.021117,"9":0.028156,"9.1":0.077429,"10":0.133741,"10.1":0.520886,"0":null},"ios_saf":{"3.2":0,"4.0-4.1":0,"4.2-4.3":0,"5.0-5.1":0,"6.0-6.1":0,"7.0-7.1":0.0352626549424,"8":0,"8.1-8.4":0.0391807277138,"9.0-9.2":0.181210865676,"9.3":0.12505182262,"10.0-10.2":0.765003708611,"10.3":2.08474122044},"android":{"2.1":0,"2.2":0,"2.3":0,"3":0,"4":0,"4.1":0.125202332521,"4.2-4.3":0.368520073082,"4.4":0.921300182704,"4.4.3-4.4.4":0.524432411693,"56":null},"op_mob":{"10":0,"11":0,"11.1":0,"11.5":0,"12":0,"12.1":0,"0":0.00783909977827},"ie":{"5.5":null,"6":0.00713676388889,"7":0.00713676388889,"8":0.107051458333,"9":0.107051458333,"10":0.064230875,"11":1.76278068056},"edge":{"12":0.021117,"13":0.07039,"14":0.900992,"15":null},"bb":{"7":0.00814275,"10":null},"samsung":{"4":1.675926,"5":null},"ie_mob":{"10":0.0824203058824,"11":0.417988694118},"op_mini":{"0":1.75987790022},"and_chr":{"0":18.009173},"baidu":{"0":null},"and_ff":{"0":0.02961},"and_qq":{"1.2":null},"and_uc":{"0":2.490201}},"total":98.31652975}