{"id":"ID","name":"Indonesia","month":"2017-05","access_date":"2017-06-04","data":{"chrome":{"4":0.004536,"5":0.004536,"6":0.006804,"7":0.004536,"8":null,"9":0.002268,"10":0.004536,"11":0.018144,"12":0.006804,"13":null,"14":0.004536,"15":0.004536,"16":0.004536,"17":0.004536,"18":0.004536,"19":0.004536,"20":0.004536,"21":0.004536,"22":0.006804,"23":0.006804,"24":0.004536,"25":0.006804,"26":0.013608,"27":0.009072,"28":0.01134,"29":0.018144,"30":0.015876,"31":0.154224,"32":0.015876,"33":0.036288,"34":0.015876,"35":0.009072,"36":0.027216,"37":0.027216,"38":0.015876,"39":0.020412,"40":0.020412,"41":0.015876,"42":0.018144,"43":0.18144,"44":0.029484,"45":0.031752,"46":0.049896,"47":0.038556,"48":0.108864,"49":0.55566,"50":0.038556,"51":0.161028,"52":0.036288,"53":0.065772,"54":0.097524,"55":0.183708,"56":0.312984,"57":2.410884,"58":6.98544,"59":0.036288,"60":0.038556,"61":null},"firefox":{"2":null,"3":0.047628,"3.5":0.002268,"3.6":0.015876,"4":0.009072,"5":0.004536,"6":0.004536,"7":0.004536,"8":0.004536,"9":0.004536,"10":0.009072,"11":0.006804,"12":0.018144,"13":0.01134,"14":0.009072,"15":0.01134,"16":0.013608,"17":0.009072,"18":0.009072,"19":0.009072,"20":0.009072,"21":0.013608,"22":0.009072,"23":0.01134,"24":0.013608,"25":0.013608,"26":0.013608,"27":0.013608,"28":0.01134,"29":0.03402,"30":0.03402,"31":0.02268,"32":0.020412,"33":0.027216,"34":0.061236,"35":0.049896,"36":0.058968,"37":0.081648,"38":0.063504,"39":0.058968,"40":0.070308,"41":0.070308,"42":0.049896,"43":0.23814,"44":0.10206,"45":0.097524,"46":0.070308,"47":0.36288,"48":0.199584,"49":0.208656,"50":0.233604,"51":0.217728,"52":0.694008,"53":3.989412,"54":0.435456,"55":0.002268,"56":null},"opera":{"9":null,"9.5-9.6":null,"10.0-10.1":0,"10.5":null,"10.6":null,"11":null,"11.1":null,"11.5":null,"11.6":null,"12":null,"12.1":0.006804,"15":null,"16":null,"17":null,"18":null,"19":null,"20":null,"21":null,"22":null,"23":null,"24":null,"25":null,"26":null,"27":null,"28":0.009072,"29":null,"30":null,"31":null,"32":null,"33":null,"34":null,"35":null,"36":0.01134,"37":0.013608,"38":0.002268,"39":null,"40":0.004536,"41":0.004536,"42":0.018144,"43":0.1134,"44":0.097524,"45":0.115668,"46":null},"safari":{"3.1":null,"3.2":null,"4":0.002268,"5":0.002268,"5.1":0.01134,"6":0.004536,"6.1":0.004536,"7":0.006804,"7.1":0.01134,"8":0.03402,"9":0.031752,"9.1":0.083916,"10":0.122472,"10.1":0.199584,"0":null},"ios_saf":{"3.2":0,"4.0-4.1":0,"4.2-4.3":0,"5.0-5.1":0,"6.0-6.1":0,"7.0-7.1":0.0275988793208,"8":0,"8.1-8.4":0.0306654214676,"9.0-9.2":0.141827574287,"9.3":0.0978738035173,"10.0-10.2":0.598742354154,"10.3":1.63165596725},"android":{"2.1":0,"2.2":0,"2.3":0,"3":0,"4":0,"4.1":0.194166436054,"4.2-4.3":0.571508755177,"4.4":1.42877188794,"4.4.3-4.4.4":0.813300920828,"56":null},"op_mob":{"10":0,"11":0,"11.1":0,"11.5":0,"12":0,"12.1":0,"0":0.0358312195122},"ie":{"5.5":null,"6":0.00488762790698,"7":0.00488762790698,"8":0.0977525581395,"9":0.0195505116279,"10":0.0293257674419,"11":0.158847906977},"edge":{"12":0.02268,"13":0.020412,"14":0.127008,"15":null},"bb":{"7":0.21263,"10":null},"samsung":{"4":2.969088,"5":null},"ie_mob":{"10":0.0280171294118,"11":0.142086870588},"op_mini":{"0":8.04410878049},"and_chr":{"0":29.587256},"baidu":{"0":null},"and_ff":{"0":0.023196},"and_qq":{"1.2":null},"and_uc":{"0":30.278512}},"total":98.042226}