{"id":"IE","name":"Ireland","month":"2017-05","access_date":"2017-06-04","data":{"chrome":{"4":null,"5":null,"6":null,"7":null,"8":null,"9":null,"10":null,"11":0.01359,"12":null,"13":null,"14":null,"15":null,"16":null,"17":null,"18":0.00453,"19":null,"20":null,"21":null,"22":0.02265,"23":null,"24":null,"25":null,"26":0.00453,"27":null,"28":null,"29":0.00906,"30":null,"31":0.00906,"32":0.02718,"33":0.01359,"34":0.01812,"35":0.04077,"36":0.03624,"37":0.01812,"38":0.07701,"39":0.02718,"40":0.00906,"41":0.02718,"42":0.00453,"43":0.04077,"44":0.04983,"45":0.11325,"46":0.02718,"47":0.03171,"48":0.03624,"49":1.03284,"50":0.06342,"51":0.20838,"52":0.03624,"53":0.05889,"54":0.17667,"55":0.28992,"56":0.36693,"57":6.96714,"58":19.05318,"59":0.06342,"60":0.03624,"61":null},"firefox":{"2":null,"3":0.00906,"3.5":null,"3.6":0.00453,"4":null,"5":null,"6":null,"7":null,"8":null,"9":null,"10":null,"11":null,"12":null,"13":null,"14":null,"15":null,"16":0.00906,"17":null,"18":null,"19":null,"20":null,"21":null,"22":0.00906,"23":null,"24":null,"25":null,"26":null,"27":null,"28":null,"29":null,"30":0.00453,"31":null,"32":null,"33":0.00453,"34":null,"35":0.00453,"36":0.00453,"37":0.00906,"38":0.02265,"39":0.00906,"40":0.00453,"41":0.01359,"42":0.00906,"43":0.03624,"44":0.01359,"45":0.10872,"46":0.01812,"47":0.08154,"48":0.28086,"49":0.04077,"50":0.09513,"51":0.07701,"52":0.42129,"53":3.74178,"54":0.04077,"55":null,"56":null},"opera":{"9":null,"9.5-9.6":null,"10.0-10.1":0,"10.5":null,"10.6":null,"11":null,"11.1":null,"11.5":null,"11.6":null,"12":null,"12.1":0.01812,"15":null,"16":null,"17":null,"18":null,"19":null,"20":null,"21":null,"22":null,"23":null,"24":null,"25":null,"26":null,"27":null,"28":0.00453,"29":null,"30":null,"31":null,"32":null,"33":null,"34":null,"35":null,"36":0.02265,"37":0.00906,"38":0.01812,"39":null,"40":null,"41":null,"42":null,"43":0.14496,"44":0.11325,"45":0.17214,"46":0.00453},"safari":{"3.1":null,"3.2":null,"4":0.00453,"5":0.02265,"5.1":0.04983,"6":0.00906,"6.1":0.03624,"7":0.02265,"7.1":0.00453,"8":0.10419,"9":0.11325,"9.1":0.42582,"10":0.5436,"10.1":1.49037,"0":null},"ios_saf":{"3.2":0,"4.0-4.1":0,"4.2-4.3":0,"5.0-5.1":0,"6.0-6.1":0,"7.0-7.1":0.244030333535,"8":0,"8.1-8.4":0.271144815039,"9.0-9.2":1.25404476956,"9.3":0.865403868001,"10.0-10.2":5.29410251364,"10.3":14.4271637002},"android":{"2.1":0,"2.2":0,"2.3":0,"3":0,"4":0,"4.1":0.0536739585871,"4.2-4.3":0.157983727162,"4.4":0.394959317905,"4.4.3-4.4.4":0.224822996346,"56":null},"op_mob":{"10":0,"11":0,"11.1":0,"11.5":0,"12":0,"12.1":0,"0":0.000606430155211},"ie":{"5.5":null,"6":null,"7":0.00910950819672,"8":0.127533114754,"9":0.314278032787,"10":0.337051803279,"11":3.37962754098},"edge":{"12":0.05436,"13":0.16761,"14":1.83918,"15":null},"bb":{"7":0.00547,"10":null},"samsung":{"4":4.26113,"5":null},"ie_mob":{"10":0.0630658823529,"11":0.319834117647},"op_mini":{"0":0.136143569845},"and_chr":{"0":26.53908},"baidu":{"0":null},"and_ff":{"0":0.03829},"and_qq":{"1.2":null},"and_uc":{"0":0.06017}},"total":98.2622}