{"id":"IL","name":"Israel","month":"2017-05","access_date":"2017-06-04","data":{"chrome":{"4":null,"5":null,"6":null,"7":null,"8":null,"9":null,"10":null,"11":0.045248,"12":null,"13":null,"14":null,"15":0.005656,"16":null,"17":null,"18":0.011312,"19":null,"20":0.005656,"21":0.022624,"22":0.02828,"23":0.011312,"24":0.011312,"25":0.005656,"26":0.011312,"27":0.011312,"28":null,"29":0.033936,"30":null,"31":0.079184,"32":0.016968,"33":0.011312,"34":0.033936,"35":0.016968,"36":0.045248,"37":0.022624,"38":0.045248,"39":0.039592,"40":0.02828,"41":0.016968,"42":0.011312,"43":0.08484,"44":0.02828,"45":0.022624,"46":0.107464,"47":0.033936,"48":0.039592,"49":1.538432,"50":0.022624,"51":0.152712,"52":0.045248,"53":0.079184,"54":0.186648,"55":0.33936,"56":0.5656,"57":9.994152,"58":28.500584,"59":0.101808,"60":0.090496,"61":null},"firefox":{"2":null,"3":0.011312,"3.5":0.016968,"3.6":0.062216,"4":null,"5":null,"6":null,"7":null,"8":null,"9":0.022624,"10":null,"11":null,"12":null,"13":null,"14":null,"15":null,"16":0.011312,"17":null,"18":null,"19":null,"20":null,"21":0.005656,"22":null,"23":null,"24":0.011312,"25":0.016968,"26":0.039592,"27":0.005656,"28":0.005656,"29":null,"30":null,"31":0.005656,"32":null,"33":0.005656,"34":null,"35":null,"36":0.016968,"37":0.005656,"38":0.011312,"39":0.005656,"40":0.005656,"41":null,"42":0.005656,"43":0.016968,"44":null,"45":0.067872,"46":0.016968,"47":0.05656,"48":0.130088,"49":0.02828,"50":0.05656,"51":0.124432,"52":0.4242,"53":2.765784,"54":0.033936,"55":null,"56":null},"opera":{"9":null,"9.5-9.6":null,"10.0-10.1":0,"10.5":null,"10.6":0.005656,"11":null,"11.1":null,"11.5":null,"11.6":0.011312,"12":0.011312,"12.1":0.05656,"15":null,"16":null,"17":null,"18":null,"19":null,"20":null,"21":null,"22":null,"23":null,"24":null,"25":null,"26":null,"27":0.005656,"28":null,"29":null,"30":null,"31":null,"32":null,"33":null,"34":0.022624,"35":null,"36":0.011312,"37":null,"38":null,"39":null,"40":null,"41":null,"42":null,"43":0.1414,"44":0.101808,"45":0.16968,"46":null},"safari":{"3.1":null,"3.2":null,"4":0.016968,"5":0.022624,"5.1":0.05656,"6":0.011312,"6.1":0.033936,"7":0.011312,"7.1":null,"8":0.045248,"9":0.045248,"9.1":0.214928,"10":0.265832,"10.1":0.740936,"0":null},"ios_saf":{"3.2":0,"4.0-4.1":0,"4.2-4.3":0,"5.0-5.1":0,"6.0-6.1":0,"7.0-7.1":0.110341288053,"8":0,"8.1-8.4":0.12260143117,"9.0-9.2":0.567031619163,"9.3":0.391302901152,"10.0-10.2":2.3937929436,"10.3":6.52341781686},"android":{"2.1":0,"2.2":0,"2.3":0,"3":0,"4":0,"4.1":0.060292180268,"4.2-4.3":0.177463775883,"4.4":0.443659439708,"4.4.3-4.4.4":0.252544604141,"56":null},"op_mob":{"10":0,"11":0,"11.1":0,"11.5":0,"12":0,"12.1":0,"0":0.00061644345898},"ie":{"5.5":null,"6":0.011419095858,"7":0.00570954792899,"8":0.211253273373,"9":0.154157794083,"10":0.182705533728,"11":4.25932275503},"edge":{"12":0.039592,"13":0.124432,"14":1.606304,"15":null},"bb":{"7":0.002172,"10":null},"samsung":{"4":4.556856,"5":null},"ie_mob":{"10":0.00787030588235,"11":0.0399136941176},"op_mini":{"0":0.138391556541},"and_chr":{"0":27.915656},"baidu":{"0":null},"and_ff":{"0":0.013032},"and_qq":{"1.2":null},"and_uc":{"0":0.104256}},"total":98.916308}