{"id":"IM","name":"Isle of Man","month":"2017-05","access_date":"2017-06-04","data":{"chrome":{"4":null,"5":null,"6":null,"7":null,"8":null,"9":null,"10":null,"11":null,"12":null,"13":null,"14":null,"15":null,"16":null,"17":null,"18":null,"19":null,"20":null,"21":null,"22":null,"23":null,"24":null,"25":null,"26":null,"27":null,"28":0.018903,"29":0.012602,"30":null,"31":null,"32":null,"33":null,"34":null,"35":null,"36":0.018903,"37":0.006301,"38":0.025204,"39":null,"40":null,"41":0.012602,"42":null,"43":0.006301,"44":null,"45":0.031505,"46":null,"47":0.012602,"48":0.006301,"49":1.020762,"50":null,"51":0.018903,"52":null,"53":0.012602,"54":0.018903,"55":0.138622,"56":0.579692,"57":7.781735,"58":28.757764,"59":0.081913,"60":0.012602,"61":null},"firefox":{"2":null,"3":null,"3.5":null,"3.6":null,"4":null,"5":null,"6":null,"7":null,"8":null,"9":null,"10":null,"11":null,"12":null,"13":null,"14":null,"15":null,"16":null,"17":null,"18":null,"19":null,"20":null,"21":null,"22":0.031505,"23":null,"24":null,"25":null,"26":0.025204,"27":null,"28":null,"29":null,"30":null,"31":null,"32":null,"33":null,"34":null,"35":null,"36":null,"37":null,"38":0.025204,"39":null,"40":null,"41":null,"42":0.018903,"43":0.031505,"44":0.006301,"45":0.069311,"46":0.012602,"47":0.018903,"48":0.069311,"49":0.044107,"50":0.037806,"51":0.081913,"52":0.428468,"53":3.547463,"54":0.012602,"55":null,"56":null},"opera":{"9":null,"9.5-9.6":null,"10.0-10.1":0,"10.5":null,"10.6":null,"11":null,"11.1":null,"11.5":null,"11.6":null,"12":null,"12.1":0.012602,"15":null,"16":null,"17":null,"18":null,"19":null,"20":null,"21":null,"22":null,"23":null,"24":null,"25":null,"26":null,"27":null,"28":null,"29":null,"30":null,"31":null,"32":null,"33":null,"34":null,"35":null,"36":0.018903,"37":null,"38":null,"39":null,"40":null,"41":null,"42":null,"43":0.044107,"44":0.025204,"45":0.113418,"46":null},"safari":{"3.1":null,"3.2":null,"4":0,"5":0.056709,"5.1":0.088214,"6":0.025204,"6.1":0.018903,"7":0.018903,"7.1":null,"8":0.107117,"9":0.258341,"9.1":0.850635,"10":0.655304,"10.1":2.627517,"0":null},"ios_saf":{"3.2":0,"4.0-4.1":0,"4.2-4.3":0,"5.0-5.1":0,"6.0-6.1":0,"7.0-7.1":0.222074590661,"8":0,"8.1-8.4":0.246749545179,"9.0-9.2":1.14121664645,"9.3":0.787542298363,"10.0-10.2":4.81778486962,"10.3":13.1291320497},"android":{"2.1":0,"2.2":0,"2.3":0,"3":0,"4":0,"4.1":0.0322367174178,"4.2-4.3":0.0948854323995,"4.4":0.237213580999,"4.4.3-4.4.4":0.135029269184,"56":null},"op_mob":{"10":0,"11":0,"11.1":0,"11.5":0,"12":0,"12.1":0,"0":0.000131228381375},"ie":{"5.5":null,"6":null,"7":null,"8":0.176835454965,"9":0.536821916859,"10":0.151573247113,"11":7.33867138106},"edge":{"12":0.031505,"13":0.214234,"14":5.160519,"15":null},"bb":{"7":0.00277425,"10":null},"samsung":{"4":5.078727,"5":null},"ie_mob":{"10":0.0761558823529,"11":0.386219117647},"op_mini":{"0":0.0294607716186},"and_chr":{"0":10.242377},"baidu":{"0":null},"and_ff":{"0":0.029592},"and_qq":{"1.2":null},"and_uc":{"0":0.022194}},"total":98.27856725}