{"id":"IN","name":"India","month":"2017-05","access_date":"2017-06-04","data":{"chrome":{"4":0.00365,"5":0.001825,"6":0.00365,"7":0.00365,"8":0.00365,"9":0.001825,"10":0.005475,"11":0.01095,"12":0.0073,"13":0.00365,"14":0.005475,"15":0.00365,"16":0.00365,"17":0.005475,"18":0.0073,"19":0.009125,"20":0.009125,"21":0.0073,"22":0.01095,"23":0.012775,"24":0.009125,"25":0.01825,"26":0.009125,"27":0.01825,"28":0.031025,"29":0.0219,"30":0.020075,"31":0.2263,"32":0.012775,"33":0.04745,"34":0.009125,"35":0.0073,"36":0.0146,"37":0.005475,"38":0.01095,"39":0.01095,"40":0.009125,"41":0.01825,"42":0.0073,"43":0.034675,"44":0.012775,"45":0.01095,"46":0.03285,"47":0.016425,"48":0.027375,"49":0.633275,"50":0.023725,"51":0.09855,"52":0.020075,"53":0.03285,"54":0.041975,"55":0.09855,"56":0.14235,"57":2.571425,"58":8.2636,"59":0.0657,"60":0.067525,"61":null},"firefox":{"2":null,"3":0.03285,"3.5":0.00365,"3.6":0.009125,"4":0.009125,"5":0.00365,"6":0.00365,"7":0.001825,"8":0.00365,"9":0.001825,"10":0.005475,"11":0.0073,"12":0.012775,"13":0.005475,"14":0.009125,"15":0.005475,"16":0.0073,"17":0.0073,"18":0.005475,"19":0.005475,"20":0.005475,"21":0.016425,"22":0.0073,"23":0.005475,"24":0.005475,"25":0.005475,"26":0.005475,"27":0.005475,"28":0.0073,"29":0.0146,"30":0.01095,"31":0.06205,"32":0.0073,"33":0.01095,"34":0.0073,"35":0.01095,"36":0.009125,"37":0.01825,"38":0.016425,"39":0.012775,"40":0.012775,"41":0.01095,"42":0.01095,"43":0.045625,"44":0.0365,"45":0.049275,"46":0.016425,"47":0.085775,"48":0.049275,"49":0.041975,"50":0.056575,"51":0.05475,"52":0.3139,"53":1.58045,"54":0.33215,"55":null,"56":null},"opera":{"9":null,"9.5-9.6":null,"10.0-10.1":0,"10.5":null,"10.6":null,"11":null,"11.1":null,"11.5":null,"11.6":0.00365,"12":0.00365,"12.1":0.0073,"15":null,"16":null,"17":null,"18":null,"19":null,"20":null,"21":null,"22":null,"23":null,"24":null,"25":null,"26":null,"27":null,"28":0.0146,"29":0.001825,"30":null,"31":null,"32":null,"33":null,"34":null,"35":null,"36":0.01095,"37":0.0073,"38":null,"39":null,"40":0.005475,"41":0.001825,"42":0.01825,"43":0.0803,"44":0.1022,"45":0.122275,"46":null},"safari":{"3.1":null,"3.2":null,"4":0,"5":null,"5.1":0.00365,"6":null,"6.1":null,"7":0.00365,"7.1":null,"8":0.009125,"9":0.0073,"9.1":0.0219,"10":0.04745,"10.1":0.089425,"0":null},"ios_saf":{"3.2":0,"4.0-4.1":0,"4.2-4.3":0,"5.0-5.1":0,"6.0-6.1":0,"7.0-7.1":0.0199888417223,"8":0,"8.1-8.4":0.0222098241358,"9.0-9.2":0.102720436628,"9.3":0.0708863553669,"10.0-10.2":0.433646816252,"10.3":1.18174772589},"android":{"2.1":0,"2.2":0,"2.3":0,"3":0,"4":0,"4.1":0.0886604141291,"4.2-4.3":0.26096272838,"4.4":0.65240682095,"4.4.3-4.4.4":0.371370036541,"56":null},"op_mob":{"10":0,"11":0,"11.1":0,"11.5":0,"12":0,"12.1":0,"0":0.0309236141907},"ie":{"5.5":null,"6":0.00368882978723,"7":0.00368882978723,"8":0.125420212766,"9":0.0276662234043,"10":0.0461103723404,"11":0.313550531915},"edge":{"12":0.027375,"13":0.0365,"14":0.129575,"15":null},"bb":{"7":0.01839375,"10":null},"samsung":{"4":2.46885,"5":null},"ie_mob":{"10":0.0646305882353,"11":0.327769411765},"op_mini":{"0":6.94235138581},"and_chr":{"0":26.856675},"baidu":{"0":null},"and_ff":{"0":0.008175},"and_qq":{"1.2":null},"and_uc":{"0":41.12025}},"total":98.22316875}