{"id":"IQ","name":"Iraq","month":"2017-05","access_date":"2017-06-04","data":{"chrome":{"4":0.001873,"5":0.005619,"6":0.007492,"7":null,"8":0.003746,"9":null,"10":0.003746,"11":0.01873,"12":0.003746,"13":0.011238,"14":0.005619,"15":0.005619,"16":0.003746,"17":0.003746,"18":0.003746,"19":0.003746,"20":0.001873,"21":0.009365,"22":0.011238,"23":0.005619,"24":0.009365,"25":0.007492,"26":0.007492,"27":0.014984,"28":0.007492,"29":0.011238,"30":0.016857,"31":0.035587,"32":0.013111,"33":0.050571,"34":0.020603,"35":0.005619,"36":0.011238,"37":0.005619,"38":0.058063,"39":0.026222,"40":0.01873,"41":0.009365,"42":0.009365,"43":1.007674,"44":0.013111,"45":0.026222,"46":0.007492,"47":0.013111,"48":0.009365,"49":0.108634,"50":0.013111,"51":0.029968,"52":0.016857,"53":0.05619,"54":0.022476,"55":0.383965,"56":0.164824,"57":2.290679,"58":9.054082,"59":0.059936,"60":0.033714,"61":null},"firefox":{"2":null,"3":null,"3.5":null,"3.6":0.005619,"4":null,"5":0.001873,"6":0.013111,"7":null,"8":null,"9":0.003746,"10":0.005619,"11":0.001873,"12":0.011238,"13":0.005619,"14":null,"15":0.005619,"16":0.003746,"17":null,"18":0.005619,"19":0.003746,"20":0.005619,"21":null,"22":0.003746,"23":0.001873,"24":0.003746,"25":0.005619,"26":0.003746,"27":0.003746,"28":null,"29":0.005619,"30":0.013111,"31":0.009365,"32":0.003746,"33":0.007492,"34":0.003746,"35":0.005619,"36":0.003746,"37":0.014984,"38":0.007492,"39":0.007492,"40":0.003746,"41":0.007492,"42":0.007492,"43":0.033714,"44":0.016857,"45":0.013111,"46":0.009365,"47":0.086158,"48":0.046825,"49":0.020603,"50":0.022476,"51":0.03746,"52":0.136729,"53":1.726906,"54":0.132983,"55":null,"56":null},"opera":{"9":null,"9.5-9.6":null,"10.0-10.1":0,"10.5":null,"10.6":null,"11":null,"11.1":null,"11.5":null,"11.6":null,"12":null,"12.1":0.001873,"15":null,"16":null,"17":null,"18":null,"19":null,"20":null,"21":null,"22":null,"23":null,"24":null,"25":null,"26":null,"27":null,"28":null,"29":null,"30":null,"31":null,"32":null,"33":null,"34":null,"35":null,"36":0.001873,"37":0.003746,"38":0.003746,"39":0.001873,"40":0.007492,"41":0.001873,"42":0.024349,"43":0.123618,"44":0.138602,"45":0.202284,"46":0.003746},"safari":{"3.1":null,"3.2":null,"4":0,"5":null,"5.1":0.005619,"6":0.001873,"6.1":null,"7":null,"7.1":null,"8":0.014984,"9":0.003746,"9.1":0.022476,"10":0.022476,"10.1":0.103015,"0":null},"ios_saf":{"3.2":0,"4.0-4.1":0,"4.2-4.3":0,"5.0-5.1":0,"6.0-6.1":0,"7.0-7.1":0.1634074057,"8":0,"8.1-8.4":0.181563784112,"9.0-9.2":0.839732501516,"9.3":0.579491077623,"10.0-10.2":3.54503288478,"10.3":9.66070634627},"android":{"2.1":0,"2.2":0,"2.3":0,"3":0,"4":0,"4.1":0.372495749086,"4.2-4.3":1.09640258222,"4.4":2.74100645554,"4.4.3-4.4.4":1.56026521315,"56":null},"op_mob":{"10":0,"11":0,"11.1":0,"11.5":0,"12":0,"12.1":0,"0":0.00198219512195},"ie":{"5.5":null,"6":null,"7":null,"8":0.228555160105,"9":0.0503596115486,"10":0.0368012545932,"11":0.422245973753},"edge":{"12":0.01873,"13":0.026222,"14":0.185427,"15":null},"bb":{"7":0,"10":null},"samsung":{"4":9.736146,"5":null},"ie_mob":{"10":0.0133856470588,"11":0.0678843529412},"op_mini":{"0":0.445002804878},"and_chr":{"0":49.953142},"baidu":{"0":null},"and_ff":{"0":0.048762},"and_qq":{"1.2":null},"and_uc":{"0":0.446985}},"total":99.351782}