{"id":"IR","name":"Iran","month":"2017-05","access_date":"2017-06-04","data":{"chrome":{"4":0.00566,"5":null,"6":0.00566,"7":null,"8":0.00566,"9":null,"10":null,"11":0.04528,"12":0.00566,"13":null,"14":0.01698,"15":0.01132,"16":null,"17":0.03962,"18":0.01698,"19":0.01132,"20":0.02264,"21":0.01132,"22":0.03962,"23":0.0283,"24":0.0283,"25":0.02264,"26":0.01698,"27":0.02264,"28":0.01698,"29":0.06226,"30":0.02264,"31":0.0566,"32":0.01698,"33":0.03396,"34":0.02264,"35":0.01698,"36":0.03396,"37":0.01132,"38":0.07358,"39":0.03396,"40":0.0283,"41":0.02264,"42":0.01698,"43":0.06226,"44":0.05094,"45":0.04528,"46":0.0566,"47":0.04528,"48":0.06226,"49":0.81504,"50":0.0566,"51":0.24338,"52":0.03396,"53":0.13584,"54":0.23772,"55":0.54902,"56":0.5377,"57":5.2072,"58":16.48758,"59":0.04528,"60":0.0283,"61":null},"firefox":{"2":null,"3":0.0283,"3.5":0.00566,"3.6":0.0283,"4":0.02264,"5":0.01132,"6":null,"7":0.01132,"8":0.00566,"9":0.01132,"10":0.01132,"11":0.01698,"12":0.05094,"13":0.01698,"14":0.02264,"15":0.01698,"16":0.0283,"17":0.01698,"18":0.01132,"19":0.00566,"20":0.01698,"21":0.01698,"22":0.01132,"23":0.01698,"24":0.0283,"25":0.02264,"26":0.0283,"27":0.02264,"28":0.01698,"29":0.03962,"30":0.03396,"31":0.04528,"32":0.03396,"33":0.06792,"34":0.03396,"35":0.04528,"36":0.02264,"37":0.05094,"38":0.06226,"39":0.06792,"40":0.06226,"41":0.09622,"42":0.07924,"43":0.29998,"44":0.1415,"45":0.15848,"46":0.1132,"47":0.63958,"48":0.26036,"49":0.32262,"50":0.39054,"51":0.3396,"52":1.73196,"53":11.5464,"54":0.7075,"55":null,"56":null},"opera":{"9":null,"9.5-9.6":null,"10.0-10.1":0,"10.5":null,"10.6":null,"11":null,"11.1":null,"11.5":null,"11.6":null,"12":null,"12.1":0.02264,"15":null,"16":null,"17":null,"18":null,"19":null,"20":null,"21":null,"22":null,"23":null,"24":null,"25":null,"26":null,"27":null,"28":0.00566,"29":null,"30":null,"31":null,"32":null,"33":null,"34":null,"35":null,"36":0.0283,"37":null,"38":0.00566,"39":null,"40":0.01132,"41":0.02264,"42":0.0566,"43":0.26036,"44":0.17546,"45":0.07924,"46":null},"safari":{"3.1":null,"3.2":null,"4":0.02264,"5":null,"5.1":0.01132,"6":null,"6.1":null,"7":null,"7.1":null,"8":0.0283,"9":0.03962,"9.1":0.0566,"10":0.14716,"10.1":0.24904,"0":null},"ios_saf":{"3.2":0,"4.0-4.1":0,"4.2-4.3":0,"5.0-5.1":0,"6.0-6.1":0,"7.0-7.1":0.0504534869618,"8":0,"8.1-8.4":0.0560594299576,"9.0-9.2":0.259274863554,"9.3":0.178923013948,"10.0-10.2":1.09456036992,"10.3":2.98282883566},"android":{"2.1":0,"2.2":0,"2.3":0,"3":0,"4":0,"4.1":0.294179049939,"4.2-4.3":0.865885505481,"4.4":2.1647137637,"4.4.3-4.4.4":1.23222168088,"56":null},"op_mob":{"10":0,"11":0,"11.1":0,"11.5":0,"12":0,"12.1":0,"0":0.0127024390244},"ie":{"5.5":null,"6":0.423028525499,"7":0.527336929047,"8":3.08289281596,"9":0.985134922395,"10":0.863441784922,"11":4.57218502217},"edge":{"12":0.10188,"13":0.14716,"14":0.4811,"15":null},"bb":{"7":0.011935,"10":null},"samsung":{"4":8.07674,"5":null},"ie_mob":{"10":0.0107223529412,"11":0.0543776470588},"op_mini":{"0":2.85169756098},"and_chr":{"0":22.2453},"baidu":{"0":null},"and_ff":{"0":0.1736},"and_qq":{"1.2":null},"and_uc":{"0":0.76818}},"total":99.214595}