{"id":"IS","name":"Iceland","month":"2017-05","access_date":"2017-06-04","data":{"chrome":{"4":null,"5":null,"6":null,"7":null,"8":null,"9":null,"10":null,"11":null,"12":null,"13":null,"14":null,"15":null,"16":null,"17":null,"18":null,"19":null,"20":null,"21":null,"22":null,"23":null,"24":null,"25":null,"26":null,"27":null,"28":null,"29":null,"30":null,"31":null,"32":0.006766,"33":null,"34":0.020298,"35":null,"36":0.074426,"37":0.006766,"38":0.060894,"39":0.013532,"40":null,"41":0.013532,"42":null,"43":0.047362,"44":0.03383,"45":0.020298,"46":0.006766,"47":0.013532,"48":0.162384,"49":1.041964,"50":0.13532,"51":0.290938,"52":0.020298,"53":0.047362,"54":0.128554,"55":0.297704,"56":0.690132,"57":11.441306,"58":29.107332,"59":0.074426,"60":0.03383,"61":null},"firefox":{"2":null,"3":0.013532,"3.5":null,"3.6":null,"4":null,"5":null,"6":null,"7":null,"8":null,"9":null,"10":null,"11":null,"12":null,"13":null,"14":null,"15":null,"16":0.006766,"17":null,"18":null,"19":null,"20":null,"21":null,"22":null,"23":null,"24":0.013532,"25":null,"26":null,"27":null,"28":null,"29":null,"30":null,"31":0.013532,"32":null,"33":null,"34":null,"35":0.06766,"36":null,"37":0.013532,"38":0.03383,"39":0.006766,"40":0.020298,"41":0.027064,"42":0.872814,"43":0.027064,"44":0.013532,"45":1.52235,"46":0.081192,"47":0.060894,"48":0.115022,"49":0.020298,"50":0.115022,"51":0.10149,"52":0.60894,"53":5.778164,"54":0.094724,"55":null,"56":null},"opera":{"9":null,"9.5-9.6":null,"10.0-10.1":0,"10.5":null,"10.6":null,"11":null,"11.1":null,"11.5":null,"11.6":null,"12":null,"12.1":0.03383,"15":null,"16":null,"17":null,"18":null,"19":null,"20":null,"21":null,"22":null,"23":null,"24":null,"25":null,"26":null,"27":null,"28":0.013532,"29":null,"30":null,"31":null,"32":null,"33":null,"34":null,"35":null,"36":0.013532,"37":null,"38":null,"39":null,"40":null,"41":null,"42":0.006766,"43":0.209746,"44":0.196214,"45":0.243576,"46":null},"safari":{"3.1":null,"3.2":null,"4":0.03383,"5":0.040596,"5.1":0.06766,"6":null,"6.1":0.060894,"7":0.020298,"7.1":0.013532,"8":0.13532,"9":0.243576,"9.1":0.960772,"10":1.204348,"10.1":3.004104,"0":null},"ios_saf":{"3.2":0,"4.0-4.1":0,"4.2-4.3":0,"5.0-5.1":0,"6.0-6.1":0,"7.0-7.1":0.149854420861,"8":0,"8.1-8.4":0.166504912068,"9.0-9.2":0.770085218314,"9.3":0.531428177683,"10.0-10.2":3.25100840813,"10.3":8.85944886295},"android":{"2.1":0,"2.2":0,"2.3":0,"3":0,"4":0,"4.1":0.0223386285018,"4.2-4.3":0.0657514348356,"4.4":0.164378587089,"4.4.3-4.4.4":0.0935693495737,"56":null},"op_mob":{"10":0,"11":0,"11.1":0,"11.5":0,"12":0,"12.1":0,"0":0.000631024390244},"ie":{"5.5":null,"6":0.0425254676806,"7":0.0425254676806,"8":0.26224038403,"9":0.092138513308,"10":0.134663980989,"11":3.15397218631},"edge":{"12":0.03383,"13":0.142086,"14":2.43576,"15":null},"bb":{"7":0.003234,"10":null},"samsung":{"4":3.958416,"5":null},"ie_mob":{"10":0.0319595294118,"11":0.162080470588},"op_mini":{"0":0.14166497561},"and_chr":{"0":13.873098},"baidu":{"0":null},"and_ff":{"0":0.03234},"and_qq":{"1.2":null},"and_uc":{"0":0.022638}},"total":98.559868}