{"id":"IT","name":"Italy","month":"2017-05","access_date":"2017-06-04","data":{"chrome":{"4":null,"5":null,"6":null,"7":null,"8":null,"9":null,"10":null,"11":0.018594,"12":null,"13":null,"14":null,"15":null,"16":null,"17":null,"18":null,"19":null,"20":null,"21":0.012396,"22":0.03099,"23":null,"24":null,"25":0.068178,"26":0.018594,"27":null,"28":null,"29":0.012396,"30":null,"31":0.018594,"32":0.006198,"33":0.012396,"34":0.074376,"35":0.018594,"36":0.334692,"37":0.018594,"38":0.06198,"39":0.03099,"40":0.018594,"41":0.080574,"42":0.03099,"43":0.080574,"44":0.03099,"45":0.049584,"46":0.03099,"47":0.06198,"48":0.074376,"49":2.032944,"50":0.043386,"51":0.223128,"52":0.06198,"53":0.099168,"54":0.235524,"55":0.359484,"56":1.27059,"57":7.270254,"58":22.387176,"59":0.080574,"60":0.049584,"61":null},"firefox":{"2":null,"3":0.006198,"3.5":null,"3.6":0.018594,"4":null,"5":null,"6":null,"7":null,"8":null,"9":null,"10":null,"11":0.006198,"12":0.006198,"13":null,"14":null,"15":null,"16":0.024792,"17":null,"18":null,"19":null,"20":null,"21":0.012396,"22":null,"23":null,"24":null,"25":null,"26":null,"27":null,"28":0.006198,"29":0.006198,"30":0.006198,"31":0.018594,"32":0.012396,"33":0.012396,"34":0.012396,"35":0.018594,"36":0.012396,"37":0.018594,"38":0.055782,"39":0.018594,"40":0.018594,"41":0.024792,"42":0.018594,"43":0.068178,"44":0.018594,"45":0.254118,"46":0.024792,"47":0.18594,"48":0.6198,"49":0.068178,"50":0.136356,"51":0.198336,"52":1.152828,"53":7.62354,"54":0.080574,"55":null,"56":null},"opera":{"9":null,"9.5-9.6":null,"10.0-10.1":0,"10.5":null,"10.6":null,"11":null,"11.1":null,"11.5":null,"11.6":null,"12":null,"12.1":0.024792,"15":null,"16":null,"17":null,"18":null,"19":null,"20":null,"21":null,"22":null,"23":null,"24":null,"25":null,"26":null,"27":null,"28":0.012396,"29":null,"30":null,"31":null,"32":null,"33":null,"34":null,"35":null,"36":0.037188,"37":null,"38":0.012396,"39":null,"40":null,"41":null,"42":0.012396,"43":0.272712,"44":0.229326,"45":0.285108,"46":null},"safari":{"3.1":null,"3.2":null,"4":0.024792,"5":0.06198,"5.1":0.148752,"6":0.012396,"6.1":0.074376,"7":0.024792,"7.1":0.006198,"8":0.130158,"9":0.179742,"9.1":0.613602,"10":0.842928,"10.1":2.764308,"0":null},"ios_saf":{"3.2":0,"4.0-4.1":0,"4.2-4.3":0,"5.0-5.1":0,"6.0-6.1":0,"7.0-7.1":0.103878294724,"8":0,"8.1-8.4":0.115420327471,"9.0-9.2":0.533819014554,"9.3":0.368383211846,"10.0-10.2":2.25358189388,"10.3":6.14132325753},"android":{"2.1":0,"2.2":0,"2.3":0,"3":0,"4":0,"4.1":0.0782952667479,"4.2-4.3":0.230453992692,"4.4":0.57613498173,"4.4.3-4.4.4":0.327953758831,"56":null},"op_mob":{"10":0,"11":0,"11.1":0,"11.5":0,"12":0,"12.1":0,"0":0.0007924345898},"ie":{"5.5":null,"6":0.0126730870588,"7":0.0190096305882,"8":0.348509894118,"9":0.228115567059,"10":0.335836807059,"11":4.44191701412},"edge":{"12":0.099168,"13":0.18594,"14":2.218884,"15":null},"bb":{"7":0.009505,"10":null},"samsung":{"4":3.893248,"5":null},"ie_mob":{"10":0.159684,"11":0.809826},"op_mini":{"0":0.17790156541},"and_chr":{"0":21.71516},"baidu":{"0":null},"and_ff":{"0":0.045624},"and_qq":{"1.2":null},"and_uc":{"0":0.3802}},"total":97.657509}