{"id":"JE","name":"Jersey","month":"2017-05","access_date":"2017-06-04","data":{"chrome":{"4":null,"5":null,"6":null,"7":null,"8":null,"9":0.005106,"10":null,"11":0.005106,"12":null,"13":null,"14":null,"15":null,"16":null,"17":null,"18":0.020424,"19":null,"20":null,"21":null,"22":0.020424,"23":null,"24":null,"25":null,"26":null,"27":null,"28":null,"29":null,"30":null,"31":null,"32":null,"33":null,"34":null,"35":null,"36":0.010212,"37":null,"38":0.015318,"39":0.045954,"40":null,"41":null,"42":0.005106,"43":0.015318,"44":null,"45":0.005106,"46":0.010212,"47":null,"48":null,"49":0.801642,"50":0.010212,"51":0.010212,"52":null,"53":0.015318,"54":0.015318,"55":0.066378,"56":0.209346,"57":5.71872,"58":16.77321,"59":0.02553,"60":0.005106,"61":null},"firefox":{"2":null,"3":null,"3.5":null,"3.6":null,"4":null,"5":null,"6":null,"7":null,"8":null,"9":null,"10":null,"11":null,"12":null,"13":null,"14":null,"15":null,"16":null,"17":null,"18":null,"19":0.010212,"20":null,"21":0.010212,"22":null,"23":null,"24":null,"25":null,"26":0.005106,"27":null,"28":null,"29":null,"30":null,"31":null,"32":null,"33":0.045954,"34":null,"35":null,"36":null,"37":null,"38":null,"39":null,"40":null,"41":0.005106,"42":0.005106,"43":null,"44":null,"45":0.05106,"46":null,"47":0.194028,"48":0.112332,"49":0.035742,"50":0.015318,"51":0.030636,"52":0.74037,"53":2.971692,"54":0.199134,"55":null,"56":null},"opera":{"9":null,"9.5-9.6":null,"10.0-10.1":0,"10.5":null,"10.6":null,"11":null,"11.1":null,"11.5":null,"11.6":null,"12":null,"12.1":0.010212,"15":null,"16":null,"17":null,"18":null,"19":null,"20":null,"21":null,"22":null,"23":null,"24":null,"25":null,"26":null,"27":null,"28":null,"29":null,"30":null,"31":null,"32":null,"33":null,"34":null,"35":null,"36":null,"37":null,"38":null,"39":null,"40":null,"41":null,"42":0.010212,"43":0.05106,"44":0.107226,"45":0.173604,"46":null},"safari":{"3.1":null,"3.2":null,"4":0,"5":0.020424,"5.1":0.194028,"6":0.02553,"6.1":0.168498,"7":0.020424,"7.1":null,"8":0.260406,"9":0.209346,"9.1":1.010988,"10":1.409256,"10.1":4.074588,"0":null},"ios_saf":{"3.2":0,"4.0-4.1":0,"4.2-4.3":0,"5.0-5.1":0,"6.0-6.1":0,"7.0-7.1":0.332349423893,"8":0,"8.1-8.4":0.369277137659,"9.0-9.2":1.70790676167,"9.3":1.17860953103,"10.0-10.2":7.2101361128,"10.3":19.6486210329},"android":{"2.1":0,"2.2":0,"2.3":0,"3":0,"4":0,"4.1":0.0489798112058,"4.2-4.3":0.144166991474,"4.4":0.360417478685,"4.4.3-4.4.4":0.205160718636,"56":null},"op_mob":{"10":0,"11":0,"11.1":0,"11.5":0,"12":0,"12.1":0,"0":0.000434146341463},"ie":{"5.5":null,"6":null,"7":null,"8":0.086802,"9":0.148074,"10":0.403374,"11":9.680976},"edge":{"12":0.02553,"13":0.117438,"14":3.24231,"15":null},"bb":{"7":0.0513975,"10":null},"samsung":{"4":3.93558,"5":null},"ie_mob":{"10":0.0717549411765,"11":0.363900058824},"op_mini":{"0":0.0974658536585},"and_chr":{"0":12.710754},"baidu":{"0":null},"and_ff":{"0":0.23496},"and_qq":{"1.2":null},"and_uc":{"0":0.04895}},"total":98.4124135}