{"id":"JM","name":"Jamaica","month":"2017-05","access_date":"2017-06-04","data":{"chrome":{"4":null,"5":null,"6":null,"7":null,"8":null,"9":null,"10":null,"11":0.011282,"12":0.011282,"13":null,"14":null,"15":null,"16":null,"17":null,"18":0.022564,"19":null,"20":null,"21":0.011282,"22":0.062051,"23":null,"24":null,"25":null,"26":0.011282,"27":0.011282,"28":0.005641,"29":0.005641,"30":0.005641,"31":0.067692,"32":0.016923,"33":0.016923,"34":0.011282,"35":0.005641,"36":0.33846,"37":0.022564,"38":0.045128,"39":0.039487,"40":null,"41":0.022564,"42":0.016923,"43":0.073333,"44":0.011282,"45":0.022564,"46":0.039487,"47":0.033846,"48":0.039487,"49":1.077431,"50":0.028205,"51":0.208717,"52":0.033846,"53":0.33846,"54":0.203076,"55":0.682561,"56":0.62051,"57":8.96919,"58":25.260398,"59":0.157948,"60":0.219999,"61":null},"firefox":{"2":null,"3":null,"3.5":0.016923,"3.6":0.005641,"4":null,"5":null,"6":null,"7":null,"8":null,"9":null,"10":null,"11":0.005641,"12":null,"13":null,"14":null,"15":null,"16":null,"17":null,"18":null,"19":null,"20":null,"21":null,"22":null,"23":null,"24":null,"25":null,"26":null,"27":null,"28":null,"29":null,"30":null,"31":0.016923,"32":null,"33":null,"34":null,"35":0.005641,"36":0.011282,"37":0.011282,"38":0.016923,"39":0.011282,"40":0.005641,"41":0.011282,"42":null,"43":0.028205,"44":0.011282,"45":0.045128,"46":0.016923,"47":0.084615,"48":0.163589,"49":0.05641,"50":0.045128,"51":0.11282,"52":0.473844,"53":3.615881,"54":0.265127,"55":null,"56":null},"opera":{"9":null,"9.5-9.6":null,"10.0-10.1":0,"10.5":null,"10.6":null,"11":null,"11.1":null,"11.5":null,"11.6":null,"12":null,"12.1":0.039487,"15":null,"16":null,"17":null,"18":null,"19":null,"20":null,"21":null,"22":null,"23":null,"24":null,"25":null,"26":null,"27":null,"28":null,"29":0.011282,"30":0.039487,"31":null,"32":null,"33":null,"34":null,"35":null,"36":0.005641,"37":0.016923,"38":null,"39":null,"40":null,"41":null,"42":0.033846,"43":0.253845,"44":0.186153,"45":0.231281,"46":null},"safari":{"3.1":null,"3.2":null,"4":0,"5":0.011282,"5.1":0.022564,"6":0.016923,"6.1":0.016923,"7":0.005641,"7.1":0.011282,"8":0.05641,"9":0.045128,"9.1":0.276409,"10":0.434357,"10.1":1.506147,"0":null},"ios_saf":{"3.2":0,"4.0-4.1":0,"4.2-4.3":0,"5.0-5.1":0,"6.0-6.1":0,"7.0-7.1":0.0676765069739,"8":0,"8.1-8.4":0.0751961188599,"9.0-9.2":0.347782049727,"9.3":0.240000946028,"10.0-10.2":1.46820422074,"10.3":4.00106015767},"android":{"2.1":0,"2.2":0,"2.3":0,"3":0,"4":0,"4.1":0.236427771011,"4.2-4.3":0.695900609013,"4.4":1.73975152253,"4.4.3-4.4.4":0.990320097442,"56":null},"op_mob":{"10":0,"11":0,"11.1":0,"11.5":0,"12":0,"12.1":0,"0":0.00779192904656},"ie":{"5.5":null,"6":0.00570705386417,"7":null,"8":0.148383400468,"9":0.131262238876,"10":0.114141077283,"11":2.03741822951},"edge":{"12":0.118461,"13":0.315896,"14":2.786654,"15":null},"bb":{"7":0.05886,"10":null},"samsung":{"4":3.02584,"5":null},"ie_mob":{"10":0.0675030588235,"11":0.342336941176},"op_mini":{"0":1.74928807095},"and_chr":{"0":28.200468},"baidu":{"0":null},"and_ff":{"0":0.03052},"and_qq":{"1.2":null},"and_uc":{"0":2.0056}},"total":98.04875}