{"id":"JO","name":"Jordan","month":"2017-05","access_date":"2017-06-04","data":{"chrome":{"4":null,"5":null,"6":null,"7":0.004653,"8":null,"9":null,"10":null,"11":0.023265,"12":0.009306,"13":null,"14":null,"15":null,"16":null,"17":0.074448,"18":null,"19":0.032571,"20":null,"21":null,"22":0.013959,"23":0.009306,"24":0.051183,"25":0.004653,"26":0.009306,"27":0.018612,"28":0.009306,"29":0.013959,"30":0.074448,"31":0.027918,"32":0.023265,"33":0.09306,"34":0.009306,"35":0.060489,"36":0.018612,"37":0.009306,"38":0.027918,"39":0.027918,"40":0.009306,"41":0.013959,"42":0.004653,"43":0.125631,"44":0.037224,"45":0.013959,"46":0.013959,"47":0.041877,"48":0.023265,"49":0.986436,"50":0.018612,"51":0.065142,"52":0.018612,"53":0.079101,"54":0.120978,"55":0.618849,"56":0.274527,"57":6.104736,"58":19.03077,"59":0.069795,"60":0.04653,"61":null},"firefox":{"2":0.027918,"3":null,"3.5":null,"3.6":0.09306,"4":0.032571,"5":0.074448,"6":null,"7":null,"8":null,"9":null,"10":null,"11":null,"12":0.009306,"13":null,"14":null,"15":0.018612,"16":null,"17":null,"18":0.009306,"19":null,"20":null,"21":0.023265,"22":null,"23":0.018612,"24":null,"25":0.041877,"26":null,"27":null,"28":null,"29":0.004653,"30":0.009306,"31":null,"32":null,"33":0.009306,"34":null,"35":null,"36":0.018612,"37":null,"38":0.018612,"39":0.004653,"40":0.018612,"41":0.009306,"42":null,"43":0.027918,"44":0.009306,"45":0.037224,"46":0.009306,"47":0.074448,"48":0.162855,"49":0.041877,"50":0.041877,"51":0.055836,"52":0.288486,"53":2.656863,"54":0.125631,"55":null,"56":null},"opera":{"9":null,"9.5-9.6":null,"10.0-10.1":0.269874,"10.5":0.032571,"10.6":0.032571,"11":0.130284,"11.1":null,"11.5":null,"11.6":null,"12":null,"12.1":0.013959,"15":null,"16":null,"17":null,"18":null,"19":null,"20":null,"21":null,"22":null,"23":null,"24":null,"25":null,"26":null,"27":null,"28":null,"29":null,"30":null,"31":null,"32":null,"33":null,"34":null,"35":null,"36":0.009306,"37":null,"38":null,"39":null,"40":0.004653,"41":0.004653,"42":0.032571,"43":0.18612,"44":0.167508,"45":0.18612,"46":null},"safari":{"3.1":null,"3.2":null,"4":0.09306,"5":0.274527,"5.1":0.013959,"6":0.009306,"6.1":0.023265,"7":0.009306,"7.1":null,"8":0.051183,"9":0.037224,"9.1":0.181467,"10":0.302445,"10.1":0.600237,"0":null},"ios_saf":{"3.2":0,"4.0-4.1":0,"4.2-4.3":0,"5.0-5.1":0,"6.0-6.1":0,"7.0-7.1":0.0725492892662,"8":0,"8.1-8.4":0.0806103214069,"9.0-9.2":0.372822736507,"9.3":0.257281275824,"10.0-10.2":1.57391652547,"10.3":4.28914085153},"android":{"2.1":0,"2.2":0,"2.3":0,"3":0,"4":0,"4.1":0.22194934592,"4.2-4.3":0.653284867235,"4.4":1.63321216809,"4.4.3-4.4.4":0.929674618758,"56":null},"op_mob":{"10":0,"11":0,"11.1":0,"11.5":0,"12":0,"12.1":0,"0":0.00436296230599},"ie":{"5.5":null,"6":0.0140142831683,"7":3.8165564495,"8":3.22328512871,"9":0.270942807921,"10":0.289628518812,"11":1.82185681188},"edge":{"12":0.041877,"13":0.09306,"14":0.628155,"15":null},"bb":{"7":0.112287,"10":null},"samsung":{"4":4.999445,"5":null},"ie_mob":{"10":0.0678125411765,"11":0.343906458824},"op_mini":{"0":0.979485037694},"and_chr":{"0":35.482156},"baidu":{"0":null},"and_ff":{"0":0.021388},"and_qq":{"1.2":null},"and_uc":{"0":1.080094}},"total":98.379274}