{"id":"JP","name":"Japan","month":"2017-05","access_date":"2017-06-04","data":{"chrome":{"4":null,"5":null,"6":null,"7":null,"8":null,"9":null,"10":null,"11":0.014208,"12":null,"13":null,"14":0.007104,"15":null,"16":null,"17":0.021312,"18":null,"19":null,"20":null,"21":0.014208,"22":null,"23":null,"24":null,"25":null,"26":null,"27":null,"28":null,"29":0.007104,"30":0.007104,"31":0.014208,"32":0.014208,"33":null,"34":0.007104,"35":null,"36":0.028416,"37":0.007104,"38":0.014208,"39":0.014208,"40":0.007104,"41":0.021312,"42":0.021312,"43":0.028416,"44":0.014208,"45":0.170496,"46":0.021312,"47":0.042624,"48":0.03552,"49":1.683648,"50":0.07104,"51":0.078144,"52":0.042624,"53":0.042624,"54":0.063936,"55":0.198912,"56":0.24864,"57":5.661888,"58":18.925056,"59":0.092352,"60":0.085248,"61":null},"firefox":{"2":null,"3":null,"3.5":null,"3.6":0.021312,"4":null,"5":null,"6":null,"7":null,"8":null,"9":null,"10":0.014208,"11":null,"12":0.014208,"13":null,"14":null,"15":null,"16":0.028416,"17":null,"18":null,"19":0.014208,"20":null,"21":0.007104,"22":null,"23":null,"24":0.007104,"25":null,"26":null,"27":null,"28":0.014208,"29":0.007104,"30":null,"31":0.014208,"32":null,"33":0.007104,"34":0.014208,"35":0.049728,"36":0.028416,"37":0.028416,"38":0.028416,"39":0.014208,"40":0.021312,"41":0.014208,"42":0.021312,"43":0.078144,"44":0.014208,"45":0.14208,"46":0.021312,"47":0.113664,"48":0.468864,"49":0.07104,"50":0.149184,"51":0.149184,"52":0.81696,"53":9.384384,"54":0.078144,"55":null,"56":null},"opera":{"9":null,"9.5-9.6":null,"10.0-10.1":0,"10.5":null,"10.6":null,"11":null,"11.1":null,"11.5":null,"11.6":0.014208,"12":null,"12.1":0.156288,"15":null,"16":null,"17":null,"18":null,"19":null,"20":null,"21":null,"22":null,"23":null,"24":null,"25":null,"26":null,"27":null,"28":0.007104,"29":null,"30":null,"31":null,"32":null,"33":null,"34":null,"35":null,"36":0.028416,"37":0.007104,"38":null,"39":null,"40":null,"41":null,"42":0.007104,"43":0.170496,"44":0.163392,"45":0.227328,"46":0.007104},"safari":{"3.1":null,"3.2":null,"4":0.03552,"5":0.10656,"5.1":0.291264,"6":0.07104,"6.1":0.206016,"7":0.063936,"7.1":0.014208,"8":0.1776,"9":0.149184,"9.1":0.738816,"10":0.582528,"10.1":2.195136,"0":null},"ios_saf":{"3.2":0,"4.0-4.1":0,"4.2-4.3":0,"5.0-5.1":0,"6.0-6.1":0,"7.0-7.1":0.201209654336,"8":0,"8.1-8.4":0.223566282596,"9.0-9.2":1.033994057,"9.3":0.713549051951,"10.0-10.2":4.36513166768,"10.3":11.8955892864},"android":{"2.1":0,"2.2":0,"2.3":0,"3":0,"4":0,"4.1":0.0725375688185,"4.2-4.3":0.213506806334,"4.4":0.533767015834,"4.4.3-4.4.4":0.303836609013,"56":null},"op_mob":{"10":0,"11":0,"11.1":0,"11.5":0,"12":0,"12.1":0,"0":0.00055223059867},"ie":{"5.5":null,"6":0.0285458522468,"7":0.0214093891851,"8":0.342550226961,"9":0.50668887738,"10":0.292594985529,"11":17.5485626687},"edge":{"12":0.021312,"13":0.1776,"14":3.679872,"15":null},"bb":{"7":0.002172,"10":null},"samsung":{"4":0.712416,"5":null},"ie_mob":{"10":0.00238494117647,"11":0.0120950588235},"op_mini":{"0":0.123975769401},"and_chr":{"0":9.059504},"baidu":{"0":null},"and_ff":{"0":0.031856},"and_qq":{"1.2":null},"and_uc":{"0":0.234576}},"total":97.359196}