{"id":"KE","name":"Kenya","month":"2017-05","access_date":"2017-06-04","data":{"chrome":{"4":null,"5":null,"6":null,"7":null,"8":null,"9":null,"10":null,"11":0.03158,"12":null,"13":null,"14":null,"15":null,"16":null,"17":null,"18":0.003158,"19":null,"20":null,"21":null,"22":0.001579,"23":null,"24":null,"25":0.001579,"26":0.001579,"27":0.003158,"28":0.003158,"29":0.004737,"30":0.001579,"31":0.01579,"32":0.006316,"33":0.012632,"34":0.004737,"35":0.001579,"36":0.026843,"37":0.001579,"38":0.011053,"39":0.003158,"40":0.003158,"41":0.007895,"42":0.001579,"43":0.039475,"44":0.007895,"45":0.012632,"46":0.003158,"47":0.004737,"48":0.009474,"49":0.235271,"50":0.025264,"51":0.022106,"52":0.009474,"53":0.022106,"54":0.033159,"55":0.116846,"56":0.080529,"57":1.56321,"58":5.029115,"59":0.030001,"60":0.026843,"61":null},"firefox":{"2":null,"3":0.003158,"3.5":null,"3.6":0.003158,"4":0.001579,"5":null,"6":0.001579,"7":0.001579,"8":null,"9":null,"10":0.004737,"11":0.003158,"12":0.009474,"13":0.003158,"14":0.004737,"15":0.003158,"16":0.004737,"17":0.006316,"18":0.003158,"19":0.003158,"20":0.018948,"21":0.004737,"22":0.003158,"23":0.003158,"24":0.006316,"25":0.003158,"26":0.003158,"27":0.003158,"28":0.004737,"29":0.012632,"30":0.012632,"31":0.011053,"32":0.01579,"33":0.017369,"34":0.012632,"35":0.014211,"36":0.014211,"37":0.01579,"38":0.020527,"39":0.018948,"40":0.014211,"41":0.01579,"42":0.014211,"43":0.072634,"44":0.058423,"45":0.058423,"46":0.023685,"47":0.167374,"48":0.099477,"49":0.083687,"50":0.09474,"51":0.082108,"52":0.598441,"53":3.508538,"54":0.445278,"55":0.001579,"56":null},"opera":{"9":null,"9.5-9.6":null,"10.0-10.1":0,"10.5":null,"10.6":null,"11":null,"11.1":null,"11.5":null,"11.6":null,"12":null,"12.1":0.004737,"15":null,"16":null,"17":null,"18":null,"19":0.004737,"20":null,"21":null,"22":null,"23":null,"24":null,"25":null,"26":null,"27":null,"28":0.006316,"29":0.003158,"30":0.003158,"31":null,"32":0.004737,"33":0.001579,"34":0.003158,"35":0.003158,"36":0.014211,"37":0.01579,"38":null,"39":null,"40":0.006316,"41":0.003158,"42":0.028422,"43":0.120004,"44":0.113688,"45":0.140531,"46":null},"safari":{"3.1":null,"3.2":null,"4":0,"5":0.003158,"5.1":0.003158,"6":0.001579,"6.1":0.004737,"7":0.001579,"7.1":0.006316,"8":0.012632,"9":0.01579,"9.1":0.053686,"10":0.080529,"10.1":0.202112,"0":null},"ios_saf":{"3.2":0,"4.0-4.1":0,"4.2-4.3":0,"5.0-5.1":0,"6.0-6.1":0,"7.0-7.1":0.00726177198302,"8":0,"8.1-8.4":0.00806863553669,"9.0-9.2":0.0373174393572,"9.3":0.0257523950879,"10.0-10.2":0.157540108854,"10.3":0.429318649181},"android":{"2.1":0,"2.2":0,"2.3":0,"3":0,"4":0,"4.1":0.239736946407,"4.2-4.3":0.705640823386,"4.4":1.76410205847,"4.4.3-4.4.4":1.00418117174,"56":null},"op_mob":{"10":0,"11":0,"11.1":0,"11.5":0,"12":0,"12.1":0,"0":0.225742549889},"ie":{"5.5":null,"6":null,"7":null,"8":0.0644316778523,"9":0.0322158389262,"10":0.0241618791946,"11":0.359206604027},"edge":{"12":0.03158,"13":0.039475,"14":0.200533,"15":null},"bb":{"7":0.03999975,"10":null},"samsung":{"4":1.532622,"5":null},"ie_mob":{"10":0.224692094118,"11":1.13950990588},"op_mini":{"0":50.6792024501},"and_chr":{"0":15.793087},"baidu":{"0":null},"and_ff":{"0":0.042105},"and_qq":{"1.2":null},"and_uc":{"0":10.054674}},"total":98.75577975}