{"id":"KG","name":"Kyrgyzstan","month":"2017-05","access_date":"2017-06-04","data":{"chrome":{"4":0.018255,"5":null,"6":null,"7":0.006085,"8":0.018255,"9":0.01217,"10":0.042595,"11":0.03651,"12":0.030425,"13":0.079105,"14":0.02434,"15":0.018255,"16":0.030425,"17":0.04868,"18":0.02434,"19":0.03651,"20":0.02434,"21":0.03651,"22":0.054765,"23":0.030425,"24":0.030425,"25":0.01217,"26":0.03651,"27":0.006085,"28":0.02434,"29":null,"30":0.006085,"31":0.079105,"32":null,"33":0.018255,"34":0.018255,"35":0.018255,"36":0.02434,"37":null,"38":0.042595,"39":0.01217,"40":0.079105,"41":0.018255,"42":0.06085,"43":0.04868,"44":0.01217,"45":0.152125,"46":0.01217,"47":0.030425,"48":0.04868,"49":1.35087,"50":0.030425,"51":0.09736,"52":0.030425,"53":0.07302,"54":0.103445,"55":0.371185,"56":0.541565,"57":8.817165,"58":31.56898,"59":0.054765,"60":0.103445,"61":null},"firefox":{"2":0.01217,"3":0.042595,"3.5":0.054765,"3.6":0.2434,"4":0.01217,"5":null,"6":null,"7":0.006085,"8":0.018255,"9":0.006085,"10":0.006085,"11":null,"12":0.01217,"13":null,"14":0.02434,"15":null,"16":0.018255,"17":null,"18":null,"19":null,"20":null,"21":0.01217,"22":0.018255,"23":0.006085,"24":0.01217,"25":0.01217,"26":null,"27":null,"28":0.006085,"29":null,"30":null,"31":0.018255,"32":0.01217,"33":0.018255,"34":null,"35":0.018255,"36":0.018255,"37":null,"38":0.030425,"39":0.006085,"40":null,"41":null,"42":0.01217,"43":0.07302,"44":0.006085,"45":0.06085,"46":0.006085,"47":0.04868,"48":0.018255,"49":0.10953,"50":0.030425,"51":0.176465,"52":0.41378,"53":2.561785,"54":0.006085,"55":null,"56":null},"opera":{"9":null,"9.5-9.6":null,"10.0-10.1":0.018255,"10.5":0.02434,"10.6":0.018255,"11":0.018255,"11.1":0.01217,"11.5":0.01217,"11.6":0.079105,"12":0.04868,"12.1":0.456375,"15":null,"16":null,"17":null,"18":0.01217,"19":null,"20":0.006085,"21":null,"22":null,"23":null,"24":0.02434,"25":0.018255,"26":null,"27":0.042595,"28":null,"29":0.006085,"30":null,"31":0.006085,"32":null,"33":0.006085,"34":null,"35":0.01217,"36":0.200805,"37":0.01217,"38":null,"39":0.042595,"40":0.054765,"41":0.01217,"42":0.066935,"43":1.08313,"44":1.259595,"45":1.673375,"46":null},"safari":{"3.1":null,"3.2":null,"4":0.030425,"5":0.079105,"5.1":0.030425,"6":null,"6.1":0.01217,"7":null,"7.1":null,"8":0.02434,"9":0.054765,"9.1":0.054765,"10":0.13387,"10.1":0.54765,"0":null},"ios_saf":{"3.2":0,"4.0-4.1":0,"4.2-4.3":0,"5.0-5.1":0,"6.0-6.1":0,"7.0-7.1":0.0492608587022,"8":0,"8.1-8.4":0.0547342874469,"9.0-9.2":0.253146079442,"9.3":0.174693600768,"10.0-10.2":1.0686869624,"10.3":2.91232021124},"android":{"2.1":0,"2.2":0,"2.3":0,"3":0,"4":0,"4.1":0.209968699147,"4.2-4.3":0.618021076736,"4.4":1.54505269184,"4.4.3-4.4.4":0.879491532278,"56":null},"op_mob":{"10":0,"11":0,"11.1":0,"11.5":0,"12":0,"12.1":0,"0":0.0139723725055},"ie":{"5.5":null,"6":null,"7":null,"8":0.503212114286,"9":0.1467702,"10":0.111824914286,"11":0.461277771429},"edge":{"12":0.006085,"13":0.030425,"14":0.38944,"15":null},"bb":{"7":0.0048925,"10":null},"samsung":{"4":2.900274,"5":null},"ie_mob":{"10":0.0393241882353,"11":0.199429811765},"op_mini":{"0":3.13679762749},"and_chr":{"0":21.754161},"baidu":{"0":null},"and_ff":{"0":0.015656},"and_qq":{"1.2":null},"and_uc":{"0":3.401266}},"total":95.7486295}