{"id":"KH","name":"Cambodia","month":"2017-05","access_date":"2017-06-04","data":{"chrome":{"4":null,"5":null,"6":null,"7":null,"8":null,"9":null,"10":null,"11":0.069184,"12":null,"13":null,"14":null,"15":null,"16":null,"17":null,"18":null,"19":null,"20":0.004324,"21":null,"22":0.004324,"23":0.012972,"24":null,"25":0.017296,"26":null,"27":0.004324,"28":0.004324,"29":0.069184,"30":0.008648,"31":0.025944,"32":0.008648,"33":0.056212,"34":0.02162,"35":0.004324,"36":0.038916,"37":null,"38":0.073508,"39":0.012972,"40":0.012972,"41":0.012972,"42":0.04324,"43":0.601036,"44":0.017296,"45":0.103776,"46":0.047564,"47":0.051888,"48":0.112424,"49":0.436724,"50":0.069184,"51":1.833376,"52":0.038916,"53":0.609684,"54":1.141536,"55":1.699332,"56":1.487456,"57":3.770528,"58":13.283328,"59":0.224848,"60":0.224848,"61":null},"firefox":{"2":null,"3":0.02162,"3.5":null,"3.6":0.004324,"4":null,"5":null,"6":null,"7":null,"8":null,"9":null,"10":0.008648,"11":null,"12":0.012972,"13":0.004324,"14":null,"15":null,"16":0.004324,"17":null,"18":null,"19":null,"20":null,"21":0.008648,"22":null,"23":null,"24":null,"25":0.008648,"26":null,"27":0.008648,"28":0.008648,"29":0.025944,"30":0.030268,"31":0.012972,"32":0.012972,"33":0.103776,"34":0.025944,"35":0.030268,"36":0.038916,"37":0.047564,"38":0.06486,"39":0.051888,"40":0.060536,"41":0.060536,"42":0.051888,"43":0.198904,"44":0.051888,"45":0.06486,"46":0.051888,"47":0.358892,"48":0.307004,"49":0.246468,"50":0.449696,"51":0.38916,"52":0.436724,"53":4.45372,"54":0.8648,"55":null,"56":null},"opera":{"9":null,"9.5-9.6":null,"10.0-10.1":0,"10.5":null,"10.6":null,"11":null,"11.1":null,"11.5":null,"11.6":null,"12":null,"12.1":0.008648,"15":null,"16":null,"17":null,"18":null,"19":null,"20":null,"21":null,"22":null,"23":null,"24":null,"25":null,"26":null,"27":null,"28":null,"29":null,"30":null,"31":null,"32":null,"33":null,"34":0.008648,"35":null,"36":null,"37":0.012972,"38":0.008648,"39":null,"40":0.051888,"41":0.04324,"42":0.056212,"43":0.164312,"44":0.229172,"45":0.341596,"46":null},"safari":{"3.1":null,"3.2":null,"4":0.030268,"5":null,"5.1":0.008648,"6":0.004324,"6.1":null,"7":0.008648,"7.1":null,"8":0.082156,"9":0.073508,"9.1":0.12972,"10":0.406456,"10.1":0.592388,"0":null},"ios_saf":{"3.2":0,"4.0-4.1":0,"4.2-4.3":0,"5.0-5.1":0,"6.0-6.1":0,"7.0-7.1":0.239094185567,"8":0,"8.1-8.4":0.265660206186,"9.0-9.2":1.22867845361,"9.3":0.847898824742,"10.0-10.2":5.18701552577,"10.3":14.1353368041},"android":{"2.1":0,"2.2":0,"2.3":0,"3":0,"4":0,"4.1":0.362385982948,"4.2-4.3":1.06664553471,"4.4":2.66661383678,"4.4.3-4.4.4":1.51791864555,"56":null},"op_mob":{"10":0,"11":0,"11.1":0,"11.5":0,"12":0,"12.1":0,"0":0.0048076097561},"ie":{"5.5":null,"6":0.0147452897474,"7":0.0147452897474,"8":1.91688766716,"9":0.280160505201,"10":0.255585022288,"11":0.825736225854},"edge":{"12":0.04324,"13":0.056212,"14":0.423752,"15":null},"bb":{"7":0.002838,"10":null},"samsung":{"4":3.541824,"5":null},"ie_mob":{"10":0.0364599529412,"11":0.184904047059},"op_mini":{"0":1.07930839024},"and_chr":{"0":24.236132},"baidu":{"0":null},"and_ff":{"0":0.045408},"and_qq":{"1.2":null},"and_uc":{"0":0.800316}},"total":98.384554}