{"id":"KI","name":"Kiribati","month":"2017-05","access_date":"2017-06-04","data":{"chrome":{"4":null,"5":null,"6":null,"7":null,"8":null,"9":null,"10":null,"11":0.051025,"12":0.0157,"13":null,"14":null,"15":null,"16":null,"17":null,"18":0.00785,"19":null,"20":null,"21":null,"22":0.027475,"23":null,"24":null,"25":0.00785,"26":null,"27":null,"28":null,"29":null,"30":0.231575,"31":null,"32":0.00785,"33":null,"34":null,"35":0.05495,"36":null,"37":null,"38":0.090275,"39":null,"40":0.00785,"41":0.00785,"42":null,"43":0.035325,"44":0.0785,"45":null,"46":null,"47":null,"48":null,"49":0.00785,"50":null,"51":null,"52":0.255125,"53":0.098125,"54":0.0157,"55":0.2826,"56":1.809425,"57":3.638475,"58":11.535575,"59":null,"60":0.00785,"61":null},"firefox":{"2":null,"3":null,"3.5":null,"3.6":null,"4":0.098125,"5":null,"6":null,"7":null,"8":null,"9":0.00785,"10":0.0157,"11":null,"12":0.32185,"13":null,"14":null,"15":null,"16":null,"17":0.043175,"18":null,"19":null,"20":null,"21":0.00785,"22":null,"23":null,"24":null,"25":null,"26":null,"27":null,"28":0.027475,"29":null,"30":0.00785,"31":null,"32":0.380725,"33":0.019625,"34":0.00785,"35":0.019625,"36":0.00785,"37":0.372875,"38":0.0628,"39":0.05495,"40":null,"41":null,"42":0.027475,"43":0.310075,"44":0.294375,"45":0.035325,"46":0.035325,"47":0.1256,"48":0.60445,"49":0.176625,"50":0.1884,"51":0.1256,"52":1.118625,"53":6.44485,"54":0.765375,"55":null,"56":null},"opera":{"9":null,"9.5-9.6":null,"10.0-10.1":0,"10.5":null,"10.6":null,"11":null,"11.1":null,"11.5":null,"11.6":null,"12":null,"12.1":0.00785,"15":null,"16":null,"17":null,"18":null,"19":null,"20":null,"21":null,"22":null,"23":null,"24":null,"25":null,"26":null,"27":null,"28":0.00785,"29":null,"30":null,"31":null,"32":null,"33":null,"34":null,"35":null,"36":null,"37":null,"38":null,"39":null,"40":0.00785,"41":null,"42":0.043175,"43":1.4758,"44":0.105975,"45":0.498475,"46":null},"safari":{"3.1":null,"3.2":null,"4":0,"5":null,"5.1":null,"6":null,"6.1":null,"7":null,"7.1":null,"8":null,"9":0.035325,"9.1":null,"10":0.07065,"10.1":0.098125,"0":null},"ios_saf":{"3.2":0,"4.0-4.1":0,"4.2-4.3":0,"5.0-5.1":0,"6.0-6.1":0,"7.0-7.1":0.0159151000606,"8":0,"8.1-8.4":0.0176834445118,"9.0-9.2":0.0817859308672,"9.3":0.0564396604002,"10.0-10.2":0.345269254093,"10.3":0.940906610067},"android":{"2.1":0,"2.2":0,"2.3":0,"3":0,"4":0,"4.1":0.219617539586,"4.2-4.3":0.646421437272,"4.4":1.61605359318,"4.4.3-4.4.4":0.919907429963,"56":null},"op_mob":{"10":0,"11":0,"11.1":0,"11.5":0,"12":0,"12.1":0,"0":0.0049300443459},"ie":{"5.5":null,"6":null,"7":null,"8":0.212501953125,"9":0.0787044270833,"10":0.255789388021,"11":2.47525423177},"edge":{"12":0.60445,"13":0.40035,"14":0.514175,"15":null},"bb":{"7":0.01063125,"10":null},"samsung":{"4":4.3983,"5":null},"ie_mob":{"10":0.184108235294,"11":0.933691764706},"op_mini":{"0":1.10679495565},"and_chr":{"0":49.1864},"baidu":{"0":null},"and_ff":{"0":0.006075},"and_qq":{"1.2":null},"and_uc":{"0":1.549125}},"total":99.11543125}