{"id":"KM","name":"Comoros","month":"2017-05","access_date":"2017-06-04","data":{"chrome":{"4":null,"5":null,"6":null,"7":null,"8":null,"9":0.029477,"10":0.029477,"11":0.012633,"12":0.004211,"13":0.012633,"14":null,"15":null,"16":null,"17":null,"18":0.012633,"19":null,"20":null,"21":null,"22":0.012633,"23":null,"24":null,"25":0.025266,"26":0.012633,"27":0.004211,"28":null,"29":null,"30":null,"31":null,"32":0.075798,"33":0.012633,"34":0.071587,"35":0.067376,"36":0.046321,"37":null,"38":0.050532,"39":0.029477,"40":0.012633,"41":0.016844,"42":0.012633,"43":1.124337,"44":0.004211,"45":0.328458,"46":0.012633,"47":0.185284,"48":0.033688,"49":1.073805,"50":0.016844,"51":0.046321,"52":0.063165,"53":0.096853,"54":0.033688,"55":0.917998,"56":0.277926,"57":5.878556,"58":12.468771,"59":null,"60":0.012633,"61":null},"firefox":{"2":null,"3":0.290559,"3.5":0.092642,"3.6":null,"4":null,"5":null,"6":null,"7":null,"8":null,"9":0.008422,"10":0.408467,"11":0.012633,"12":0.054743,"13":0.025266,"14":0.016844,"15":null,"16":null,"17":null,"18":null,"19":0.012633,"20":0.021055,"21":0.04211,"22":null,"23":null,"24":0.012633,"25":0.004211,"26":0.012633,"27":null,"28":null,"29":0.012633,"30":0.029477,"31":0.092642,"32":null,"33":0.054743,"34":0.008422,"35":0.101064,"36":0.202128,"37":0.004211,"38":0.105275,"39":0.143174,"40":0.021055,"41":0.012633,"42":0.021055,"43":0.298981,"44":0.092642,"45":0.290559,"46":0.054743,"47":0.160018,"48":0.202128,"49":0.467421,"50":0.193706,"51":0.160018,"52":0.665338,"53":7.365039,"54":0.08422,"55":null,"56":null},"opera":{"9":null,"9.5-9.6":null,"10.0-10.1":0,"10.5":null,"10.6":0.012633,"11":null,"11.1":null,"11.5":null,"11.6":0.008422,"12":null,"12.1":null,"15":0.063165,"16":null,"17":null,"18":0.004211,"19":null,"20":null,"21":null,"22":null,"23":null,"24":null,"25":null,"26":null,"27":null,"28":0.008422,"29":null,"30":null,"31":null,"32":null,"33":null,"34":0.025266,"35":null,"36":0.008422,"37":0.016844,"38":null,"39":null,"40":null,"41":null,"42":0.092642,"43":0.484265,"44":0.513742,"45":0.328458,"46":null},"safari":{"3.1":null,"3.2":null,"4":0,"5":0.008422,"5.1":0.029477,"6":null,"6.1":null,"7":null,"7.1":null,"8":null,"9":0.025266,"9.1":0.290559,"10":0.109486,"10.1":0.04211,"0":null},"ios_saf":{"3.2":0,"4.0-4.1":0,"4.2-4.3":0,"5.0-5.1":0,"6.0-6.1":0,"7.0-7.1":0.0211058023044,"8":0,"8.1-8.4":0.0234508914494,"9.0-9.2":0.108460372953,"9.3":0.0748474285426,"10.0-10.2":0.457878655549,"10.3":1.2477828492},"android":{"2.1":0,"2.2":0,"2.3":0,"3":0,"4":0,"4.1":0.514226786845,"4.2-4.3":1.51357318392,"4.4":3.78393295981,"4.4.3-4.4.4":2.15393106943,"56":null},"op_mob":{"10":0,"11":0,"11.1":0,"11.5":0,"12":0,"12.1":0,"0":0.0424355521064},"ie":{"5.5":null,"6":null,"7":0.00423913585746,"8":0.258587287305,"9":0.0127174075724,"10":0.601957291759,"11":1.02587087751},"edge":{"12":0.138963,"13":0.341091,"14":0.960108,"15":null},"bb":{"7":0.01302525,"10":null},"samsung":{"4":1.221479,"5":null},"ie_mob":{"10":0.116324847059,"11":0.589933152941},"op_mini":{"0":9.52678144789},"and_chr":{"0":35.446741},"baidu":{"0":null},"and_ff":{"0":0.034734},"and_qq":{"1.2":null},"and_uc":{"0":1.609342}},"total":98.90032025}