{"id":"KN","name":"Saint Kitts and Nevis","month":"2017-05","access_date":"2017-06-04","data":{"chrome":{"4":null,"5":null,"6":null,"7":null,"8":null,"9":null,"10":null,"11":null,"12":null,"13":null,"14":null,"15":0.011526,"16":null,"17":null,"18":null,"19":null,"20":null,"21":null,"22":0.017289,"23":0.080682,"24":null,"25":null,"26":null,"27":null,"28":null,"29":null,"30":null,"31":0.005763,"32":0.028815,"33":null,"34":0.017289,"35":null,"36":null,"37":null,"38":0.011526,"39":0.005763,"40":null,"41":0.017289,"42":null,"43":0.05763,"44":0.05763,"45":0.051867,"46":null,"47":null,"48":null,"49":0.812583,"50":0.051867,"51":null,"52":0.011526,"53":0.034578,"54":0.086445,"55":0.501381,"56":0.28815,"57":8.477373,"58":23.910687,"59":0.103734,"60":0.149838,"61":null},"firefox":{"2":null,"3":null,"3.5":null,"3.6":null,"4":null,"5":null,"6":null,"7":null,"8":null,"9":null,"10":0.005763,"11":null,"12":null,"13":null,"14":null,"15":null,"16":0.005763,"17":0.011526,"18":null,"19":null,"20":null,"21":null,"22":null,"23":null,"24":0.017289,"25":null,"26":null,"27":null,"28":null,"29":null,"30":null,"31":0.011526,"32":0.011526,"33":null,"34":null,"35":null,"36":null,"37":null,"38":0.046104,"39":null,"40":0.011526,"41":null,"42":0.011526,"43":null,"44":null,"45":2.616402,"46":null,"47":0.028815,"48":0.126786,"49":0.092208,"50":0.121023,"51":0.034578,"52":0.616641,"53":3.86121,"54":0.069156,"55":null,"56":null},"opera":{"9":null,"9.5-9.6":null,"10.0-10.1":0,"10.5":null,"10.6":null,"11":null,"11.1":null,"11.5":null,"11.6":null,"12":null,"12.1":0.011526,"15":null,"16":null,"17":null,"18":null,"19":null,"20":null,"21":null,"22":null,"23":null,"24":null,"25":null,"26":null,"27":null,"28":null,"29":null,"30":null,"31":null,"32":null,"33":null,"34":null,"35":null,"36":null,"37":null,"38":null,"39":null,"40":null,"41":0.017289,"42":null,"43":0.547485,"44":0.126786,"45":0.409173,"46":null},"safari":{"3.1":null,"3.2":null,"4":0,"5":0.017289,"5.1":0.028815,"6":null,"6.1":0.005763,"7":0.011526,"7.1":0.005763,"8":0.109497,"9":0.046104,"9.1":0.328491,"10":0.852924,"10.1":2.800818,"0":null},"ios_saf":{"3.2":0,"4.0-4.1":0,"4.2-4.3":0,"5.0-5.1":0,"6.0-6.1":0,"7.0-7.1":0.0981884281383,"8":0,"8.1-8.4":0.109098253487,"9.0-9.2":0.504579422377,"9.3":0.348205259046,"10.0-10.2":2.13014339933,"10.3":5.80493623762},"android":{"2.1":0,"2.2":0,"2.3":0,"3":0,"4":0,"4.1":0.139495870889,"4.2-4.3":0.410591619976,"4.4":1.02647904994,"4.4.3-4.4.4":0.584303459196,"56":null},"op_mob":{"10":0,"11":0,"11.1":0,"11.5":0,"12":0,"12.1":0,"0":0.00120251884701},"ie":{"5.5":null,"6":null,"7":null,"8":0.074919,"9":0.046104,"10":0.069156,"11":3.123546},"edge":{"12":0.144075,"13":0.316965,"14":3.34254,"15":null},"bb":{"7":0.0444885,"10":null},"samsung":{"4":4.292081,"5":null},"ie_mob":{"10":0.0607137176471,"11":0.307905282353},"op_mini":{"0":0.269965481153},"and_chr":{"0":27.103415},"baidu":{"0":null},"and_ff":{"0":0.021185},"and_qq":{"1.2":null},"and_uc":{"0":0.309301}},"total":98.4934315}