{"id":"KP","name":"North Korea","month":"2017-05","access_date":"2017-06-04","data":{"chrome":{"4":null,"5":null,"6":null,"7":null,"8":null,"9":null,"10":null,"11":0.076544,"12":0.076544,"13":null,"14":null,"15":null,"16":null,"17":null,"18":null,"19":null,"20":null,"21":null,"22":11.605984,"23":null,"24":null,"25":null,"26":0.420992,"27":null,"28":0.679328,"29":null,"30":2.832128,"31":0.028704,"32":0.04784,"33":null,"34":0.468832,"35":0.028704,"36":0.727168,"37":null,"38":7.70224,"39":null,"40":7.443904,"41":null,"42":null,"43":0.04784,"44":1.090752,"45":1.53088,"46":null,"47":1.511744,"48":1.875328,"49":1.846624,"50":0.258336,"51":null,"52":0.133952,"53":0.545376,"54":0.650624,"55":0.803712,"56":5.224128,"57":7.730944,"58":6.946368,"59":null,"60":null,"61":null},"firefox":{"2":null,"3":null,"3.5":null,"3.6":null,"4":null,"5":null,"6":null,"7":null,"8":null,"9":null,"10":null,"11":null,"12":0.028704,"13":null,"14":0.133952,"15":null,"16":null,"17":0.076544,"18":null,"19":null,"20":null,"21":null,"22":null,"23":null,"24":0.153088,"25":null,"26":null,"27":0.04784,"28":0.028704,"29":null,"30":null,"31":null,"32":null,"33":null,"34":null,"35":null,"36":null,"37":0.105248,"38":null,"39":0.076544,"40":null,"41":null,"42":0.440128,"43":0.468832,"44":null,"45":0.105248,"46":null,"47":0.229632,"48":0.028704,"49":0.516672,"50":null,"51":0.545376,"52":4.296032,"53":10.95536,"54":0.420992,"55":null,"56":null},"opera":{"9":null,"9.5-9.6":null,"10.0-10.1":0,"10.5":null,"10.6":null,"11":null,"11.1":null,"11.5":null,"11.6":null,"12":null,"12.1":null,"15":null,"16":null,"17":null,"18":null,"19":null,"20":null,"21":null,"22":null,"23":null,"24":null,"25":null,"26":null,"27":null,"28":null,"29":null,"30":null,"31":null,"32":null,"33":null,"34":null,"35":null,"36":null,"37":null,"38":null,"39":null,"40":null,"41":null,"42":null,"43":0.133952,"44":0.181792,"45":0.229632,"46":null},"safari":{"3.1":null,"3.2":null,"4":0,"5":null,"5.1":null,"6":null,"6.1":null,"7":null,"7.1":null,"8":0.33488,"9":null,"9.1":null,"10":0.650624,"10.1":0.602784,"0":null},"ios_saf":{"3.2":0,"4.0-4.1":0,"4.2-4.3":0,"5.0-5.1":0,"6.0-6.1":0,"7.0-7.1":0.00804007277138,"8":0,"8.1-8.4":0.00893341419042,"9.0-9.2":0.0413170406307,"9.3":0.0285124802911,"10.0-10.2":0.174424912068,"10.3":0.475332080049},"android":{"2.1":0,"2.2":0,"2.3":0,"3":0,"4":0,"4.1":0.00432263093788,"4.2-4.3":0.0127232155907,"4.4":0.0318080389769,"4.4.3-4.4.4":0.0181061144945,"56":null},"op_mob":{"10":0,"11":0,"11.1":0,"11.5":0,"12":0,"12.1":0,"0":0},"ie":{"5.5":null,"6":null,"7":null,"8":0.337688218029,"9":7.41949256184,"10":null,"11":1.44723522013},"edge":{"12":0.62192,"13":0.57408,"14":0.497536,"15":null},"bb":{"7":0.092124,"10":null},"samsung":{"4":0.26784,"5":null},"ie_mob":{"10":0,"11":0},"op_mini":{"0":0},"and_chr":{"0":3.698032},"baidu":{"0":null},"and_ff":{"0":null},"and_qq":{"1.2":null},"and_uc":{"0":0.13392}},"total":99.020172}