{"id":"KR","name":"South Korea","month":"2017-05","access_date":"2017-06-04","data":{"chrome":{"4":null,"5":null,"6":null,"7":null,"8":null,"9":null,"10":null,"11":0.01152,"12":null,"13":null,"14":null,"15":null,"16":null,"17":null,"18":0.00576,"19":null,"20":null,"21":null,"22":null,"23":null,"24":null,"25":null,"26":null,"27":0.0576,"28":0.00576,"29":0.01152,"30":null,"31":0.576,"32":0.00576,"33":0.00576,"34":0.01152,"35":null,"36":0.00576,"37":null,"38":0.01152,"39":0.00576,"40":0.01152,"41":0.0288,"42":0.1152,"43":0.04032,"44":0.0288,"45":0.07488,"46":0.01728,"47":0.02304,"48":0.04032,"49":0.8064,"50":0.04608,"51":0.10368,"52":0.36288,"53":0.05184,"54":0.09792,"55":0.16704,"56":0.29952,"57":5.48352,"58":21.18528,"59":0.04032,"60":0.04032,"61":null},"firefox":{"2":null,"3":null,"3.5":null,"3.6":null,"4":null,"5":null,"6":null,"7":null,"8":null,"9":null,"10":null,"11":null,"12":null,"13":null,"14":null,"15":null,"16":null,"17":null,"18":null,"19":null,"20":null,"21":0.02304,"22":null,"23":null,"24":null,"25":0.00576,"26":null,"27":null,"28":0.00576,"29":null,"30":null,"31":0.00576,"32":null,"33":null,"34":null,"35":null,"36":null,"37":0.01728,"38":null,"39":null,"40":null,"41":null,"42":null,"43":null,"44":null,"45":0.0288,"46":null,"47":0.01728,"48":0.0288,"49":0.01152,"50":0.02304,"51":0.01152,"52":0.07488,"53":0.76032,"54":0.01728,"55":null,"56":null},"opera":{"9":null,"9.5-9.6":null,"10.0-10.1":0,"10.5":null,"10.6":null,"11":null,"11.1":null,"11.5":null,"11.6":null,"12":null,"12.1":0.01152,"15":null,"16":null,"17":null,"18":null,"19":null,"20":null,"21":null,"22":null,"23":null,"24":null,"25":null,"26":null,"27":null,"28":0.0288,"29":null,"30":null,"31":null,"32":null,"33":null,"34":null,"35":null,"36":null,"37":null,"38":null,"39":null,"40":null,"41":null,"42":null,"43":0.21312,"44":0.03456,"45":0.10944,"46":null},"safari":{"3.1":null,"3.2":null,"4":0.00576,"5":null,"5.1":0.02304,"6":0.01728,"6.1":0.01728,"7":0.01152,"7.1":null,"8":0.06912,"9":0.0576,"9.1":0.22464,"10":0.27072,"10.1":0.74304,"0":null},"ios_saf":{"3.2":0,"4.0-4.1":0,"4.2-4.3":0,"5.0-5.1":0,"6.0-6.1":0,"7.0-7.1":0.0858802377198,"8":0,"8.1-8.4":0.0954224863554,"9.0-9.2":0.441328999394,"9.3":0.304556768951,"10.0-10.2":1.86312404609,"10.3":5.07727146149},"android":{"2.1":0,"2.2":0,"2.3":0,"3":0,"4":0,"4.1":0.0766221193666,"4.2-4.3":0.225529257004,"4.4":0.563823142509,"4.4.3-4.4.4":0.320945481121,"56":null},"op_mob":{"10":0,"11":0,"11.1":0,"11.5":0,"12":0,"12.1":0,"0":0.000375964523282},"ie":{"5.5":null,"6":0.0288996805112,"7":0.0173398083067,"8":0.624233099042,"9":0.710932140575,"10":1.05772830671,"11":19.2703069649},"edge":{"12":0.01728,"13":0.06912,"14":1.2096,"15":null},"bb":{"7":0.004239,"10":null},"samsung":{"4":11.169765,"5":null},"ie_mob":{"10":0.00418912941176,"11":0.0212448705882},"op_mini":{"0":0.0844040354767},"and_chr":{"0":22.379544},"baidu":{"0":null},"and_ff":{"0":0.016956},"and_qq":{"1.2":null},"and_uc":{"0":0.173799}},"total":98.562141}