{"id":"KW","name":"Kuwait","month":"2017-05","access_date":"2017-06-04","data":{"chrome":{"4":null,"5":null,"6":null,"7":null,"8":null,"9":null,"10":null,"11":0.007234,"12":null,"13":null,"14":null,"15":null,"16":null,"17":null,"18":0.003617,"19":0.437657,"20":null,"21":0.007234,"22":0.003617,"23":null,"24":1.33829,"25":null,"26":0.003617,"27":0.003617,"28":0.007234,"29":0.007234,"30":0.604039,"31":0.054255,"32":0.007234,"33":0.014468,"34":0.014468,"35":0.958505,"36":0.007234,"37":null,"38":0.018085,"39":0.025319,"40":0.010851,"41":0.003617,"42":null,"43":0.119361,"44":0.079574,"45":0.018085,"46":0.007234,"47":0.010851,"48":0.007234,"49":0.481061,"50":0.007234,"51":0.043404,"52":0.010851,"53":0.039787,"54":0.057872,"55":0.130212,"56":0.169999,"57":3.512107,"58":10.171004,"59":0.043404,"60":0.065106,"61":null},"firefox":{"2":0.387019,"3":0.007234,"3.5":null,"3.6":0.007234,"4":null,"5":null,"6":0.007234,"7":null,"8":null,"9":null,"10":null,"11":null,"12":0.003617,"13":null,"14":null,"15":0.571486,"16":null,"17":null,"18":0.423189,"19":null,"20":null,"21":0.661911,"22":null,"23":0.61489,"24":null,"25":0.983824,"26":null,"27":0.003617,"28":0.007234,"29":null,"30":null,"31":null,"32":null,"33":null,"34":null,"35":null,"36":null,"37":null,"38":0.010851,"39":0.010851,"40":0.010851,"41":0.010851,"42":null,"43":0.018085,"44":0.122978,"45":0.025319,"46":0.018085,"47":0.054255,"48":0.188084,"49":0.025319,"50":0.047021,"51":0.021702,"52":0.155531,"53":1.815734,"54":0.075957,"55":null,"56":null},"opera":{"9":null,"9.5-9.6":null,"10.0-10.1":0.520848,"10.5":null,"10.6":null,"11":null,"11.1":null,"11.5":null,"11.6":null,"12":null,"12.1":0.003617,"15":null,"16":null,"17":null,"18":null,"19":null,"20":null,"21":null,"22":null,"23":null,"24":null,"25":null,"26":null,"27":null,"28":null,"29":null,"30":null,"31":null,"32":null,"33":null,"34":null,"35":null,"36":0.003617,"37":null,"38":null,"39":null,"40":null,"41":null,"42":0.007234,"43":0.10851,"44":0.079574,"45":0.10851,"46":null},"safari":{"3.1":null,"3.2":null,"4":0,"5":0.517231,"5.1":0.043404,"6":0.010851,"6.1":0.021702,"7":0.014468,"7.1":null,"8":0.101276,"9":0.115744,"9.1":0.307445,"10":0.354466,"10.1":0.853612,"0":null},"ios_saf":{"3.2":0,"4.0-4.1":0,"4.2-4.3":0,"5.0-5.1":0,"6.0-6.1":0,"7.0-7.1":0.156420272893,"8":0,"8.1-8.4":0.173800303214,"9.0-9.2":0.803826402365,"9.3":0.554712634425,"10.0-10.2":3.39345092025,"10.3":9.24762446685},"android":{"2.1":0,"2.2":0,"2.3":0,"3":0,"4":0,"4.1":0.0799391059683,"4.2-4.3":0.23529246285,"4.4":0.588231157125,"4.4.3-4.4.4":0.334839274056,"56":null},"op_mob":{"10":0,"11":0,"11.1":0,"11.5":0,"12":0,"12.1":0,"0":0.014634195122},"ie":{"5.5":null,"6":null,"7":0.0036432967614,"8":1.11120551223,"9":1.14399518308,"10":1.21686111831,"11":2.02567299934},"edge":{"12":0.03617,"13":0.068723,"14":0.647443,"15":null},"bb":{"7":0.00478725,"10":null},"samsung":{"4":4.672356,"5":null},"ie_mob":{"10":0.0199750352941,"11":0.101301964706},"op_mini":{"0":3.28537680488},"and_chr":{"0":23.166032},"baidu":{"0":null},"and_ff":{"0":0.012766},"and_qq":{"1.2":null},"and_uc":{"0":16.997929}},"total":98.0708873597}