{"id":"KY","name":"Cayman Islands","month":"2017-05","access_date":"2017-06-04","data":{"chrome":{"4":null,"5":null,"6":null,"7":null,"8":null,"9":null,"10":null,"11":0.010576,"12":0.010576,"13":null,"14":null,"15":null,"16":null,"17":null,"18":null,"19":null,"20":null,"21":0.010576,"22":0.021152,"23":null,"24":null,"25":0.010576,"26":0.021152,"27":0.010576,"28":null,"29":null,"30":null,"31":0.005288,"32":null,"33":null,"34":0.031728,"35":null,"36":0.18508,"37":0.021152,"38":0.042304,"39":0.010576,"40":0.243248,"41":0.010576,"42":null,"43":0.015864,"44":0.031728,"45":0.010576,"46":0.015864,"47":0.010576,"48":0.021152,"49":0.835504,"50":0.021152,"51":0.058168,"52":null,"53":0.084608,"54":0.1322,"55":0.31728,"56":0.301416,"57":7.646448,"58":20.866448,"59":0.089896,"60":0.02644,"61":null},"firefox":{"2":0.005288,"3":0.021152,"3.5":0.02644,"3.6":0.047592,"4":null,"5":null,"6":null,"7":null,"8":0.042304,"9":null,"10":null,"11":null,"12":0.015864,"13":0.005288,"14":null,"15":null,"16":null,"17":null,"18":null,"19":null,"20":null,"21":null,"22":0.005288,"23":0.047592,"24":0.005288,"25":null,"26":0.010576,"27":0.1322,"28":0.005288,"29":0.010576,"30":null,"31":0.005288,"32":0.02644,"33":0.021152,"34":0.005288,"35":0.005288,"36":0.1322,"37":0.015864,"38":0.037016,"39":0.02644,"40":0.015864,"41":0.021152,"42":0.005288,"43":0.05288,"44":0.02644,"45":0.10576,"46":0.015864,"47":0.142776,"48":0.100472,"49":0.031728,"50":0.100472,"51":0.200944,"52":0.655712,"53":3.99244,"54":0.063456,"55":null,"56":null},"opera":{"9":null,"9.5-9.6":null,"10.0-10.1":0,"10.5":null,"10.6":null,"11":null,"11.1":null,"11.5":null,"11.6":null,"12":null,"12.1":0.015864,"15":null,"16":null,"17":null,"18":null,"19":null,"20":null,"21":null,"22":null,"23":null,"24":null,"25":null,"26":null,"27":null,"28":0.005288,"29":null,"30":null,"31":null,"32":null,"33":null,"34":null,"35":null,"36":0.010576,"37":null,"38":null,"39":null,"40":null,"41":null,"42":null,"43":0.10576,"44":0.058168,"45":0.10576,"46":null},"safari":{"3.1":null,"3.2":null,"4":0,"5":null,"5.1":0.089896,"6":null,"6.1":0.063456,"7":0.015864,"7.1":null,"8":0.111048,"9":0.174504,"9.1":0.571104,"10":0.824928,"10.1":2.903112,"0":null},"ios_saf":{"3.2":0,"4.0-4.1":0,"4.2-4.3":0,"5.0-5.1":0,"6.0-6.1":0,"7.0-7.1":0.205687801092,"8":0,"8.1-8.4":0.228542001213,"9.0-9.2":1.05700675561,"9.3":0.729429887204,"10.0-10.2":4.46228257368,"10.3":12.1603389812},"android":{"2.1":0,"2.2":0,"2.3":0,"3":0,"4":0,"4.1":0.104031317905,"4.2-4.3":0.306205388551,"4.4":0.765513471376,"4.4.3-4.4.4":0.435753822168,"56":null},"op_mob":{"10":0,"11":0,"11.1":0,"11.5":0,"12":0,"12.1":0,"0":0.00382392904656},"ie":{"5.5":null,"6":null,"7":0.010576,"8":0.111048,"9":0.07932,"10":0.359584,"11":5.647584},"edge":{"12":0.089896,"13":0.206232,"14":2.3796,"15":null},"bb":{"7":0.050654,"10":null},"samsung":{"4":5.263304,"5":null},"ie_mob":{"10":0.0403568941176,"11":0.204667105882},"op_mini":{"0":0.858472070953},"and_chr":{"0":20.006848},"baidu":{"0":null},"and_ff":{"0":0.042408},"and_qq":{"1.2":null},"and_uc":{"0":0.513608}},"total":98.695518}