{"id":"KZ","name":"Kazakhstan","month":"2017-05","access_date":"2017-06-04","data":{"chrome":{"4":0.020907,"5":0.013938,"6":0.013938,"7":null,"8":0.006969,"9":0.013938,"10":0.013938,"11":0.034845,"12":0.020907,"13":0.020907,"14":0.027876,"15":0.027876,"16":0.041814,"17":0.048783,"18":0.034845,"19":0.027876,"20":0.034845,"21":0.055752,"22":0.076659,"23":0.041814,"24":0.048783,"25":0.034845,"26":0.048783,"27":0.041814,"28":0.055752,"29":0.027876,"30":0.020907,"31":0.06969,"32":0.013938,"33":0.013938,"34":0.041814,"35":0.041814,"36":0.027876,"37":0.020907,"38":0.041814,"39":0.055752,"40":0.090597,"41":0.041814,"42":0.020907,"43":0.153318,"44":0.041814,"45":0.146349,"46":0.027876,"47":0.062721,"48":0.132411,"49":1.351986,"50":0.083628,"51":0.146349,"52":0.062721,"53":0.146349,"54":0.174225,"55":0.285729,"56":0.752652,"57":8.43249,"58":28.775001,"59":0.062721,"60":0.216039,"61":null},"firefox":{"2":0.013938,"3":0.041814,"3.5":0.083628,"3.6":0.292698,"4":0.013938,"5":null,"6":null,"7":0.006969,"8":null,"9":0.006969,"10":0.013938,"11":0.013938,"12":0.020907,"13":0.006969,"14":0.013938,"15":0.013938,"16":0.013938,"17":0.013938,"18":null,"19":0.006969,"20":0.013938,"21":0.013938,"22":null,"23":0.006969,"24":0.006969,"25":0.006969,"26":null,"27":null,"28":0.020907,"29":null,"30":0.006969,"31":0.013938,"32":0.020907,"33":0.013938,"34":0.013938,"35":0.013938,"36":0.020907,"37":0.013938,"38":0.027876,"39":0.027876,"40":0.027876,"41":0.041814,"42":0.020907,"43":0.083628,"44":0.020907,"45":0.257853,"46":0.020907,"47":0.160287,"48":0.648117,"49":0.083628,"50":0.153318,"51":0.153318,"52":0.878094,"53":4.913145,"54":0.027876,"55":null,"56":null},"opera":{"9":null,"9.5-9.6":null,"10.0-10.1":0.006969,"10.5":0.020907,"10.6":0.027876,"11":0.013938,"11.1":0.013938,"11.5":0.027876,"11.6":0.097566,"12":0.097566,"12.1":0.759621,"15":null,"16":null,"17":null,"18":0.013938,"19":0.006969,"20":0.020907,"21":0.013938,"22":null,"23":null,"24":0.006969,"25":0.006969,"26":0.013938,"27":0.06969,"28":0.013938,"29":0.013938,"30":0.041814,"31":null,"32":0.006969,"33":0.013938,"34":0.006969,"35":null,"36":0.202101,"37":0.027876,"38":0.041814,"39":0.034845,"40":0.020907,"41":0.048783,"42":0.118473,"43":1.442583,"44":1.470459,"45":1.888599,"46":0.048783},"safari":{"3.1":null,"3.2":null,"4":0.041814,"5":0.048783,"5.1":0.034845,"6":0.020907,"6.1":0.013938,"7":0.006969,"7.1":null,"8":0.055752,"9":0.034845,"9.1":0.174225,"10":0.376326,"10.1":0.843249,"0":null},"ios_saf":{"3.2":0,"4.0-4.1":0,"4.2-4.3":0,"5.0-5.1":0,"6.0-6.1":0,"7.0-7.1":0.0692581928441,"8":0,"8.1-8.4":0.0769535476046,"9.0-9.2":0.355910157671,"9.3":0.245610072771,"10.0-10.2":1.50251801698,"10.3":4.09457001213},"android":{"2.1":0,"2.2":0,"2.3":0,"3":0,"4":0,"4.1":0.0923245797808,"4.2-4.3":0.271747819732,"4.4":0.67936954933,"4.4.3-4.4.4":0.386718051157,"56":null},"op_mob":{"10":0,"11":0,"11.1":0,"11.5":0,"12":0,"12.1":0,"0":0.00237831485588},"ie":{"5.5":null,"6":0.0073741744186,"7":0.0073741744186,"8":0.250721930233,"9":0.0958642674419,"10":0.154857662791,"11":1.3863447907},"edge":{"12":0.020907,"13":0.111504,"14":0.794466,"15":null},"bb":{"7":0.0053025,"10":null},"samsung":{"4":2.79669,"5":null},"ie_mob":{"10":0.0214595294118,"11":0.108830470588},"op_mini":{"0":0.533931685144},"and_chr":{"0":17.117379},"baidu":{"0":null},"and_ff":{"0":0.01515},"and_qq":{"1.2":null},"and_uc":{"0":1.63317}},"total":91.8591465}