{"id":"LA","name":"Lao","month":"2017-05","access_date":"2017-06-04","data":{"chrome":{"4":null,"5":null,"6":null,"7":null,"8":null,"9":null,"10":null,"11":0.078108,"12":0.003396,"13":null,"14":null,"15":0.000849,"16":0.001698,"17":null,"18":null,"19":0.000849,"20":0.011037,"21":0.002547,"22":0.002547,"23":0.002547,"24":0.001698,"25":0.001698,"26":0.001698,"27":0.002547,"28":0.006792,"29":0.004245,"30":0.005943,"31":0.029715,"32":0.005094,"33":0.031413,"34":0.005094,"35":0.005094,"36":0.000849,"37":0.001698,"38":0.020376,"39":0.002547,"40":0.014433,"41":0.002547,"42":0.001698,"43":1.225956,"44":0.00849,"45":0.026319,"46":0.006792,"47":0.005094,"48":0.003396,"49":0.067071,"50":0.016131,"51":0.010188,"52":0.009339,"53":0.024621,"54":0.018678,"55":0.06792,"56":0.078957,"57":0.799758,"58":2.622561,"59":0.019527,"60":0.027168,"61":null},"firefox":{"2":null,"3":null,"3.5":null,"3.6":0.001698,"4":0.001698,"5":null,"6":0.004245,"7":null,"8":null,"9":0.003396,"10":0.002547,"11":0.001698,"12":0.007641,"13":0.001698,"14":0.001698,"15":0.000849,"16":0.001698,"17":0.000849,"18":0.001698,"19":null,"20":null,"21":0.001698,"22":0.000849,"23":0.001698,"24":0.001698,"25":0.002547,"26":0.004245,"27":0.007641,"28":null,"29":0.005094,"30":0.016131,"31":0.005094,"32":0.000849,"33":0.003396,"34":0.004245,"35":0.015282,"36":0.001698,"37":0.001698,"38":0.005094,"39":0.005943,"40":0.010188,"41":0.004245,"42":0.00849,"43":0.024621,"44":0.010188,"45":0.009339,"46":0.00849,"47":0.069618,"48":0.02547,"49":0.01698,"50":0.018678,"51":0.024621,"52":0.078108,"53":0.907581,"54":0.107823,"55":null,"56":null},"opera":{"9":null,"9.5-9.6":null,"10.0-10.1":0,"10.5":null,"10.6":null,"11":null,"11.1":null,"11.5":null,"11.6":null,"12":null,"12.1":null,"15":null,"16":null,"17":null,"18":null,"19":null,"20":null,"21":0.005943,"22":null,"23":null,"24":null,"25":null,"26":null,"27":null,"28":null,"29":0.002547,"30":null,"31":null,"32":null,"33":null,"34":null,"35":0.000849,"36":null,"37":0.003396,"38":0.004245,"39":null,"40":null,"41":null,"42":0.001698,"43":0.016131,"44":0.017829,"45":0.020376,"46":null},"safari":{"3.1":null,"3.2":null,"4":0,"5":null,"5.1":0.002547,"6":null,"6.1":0.003396,"7":0.001698,"7.1":null,"8":0.011886,"9":0.004245,"9.1":0.033111,"10":0.037356,"10.1":0.092541,"0":null},"ios_saf":{"3.2":0,"4.0-4.1":0,"4.2-4.3":0,"5.0-5.1":0,"6.0-6.1":0,"7.0-7.1":0.185594932686,"8":0,"8.1-8.4":0.206216591874,"9.0-9.2":0.953751737417,"9.3":0.658174622397,"10.0-10.2":4.02637895634,"10.3":10.9724411593},"android":{"2.1":0,"2.2":0,"2.3":0,"3":0,"4":0,"4.1":0.421202361754,"4.2-4.3":1.23976544214,"4.4":3.09941360536,"4.4.3-4.4.4":1.76428159074,"56":null},"op_mob":{"10":0,"11":0,"11.1":0,"11.5":0,"12":0,"12.1":0,"0":0.00519435920177},"ie":{"5.5":null,"6":null,"7":null,"8":0.0345806788512,"9":0.0198838903394,"10":0.0190193733681,"11":0.257626057441},"edge":{"12":0.011037,"13":0.017829,"14":0.073014,"15":null},"bb":{"7":0,"10":null},"samsung":{"4":13.946124,"5":null},"ie_mob":{"10":0.122085105882,"11":0.619145894118},"op_mini":{"0":1.1661336408},"and_chr":{"0":51.786862},"baidu":{"0":null},"and_ff":{"0":0.036604},"and_qq":{"1.2":null},"and_uc":{"0":1.070667}},"total":99.700297}