{"id":"LB","name":"Lebanon","month":"2017-05","access_date":"2017-06-04","data":{"chrome":{"4":null,"5":null,"6":null,"7":null,"8":0.009084,"9":null,"10":null,"11":0.018168,"12":null,"13":null,"14":0.009084,"15":0.02271,"16":0.004542,"17":0.02271,"18":0.004542,"19":0.02271,"20":0.009084,"21":0.009084,"22":0.009084,"23":0.004542,"24":null,"25":0.004542,"26":0.009084,"27":0.009084,"28":0.004542,"29":0.013626,"30":0.009084,"31":0.040878,"32":0.018168,"33":0.036336,"34":0.013626,"35":null,"36":0.122634,"37":0.004542,"38":0.031794,"39":0.004542,"40":0.009084,"41":0.009084,"42":0.009084,"43":0.09084,"44":0.049962,"45":0.013626,"46":0.02271,"47":0.018168,"48":0.02271,"49":0.949278,"50":0.027252,"51":0.059046,"52":0.054504,"53":0.04542,"54":0.099924,"55":0.240726,"56":0.367902,"57":6.644946,"58":20.59797,"59":0.104466,"60":0.127176,"61":null},"firefox":{"2":null,"3":null,"3.5":null,"3.6":0.009084,"4":null,"5":0.004542,"6":0.009084,"7":null,"8":0.018168,"9":null,"10":0.013626,"11":null,"12":0.018168,"13":null,"14":null,"15":null,"16":0.004542,"17":null,"18":null,"19":null,"20":null,"21":null,"22":0.004542,"23":null,"24":0.009084,"25":null,"26":null,"27":0.004542,"28":null,"29":0.009084,"30":0.009084,"31":0.004542,"32":null,"33":null,"34":null,"35":0.004542,"36":0.009084,"37":0.018168,"38":0.02271,"39":0.031794,"40":0.027252,"41":0.009084,"42":0.013626,"43":0.036336,"44":0.009084,"45":0.027252,"46":0.027252,"47":0.426948,"48":0.336108,"49":0.02271,"50":0.059046,"51":0.099924,"52":0.349734,"53":4.959864,"54":0.140802,"55":0.009084,"56":null},"opera":{"9":null,"9.5-9.6":null,"10.0-10.1":0,"10.5":null,"10.6":null,"11":null,"11.1":null,"11.5":null,"11.6":null,"12":null,"12.1":null,"15":null,"16":null,"17":null,"18":null,"19":null,"20":null,"21":null,"22":null,"23":null,"24":null,"25":null,"26":null,"27":null,"28":null,"29":null,"30":null,"31":null,"32":null,"33":null,"34":null,"35":null,"36":0.004542,"37":null,"38":0.013626,"39":null,"40":null,"41":null,"42":0.009084,"43":0.122634,"44":0.09084,"45":0.177138,"46":null},"safari":{"3.1":null,"3.2":null,"4":0.009084,"5":0.02271,"5.1":0.040878,"6":0.018168,"6.1":0.040878,"7":0.063588,"7.1":0.009084,"8":0.299772,"9":0.277062,"9.1":0.740346,"10":1.026492,"10.1":1.230882,"0":null},"ios_saf":{"3.2":0,"4.0-4.1":0,"4.2-4.3":0,"5.0-5.1":0,"6.0-6.1":0,"7.0-7.1":0.122395480898,"8":0,"8.1-8.4":0.135994978775,"9.0-9.2":0.628976776834,"9.3":0.43405064059,"10.0-10.2":2.65530196058,"10.3":7.23606616232},"android":{"2.1":0,"2.2":0,"2.3":0,"3":0,"4":0,"4.1":0.25479101218,"4.2-4.3":0.749950903776,"4.4":1.87487725944,"4.4.3-4.4.4":1.0672378246,"56":null},"op_mob":{"10":0,"11":0,"11.1":0,"11.5":0,"12":0,"12.1":0,"0":0.00409122394678},"ie":{"5.5":null,"6":null,"7":0.00911827924528,"8":0.250752679245,"9":0.132215049057,"10":0.109419350943,"11":1.91483864151},"edge":{"12":0.154428,"13":0.195306,"14":0.767598,"15":null},"bb":{"7":0.0136475,"10":null},"samsung":{"4":9.329431,"5":null},"ie_mob":{"10":0.00809216470588,"11":0.0410388352941},"op_mini":{"0":0.918479776053},"and_chr":{"0":26.850815},"baidu":{"0":null},"and_ff":{"0":0.010918},"and_qq":{"1.2":null},"and_uc":{"0":2.23819}},"total":99.0950305}