{"id":"LC","name":"Saint Lucia","month":"2017-05","access_date":"2017-06-04","data":{"chrome":{"4":null,"5":null,"6":null,"7":null,"8":null,"9":null,"10":null,"11":0.011454,"12":null,"13":null,"14":null,"15":null,"16":null,"17":null,"18":null,"19":null,"20":null,"21":null,"22":0.05727,"23":null,"24":null,"25":null,"26":0.005727,"27":null,"28":null,"29":0.005727,"30":null,"31":0.017181,"32":0.011454,"33":null,"34":0.011454,"35":0.034362,"36":0.005727,"37":0.074451,"38":0.028635,"39":0.028635,"40":0.017181,"41":0.011454,"42":0.022908,"43":0.080178,"44":0.011454,"45":0.040089,"46":0.017181,"47":0.017181,"48":0.017181,"49":0.767418,"50":0.011454,"51":0.148902,"52":0.011454,"53":0.051543,"54":0.045816,"55":0.269169,"56":0.332166,"57":7.55964,"58":25.903221,"59":0.097359,"60":0.091632,"61":null},"firefox":{"2":null,"3":0.011454,"3.5":null,"3.6":null,"4":null,"5":null,"6":null,"7":null,"8":null,"9":null,"10":null,"11":null,"12":null,"13":null,"14":null,"15":null,"16":null,"17":null,"18":null,"19":null,"20":null,"21":null,"22":null,"23":null,"24":null,"25":null,"26":null,"27":null,"28":0.017181,"29":null,"30":null,"31":0.005727,"32":null,"33":null,"34":null,"35":null,"36":0.074451,"37":0.011454,"38":0.005727,"39":null,"40":null,"41":null,"42":null,"43":0.274896,"44":null,"45":0.040089,"46":null,"47":0.068724,"48":0.085905,"49":0.022908,"50":0.183264,"51":0.028635,"52":0.423798,"53":3.562194,"54":0.125994,"55":null,"56":null},"opera":{"9":null,"9.5-9.6":null,"10.0-10.1":0,"10.5":null,"10.6":null,"11":null,"11.1":null,"11.5":null,"11.6":null,"12":null,"12.1":0.005727,"15":null,"16":null,"17":null,"18":null,"19":null,"20":null,"21":null,"22":null,"23":null,"24":null,"25":null,"26":null,"27":null,"28":null,"29":null,"30":null,"31":null,"32":null,"33":null,"34":null,"35":null,"36":0.011454,"37":null,"38":null,"39":null,"40":null,"41":null,"42":null,"43":0.217626,"44":0.148902,"45":0.429525,"46":null},"safari":{"3.1":null,"3.2":null,"4":0,"5":0.005727,"5.1":0.103086,"6":0.131721,"6.1":0.022908,"7":0.005727,"7.1":null,"8":0.022908,"9":0.051543,"9.1":0.584154,"10":0.349347,"10.1":1.758189,"0":null},"ios_saf":{"3.2":0,"4.0-4.1":0,"4.2-4.3":0,"5.0-5.1":0,"6.0-6.1":0,"7.0-7.1":0.0572173389933,"8":0,"8.1-8.4":0.0635748211037,"9.0-9.2":0.294033547605,"9.3":0.202909637356,"10.0-10.2":1.24129838205,"10.3":3.38271027289},"android":{"2.1":0,"2.2":0,"2.3":0,"3":0,"4":0,"4.1":0.164916891596,"4.2-4.3":0.485415756395,"4.4":1.21353939099,"4.4.3-4.4.4":0.690783961023,"56":null},"op_mob":{"10":0,"11":0,"11.1":0,"11.5":0,"12":0,"12.1":0,"0":0.00460352993348},"ie":{"5.5":null,"6":null,"7":null,"8":0.114876882353,"9":0.0459507529412,"10":0.0746699735294,"11":3.67031639118},"edge":{"12":0.303531,"13":0.755964,"14":3.934449,"15":null},"bb":{"7":0.04272,"10":null},"samsung":{"4":3.39624,"5":null},"ie_mob":{"10":0.132984847059,"11":0.674423152941},"op_mini":{"0":1.03349247007},"and_chr":{"0":31.088817},"baidu":{"0":null},"and_ff":{"0":0.008544},"and_qq":{"1.2":null},"and_uc":{"0":0.534}},"total":98.219586}