{"id":"LI","name":"Liechtenstein","month":"2017-05","access_date":"2017-06-04","data":{"chrome":{"4":null,"5":null,"6":null,"7":null,"8":null,"9":null,"10":null,"11":null,"12":null,"13":null,"14":null,"15":null,"16":null,"17":null,"18":null,"19":null,"20":null,"21":null,"22":null,"23":null,"24":null,"25":null,"26":null,"27":null,"28":null,"29":null,"30":null,"31":null,"32":null,"33":null,"34":0.019572,"35":null,"36":null,"37":null,"38":0.03262,"39":null,"40":null,"41":null,"42":null,"43":null,"44":null,"45":0.013048,"46":0.006524,"47":0.045668,"48":1.53314,"49":0.3262,"50":null,"51":0.795928,"52":null,"53":null,"54":0.561064,"55":0.632828,"56":1.559236,"57":3.568628,"58":9.355416,"59":0.03262,"60":0.013048,"61":null},"firefox":{"2":null,"3":0.137004,"3.5":null,"3.6":null,"4":null,"5":null,"6":null,"7":null,"8":null,"9":0.006524,"10":null,"11":null,"12":null,"13":null,"14":null,"15":null,"16":null,"17":null,"18":null,"19":null,"20":0.019572,"21":null,"22":null,"23":null,"24":null,"25":0.006524,"26":null,"27":null,"28":null,"29":null,"30":0.03262,"31":null,"32":null,"33":0.013048,"34":0.013048,"35":null,"36":0.013048,"37":null,"38":0.189196,"39":null,"40":0.084812,"41":0.03262,"42":0.013048,"43":0.026096,"44":0.013048,"45":0.137004,"46":null,"47":0.052192,"48":0.711116,"49":0.182672,"50":0.215292,"51":0.19572,"52":0.534968,"53":8.331148,"54":0.013048,"55":null,"56":null},"opera":{"9":0.019572,"9.5-9.6":0.026096,"10.0-10.1":0,"10.5":null,"10.6":null,"11":0.045668,"11.1":null,"11.5":null,"11.6":null,"12":null,"12.1":0.019572,"15":null,"16":null,"17":null,"18":null,"19":null,"20":null,"21":null,"22":null,"23":null,"24":null,"25":null,"26":null,"27":null,"28":null,"29":null,"30":null,"31":null,"32":null,"33":null,"34":null,"35":null,"36":0.104384,"37":null,"38":null,"39":null,"40":null,"41":null,"42":null,"43":0.058716,"44":0.09786,"45":0.189196,"46":null},"safari":{"3.1":null,"3.2":null,"4":0.241388,"5":0.084812,"5.1":0.241388,"6":0.019572,"6.1":0.110908,"7":0.006524,"7.1":0.013048,"8":0.169624,"9":0.1631,"9.1":1.148224,"10":0.932932,"10.1":4.299316,"0":null},"ios_saf":{"3.2":0,"4.0-4.1":0,"4.2-4.3":0,"5.0-5.1":0,"6.0-6.1":0,"7.0-7.1":0.201459362038,"8":0,"8.1-8.4":0.223843735597,"9.0-9.2":1.03527727714,"9.3":0.714434589448,"10.0-10.2":4.37054893754,"10.3":11.9103520982},"android":{"2.1":0,"2.2":0,"2.3":0,"3":0,"4":0,"4.1":0.0123452557856,"4.2-4.3":0.0363369792935,"4.4":0.0908424482339,"4.4.3-4.4.4":0.051710316687,"56":null},"op_mob":{"10":0,"11":0,"11.1":0,"11.5":0,"12":0,"12.1":0,"0":0.000215866962306},"ie":{"5.5":null,"6":0.558911623318,"7":0.59473929148,"8":2.37895716592,"9":0.709387829596,"10":1.49043099552,"11":16.6383690942},"edge":{"12":0.006524,"13":0.319676,"14":3.170664,"15":null},"bb":{"7":0,"10":null},"samsung":{"4":4.839984,"5":null},"ie_mob":{"10":0.0887657647059,"11":0.450169235294},"op_mini":{"0":0.0484621330377},"and_chr":{"0":9.003747},"baidu":{"0":null},"and_ff":{"0":0.041724},"and_qq":{"1.2":null},"and_uc":{"0":0.062586}},"total":96.511273}