{"id":"LK","name":"Sri Lanka","month":"2017-05","access_date":"2017-06-04","data":{"chrome":{"4":null,"5":0.002499,"6":0.002499,"7":0.004998,"8":null,"9":0.002499,"10":0.004998,"11":0.067473,"12":0.004998,"13":0.004998,"14":0.002499,"15":0.002499,"16":0.009996,"17":0.002499,"18":0.004998,"19":0.007497,"20":0.009996,"21":0.007497,"22":0.009996,"23":0.004998,"24":0.004998,"25":0.009996,"26":0.009996,"27":0.007497,"28":0.019992,"29":0.014994,"30":0.02499,"31":0.057477,"32":0.007497,"33":0.032487,"34":0.007497,"35":0.012495,"36":0.017493,"37":0.007497,"38":0.022491,"39":0.014994,"40":0.009996,"41":null,"42":0.019992,"43":0.064974,"44":0.014994,"45":0.017493,"46":0.014994,"47":0.019992,"48":0.017493,"49":0.39984,"50":0.012495,"51":0.037485,"52":0.017493,"53":0.059976,"54":0.052479,"55":0.332367,"56":0.162435,"57":3.386145,"58":11.505396,"59":0.052479,"60":0.054978,"61":null},"firefox":{"2":null,"3":0.012495,"3.5":null,"3.6":0.014994,"4":0.004998,"5":0.004998,"6":0.004998,"7":0.004998,"8":null,"9":null,"10":0.004998,"11":0.007497,"12":0.012495,"13":0.009996,"14":0.007497,"15":0.007497,"16":0.007497,"17":0.004998,"18":0.004998,"19":0.004998,"20":0.007497,"21":0.007497,"22":0.004998,"23":0.004998,"24":0.009996,"25":0.012495,"26":0.004998,"27":0.02499,"28":0.012495,"29":0.012495,"30":0.012495,"31":0.009996,"32":0.009996,"33":0.009996,"34":0.009996,"35":0.014994,"36":0.014994,"37":0.012495,"38":0.017493,"39":0.012495,"40":0.014994,"41":0.017493,"42":0.014994,"43":0.072471,"44":0.029988,"45":0.037485,"46":0.022491,"47":0.147441,"48":0.082467,"49":0.069972,"50":0.097461,"51":0.087465,"52":0.354858,"53":2.983806,"54":0.177429,"55":0.002499,"56":null},"opera":{"9":null,"9.5-9.6":null,"10.0-10.1":0,"10.5":null,"10.6":null,"11":null,"11.1":null,"11.5":null,"11.6":0.004998,"12":null,"12.1":0.004998,"15":0.002499,"16":null,"17":null,"18":null,"19":null,"20":0.002499,"21":null,"22":null,"23":null,"24":null,"25":null,"26":null,"27":null,"28":null,"29":null,"30":null,"31":null,"32":null,"33":null,"34":null,"35":null,"36":0.014994,"37":0.009996,"38":0.002499,"39":0.002499,"40":0.009996,"41":0.004998,"42":0.039984,"43":0.242403,"44":0.202419,"45":0.29988,"46":null},"safari":{"3.1":null,"3.2":null,"4":0,"5":null,"5.1":0.004998,"6":null,"6.1":0.002499,"7":0.002499,"7.1":null,"8":0.017493,"9":0.014994,"9.1":0.029988,"10":0.092463,"10.1":0.184926,"0":null},"ios_saf":{"3.2":0,"4.0-4.1":0,"4.2-4.3":0,"5.0-5.1":0,"6.0-6.1":0,"7.0-7.1":0.0488815924803,"8":0,"8.1-8.4":0.0543128805337,"9.0-9.2":0.251197072468,"9.3":0.17334861037,"10.0-10.2":1.06045899242,"10.3":2.88989785173},"android":{"2.1":0,"2.2":0,"2.3":0,"3":0,"4":0,"4.1":0.381573403167,"4.2-4.3":1.12312171498,"4.4":2.80780428745,"4.4.3-4.4.4":1.5982885944,"56":null},"op_mob":{"10":0,"11":0,"11.1":0,"11.5":0,"12":0,"12.1":0,"0":0.0345278847007},"ie":{"5.5":null,"6":0.0050813,"7":null,"8":0.12449185,"9":0.02794715,"10":0.05335365,"11":0.6961381},"edge":{"12":0.062475,"13":0.067473,"14":0.272391,"15":null},"bb":{"7":0.015002,"10":null},"samsung":{"4":7.748533,"5":null},"ie_mob":{"10":0.289097364706,"11":1.46613663529},"op_mini":{"0":7.7515101153},"and_chr":{"0":31.994044},"baidu":{"0":null},"and_ff":{"0":0.022503},"and_qq":{"1.2":null},"and_uc":{"0":14.649453}},"total":98.10756405}