{"id":"LR","name":"Liberia","month":"2017-05","access_date":"2017-06-04","data":{"chrome":{"4":null,"5":null,"6":null,"7":null,"8":null,"9":0.007521,"10":null,"11":0.045126,"12":null,"13":null,"14":null,"15":null,"16":null,"17":0.010028,"18":0.002507,"19":null,"20":0.002507,"21":null,"22":null,"23":null,"24":null,"25":null,"26":0.010028,"27":null,"28":0.017549,"29":0.015042,"30":0.005014,"31":0.02507,"32":0.005014,"33":0.015042,"34":0.010028,"35":0.007521,"36":0.052647,"37":null,"38":0.005014,"39":null,"40":null,"41":null,"42":0.090252,"43":0.258221,"44":0.007521,"45":0.02507,"46":0.015042,"47":0.007521,"48":0.015042,"49":0.453767,"50":0.062675,"51":0.05014,"52":0.030084,"53":0.032591,"54":0.037605,"55":0.641792,"56":0.193039,"57":2.486944,"58":7.994823,"59":0.015042,"60":0.032591,"61":null},"firefox":{"2":null,"3":0.010028,"3.5":null,"3.6":0.012535,"4":0.015042,"5":null,"6":null,"7":0.010028,"8":null,"9":0.005014,"10":0.047633,"11":0.007521,"12":0.032591,"13":null,"14":0.002507,"15":0.017549,"16":0.015042,"17":0.015042,"18":0.005014,"19":0.010028,"20":0.022563,"21":0.032591,"22":0.017549,"23":0.007521,"24":0.080224,"25":null,"26":0.002507,"27":0.005014,"28":null,"29":0.012535,"30":0.010028,"31":0.002507,"32":0.030084,"33":0.015042,"34":0.062675,"35":0.005014,"36":0.005014,"37":0.032591,"38":0.017549,"39":0.007521,"40":0.045126,"41":0.007521,"42":0.017549,"43":0.07521,"44":0.090252,"45":0.05014,"46":0.022563,"47":0.238165,"48":0.092759,"49":0.090252,"50":0.062675,"51":0.065182,"52":0.556554,"53":3.279156,"54":0.32591,"55":null,"56":null},"opera":{"9":null,"9.5-9.6":null,"10.0-10.1":0,"10.5":null,"10.6":0.007521,"11":0.012535,"11.1":null,"11.5":null,"11.6":0.002507,"12":0.010028,"12.1":0.022563,"15":null,"16":null,"17":null,"18":0.007521,"19":0.005014,"20":0.005014,"21":0.012535,"22":null,"23":null,"24":null,"25":null,"26":null,"27":null,"28":null,"29":0.032591,"30":null,"31":null,"32":null,"33":0.012535,"34":0.002507,"35":0.005014,"36":0.017549,"37":0.007521,"38":0.015042,"39":null,"40":0.085238,"41":0.012535,"42":0.055154,"43":0.283291,"44":0.208081,"45":0.280784,"46":null},"safari":{"3.1":null,"3.2":null,"4":0,"5":null,"5.1":0.015042,"6":0.005014,"6.1":0.007521,"7":null,"7.1":0.005014,"8":0.007521,"9":0.010028,"9.1":0.077717,"10":0.072703,"10.1":0.248193,"0":null},"ios_saf":{"3.2":0,"4.0-4.1":0,"4.2-4.3":0,"5.0-5.1":0,"6.0-6.1":0,"7.0-7.1":0.0331255124318,"8":0,"8.1-8.4":0.0368061249242,"9.0-9.2":0.170228327774,"9.3":0.11747288205,"10.0-10.2":0.718639589145,"10.3":1.95839256367},"android":{"2.1":0,"2.2":0,"2.3":0,"3":0,"4":0,"4.1":0.57223338246,"4.2-4.3":1.68430957856,"4.4":4.21077394641,"4.4.3-4.4.4":2.39690209257,"56":null},"op_mob":{"10":0,"11":0,"11.1":0,"11.5":0,"12":0,"12.1":0,"0":0.0879887538803},"ie":{"5.5":null,"6":null,"7":0.00502899700897,"8":0.347000793619,"9":0.148355411765,"10":0.163442402792,"11":1.85821439482},"edge":{"12":0.388585,"13":0.228137,"14":0.674383,"15":null},"bb":{"7":0.08054975,"10":null},"samsung":{"4":2.008124,"5":null},"ie_mob":{"10":0.122179976471,"11":0.619627023529},"op_mini":{"0":19.7534752461},"and_chr":{"0":33.555978},"baidu":{"0":null},"and_ff":{"0":0.014986},"and_qq":{"1.2":null},"and_uc":{"0":6.938518}},"total":98.72382775}