{"id":"LS","name":"Lesotho","month":"2017-05","access_date":"2017-06-04","data":{"chrome":{"4":null,"5":null,"6":null,"7":null,"8":null,"9":null,"10":null,"11":0.007905,"12":null,"13":null,"14":0.004743,"15":null,"16":null,"17":null,"18":null,"19":null,"20":null,"21":0.011067,"22":null,"23":null,"24":null,"25":null,"26":0.017391,"27":0.03162,"28":0.01581,"29":0.01581,"30":0.004743,"31":0.030039,"32":0.012648,"33":0.003162,"34":0.006324,"35":0.033201,"36":0.357306,"37":0.017391,"38":0.003162,"39":0.036363,"40":0.03162,"41":0.181815,"42":0.003162,"43":0.099603,"44":0.011067,"45":0.009486,"46":0.003162,"47":0.004743,"48":0.004743,"49":0.194463,"50":0.018972,"51":0.012648,"52":0.007905,"53":0.036363,"54":0.028458,"55":0.297228,"56":0.210273,"57":1.272705,"58":3.876612,"59":0.072726,"60":0.009486,"61":null},"firefox":{"2":null,"3":0.020553,"3.5":null,"3.6":0.006324,"4":null,"5":0.007905,"6":null,"7":null,"8":null,"9":null,"10":null,"11":0.009486,"12":0.006324,"13":null,"14":null,"15":0.001581,"16":0.003162,"17":null,"18":0.003162,"19":0.003162,"20":0.003162,"21":0.014229,"22":null,"23":0.004743,"24":0.001581,"25":0.025296,"26":null,"27":null,"28":0.004743,"29":0.004743,"30":0.009486,"31":0.014229,"32":0.017391,"33":0.006324,"34":0.009486,"35":0.003162,"36":0.001581,"37":0.012648,"38":0.006324,"39":0.045849,"40":0.004743,"41":0.001581,"42":0.017391,"43":0.025296,"44":0.014229,"45":0.033201,"46":0.007905,"47":0.120156,"48":0.018972,"49":0.026877,"50":0.030039,"51":0.075888,"52":0.240312,"53":1.165197,"54":0.077469,"55":null,"56":null},"opera":{"9":null,"9.5-9.6":null,"10.0-10.1":0,"10.5":null,"10.6":null,"11":null,"11.1":null,"11.5":null,"11.6":0.007905,"12":0.011067,"12.1":0.017391,"15":null,"16":null,"17":null,"18":null,"19":null,"20":null,"21":null,"22":null,"23":null,"24":0.003162,"25":null,"26":null,"27":null,"28":0.196044,"29":null,"30":0.001581,"31":null,"32":null,"33":0.006324,"34":0.003162,"35":0.003162,"36":0.009486,"37":0.004743,"38":0.004743,"39":0.003162,"40":0.01581,"41":0.004743,"42":0.026877,"43":0.102765,"44":0.080631,"45":0.118575,"46":null},"safari":{"3.1":null,"3.2":null,"4":0,"5":0.033201,"5.1":0.014229,"6":null,"6.1":null,"7":0.004743,"7.1":0.007905,"8":0.003162,"9":null,"9.1":0.009486,"10":0.023715,"10.1":0.060078,"0":null},"ios_saf":{"3.2":0,"4.0-4.1":0,"4.2-4.3":0,"5.0-5.1":0,"6.0-6.1":0,"7.0-7.1":0.00863956337174,"8":0,"8.1-8.4":0.00959951485749,"9.0-9.2":0.0443977562159,"9.3":0.0306384515868,"10.0-10.2":0.187430527592,"10.3":0.510774186376},"android":{"2.1":0,"2.2":0,"2.3":0,"3":0,"4":0,"4.1":0.187527040195,"4.2-4.3":0.55196638246,"4.4":1.37991595615,"4.4.3-4.4.4":0.785490621194,"56":null},"op_mob":{"10":0,"11":0,"11.1":0,"11.5":0,"12":0,"12.1":0,"0":0.13587751663},"ie":{"5.5":null,"6":null,"7":0.007905,"8":0.295647,"9":0.196044,"10":0.241893,"11":2.886906},"edge":{"12":0.086955,"13":0.200787,"14":0.621333,"15":null},"bb":{"7":0.27786,"10":null},"samsung":{"4":2.6523,"5":null},"ie_mob":{"10":0.378602823529,"11":1.92005717647},"op_mini":{"0":30.5045024834},"and_chr":{"0":22.847594},"baidu":{"0":null},"and_ff":{"0":0.00842},"and_qq":{"1.2":null},"and_uc":{"0":21.22682}},"total":98.065553}