{"id":"LT","name":"Lithuania","month":"2017-05","access_date":"2017-06-04","data":{"chrome":{"4":null,"5":null,"6":null,"7":null,"8":null,"9":null,"10":null,"11":0.015656,"12":null,"13":null,"14":null,"15":null,"16":null,"17":null,"18":0.062624,"19":null,"20":null,"21":null,"22":0.015656,"23":null,"24":null,"25":null,"26":0.015656,"27":null,"28":null,"29":0.007828,"30":null,"31":0.023484,"32":0.007828,"33":null,"34":0.046968,"35":null,"36":0.023484,"37":0.023484,"38":0.031312,"39":0.03914,"40":0.015656,"41":0.03914,"42":0.023484,"43":0.070452,"44":0.031312,"45":0.023484,"46":0.023484,"47":0.03914,"48":0.086108,"49":1.68302,"50":0.03914,"51":0.297464,"52":0.046968,"53":0.093936,"54":0.125248,"55":0.305292,"56":0.485336,"57":9.111792,"58":33.809132,"59":0.109592,"60":0.054796,"61":null},"firefox":{"2":null,"3":0.007828,"3.5":null,"3.6":0.023484,"4":null,"5":null,"6":0.806284,"7":null,"8":null,"9":null,"10":null,"11":0.007828,"12":0.007828,"13":null,"14":null,"15":null,"16":null,"17":null,"18":null,"19":null,"20":null,"21":null,"22":null,"23":null,"24":null,"25":null,"26":null,"27":null,"28":null,"29":0.007828,"30":0.007828,"31":0.015656,"32":null,"33":null,"34":null,"35":0.007828,"36":0.007828,"37":0.015656,"38":0.281808,"39":0.015656,"40":0.023484,"41":0.031312,"42":0.015656,"43":0.062624,"44":0.023484,"45":1.393384,"46":0.046968,"47":0.180044,"48":0.148732,"49":0.250496,"50":0.211356,"51":0.219184,"52":1.424696,"53":10.833952,"54":0.140904,"55":null,"56":null},"opera":{"9":null,"9.5-9.6":null,"10.0-10.1":0,"10.5":null,"10.6":0.007828,"11":null,"11.1":null,"11.5":null,"11.6":null,"12":0.015656,"12.1":0.093936,"15":null,"16":null,"17":null,"18":null,"19":0.007828,"20":null,"21":null,"22":null,"23":null,"24":null,"25":null,"26":null,"27":null,"28":null,"29":null,"30":null,"31":null,"32":null,"33":null,"34":null,"35":null,"36":0.125248,"37":0.015656,"38":0.015656,"39":0.007828,"40":null,"41":0.015656,"42":0.046968,"43":1.01764,"44":0.908048,"45":1.322932,"46":0.015656},"safari":{"3.1":null,"3.2":null,"4":0.007828,"5":0.007828,"5.1":0.03914,"6":0.007828,"6.1":0.015656,"7":0.015656,"7.1":null,"8":0.07828,"9":0.101764,"9.1":0.242668,"10":0.438368,"10.1":1.542116,"0":null},"ios_saf":{"3.2":0,"4.0-4.1":0,"4.2-4.3":0,"5.0-5.1":0,"6.0-6.1":0,"7.0-7.1":0.0413957647059,"8":0,"8.1-8.4":0.0459952941176,"9.0-9.2":0.212728235294,"9.3":0.146801647059,"10.0-10.2":0.898058117647,"10.3":2.44733294118},"android":{"2.1":0,"2.2":0,"2.3":0,"3":0,"4":0,"4.1":0.0408023824604,"4.2-4.3":0.120097578563,"4.4":0.300243946407,"4.4.3-4.4.4":0.17090809257,"56":null},"op_mob":{"10":0,"11":0,"11.1":0,"11.5":0,"12":0,"12.1":0,"0":0.00117509534368},"ie":{"5.5":null,"6":0.015898937931,"7":0.015898937931,"8":0.222585131034,"9":0.143090441379,"10":0.190787255172,"11":4.02243129655},"edge":{"12":0.054796,"13":0.164388,"14":1.988312,"15":null},"bb":{"7":0.009231,"10":null},"samsung":{"4":3.427416,"5":null},"ie_mob":{"10":0.0504415058824,"11":0.255810494118},"op_mini":{"0":0.263808904656},"and_chr":{"0":13.274712},"baidu":{"0":null},"and_ff":{"0":0.02172},"and_qq":{"1.2":null},"and_uc":{"0":0.089052}},"total":97.796299}