{"id":"LU","name":"Luxembourg","month":"2017-05","access_date":"2017-06-04","data":{"chrome":{"4":null,"5":null,"6":null,"7":null,"8":0.039318,"9":null,"10":null,"11":null,"12":null,"13":null,"14":null,"15":null,"16":null,"17":null,"18":null,"19":null,"20":null,"21":0.006553,"22":0.013106,"23":null,"24":null,"25":null,"26":null,"27":null,"28":null,"29":0.013106,"30":null,"31":0.006553,"32":0.019659,"33":null,"34":0.026212,"35":0.013106,"36":0.13106,"37":null,"38":0.013106,"39":0.019659,"40":0.006553,"41":0.019659,"42":0.019659,"43":0.045871,"44":0.032765,"45":0.111401,"46":0.026212,"47":0.026212,"48":0.235908,"49":0.661853,"50":0.091742,"51":0.491475,"52":0.078636,"53":0.124507,"54":0.222802,"55":0.419392,"56":0.570111,"57":6.611977,"58":16.690491,"59":0.072083,"60":0.058977,"61":null},"firefox":{"2":0.006553,"3":0.026212,"3.5":null,"3.6":0.006553,"4":null,"5":null,"6":null,"7":null,"8":null,"9":null,"10":0.006553,"11":0.006553,"12":0.039318,"13":null,"14":null,"15":null,"16":0.013106,"17":null,"18":null,"19":null,"20":null,"21":0.013106,"22":null,"23":null,"24":0.013106,"25":null,"26":0.006553,"27":0.006553,"28":0.006553,"29":0.006553,"30":null,"31":0.019659,"32":null,"33":0.013106,"34":0.019659,"35":0.013106,"36":0.013106,"37":0.019659,"38":0.314544,"39":0.039318,"40":0.058977,"41":0.039318,"42":0.058977,"43":0.163825,"44":0.013106,"45":0.897761,"46":0.032765,"47":0.294885,"48":0.334203,"49":0.098295,"50":0.176931,"51":0.268673,"52":1.467872,"53":9.311813,"54":0.085189,"55":null,"56":null},"opera":{"9":null,"9.5-9.6":0.006553,"10.0-10.1":0,"10.5":null,"10.6":null,"11":null,"11.1":null,"11.5":null,"11.6":null,"12":null,"12.1":0.058977,"15":null,"16":null,"17":null,"18":null,"19":null,"20":null,"21":null,"22":null,"23":null,"24":null,"25":null,"26":null,"27":null,"28":null,"29":null,"30":null,"31":0.013106,"32":null,"33":null,"34":null,"35":null,"36":0.019659,"37":null,"38":0.026212,"39":null,"40":null,"41":null,"42":0.013106,"43":0.301438,"44":0.222802,"45":0.353862,"46":0.013106},"safari":{"3.1":null,"3.2":null,"4":0.039318,"5":0.058977,"5.1":0.124507,"6":0.013106,"6.1":0.124507,"7":0.06553,"7.1":null,"8":0.137613,"9":0.183484,"9.1":1.343365,"10":1.304047,"10.1":4.403616,"0":null},"ios_saf":{"3.2":0,"4.0-4.1":0,"4.2-4.3":0,"5.0-5.1":0,"6.0-6.1":0,"7.0-7.1":0.184482436628,"8":0,"8.1-8.4":0.204980485143,"9.0-9.2":0.948034743784,"9.3":0.654229381747,"10.0-10.2":4.00224397241,"10.3":10.9066699803},"android":{"2.1":0,"2.2":0,"2.3":0,"3":0,"4":0,"4.1":0.026925226553,"4.2-4.3":0.0792516102314,"4.4":0.198129025579,"4.4.3-4.4.4":0.112781137637,"56":null},"op_mob":{"10":0,"11":0,"11.1":0,"11.5":0,"12":0,"12.1":0,"0":0.000733729490022},"ie":{"5.5":null,"6":0.0677966337245,"7":0.752542634342,"8":2.45423814083,"9":0.203389901174,"10":0.33220350525,"11":7.16610418468},"edge":{"12":0.058977,"13":0.203143,"14":2.588435,"15":null},"bb":{"7":0.00947925,"10":null},"samsung":{"4":4.41216,"5":null},"ie_mob":{"10":0.0210064235294,"11":0.106532576471},"op_mini":{"0":0.16472227051},"and_chr":{"0":11.756805},"baidu":{"0":null},"and_ff":{"0":0.086175},"and_qq":{"1.2":null},"and_uc":{"0":0.548073}},"total":97.90887925}