{"id":"LV","name":"Latvia","month":"2017-05","access_date":"2017-06-04","data":{"chrome":{"4":null,"5":null,"6":null,"7":null,"8":null,"9":null,"10":null,"11":0.039485,"12":null,"13":null,"14":null,"15":null,"16":null,"17":null,"18":0.031588,"19":null,"20":null,"21":0.007897,"22":0.039485,"23":0.007897,"24":null,"25":null,"26":0.015794,"27":0.015794,"28":null,"29":0.031588,"30":0.015794,"31":0.047382,"32":0.015794,"33":null,"34":0.031588,"35":null,"36":0.023691,"37":0.015794,"38":0.047382,"39":0.031588,"40":0.023691,"41":0.063176,"42":null,"43":0.047382,"44":0.031588,"45":0.023691,"46":0.015794,"47":0.047382,"48":0.031588,"49":1.871589,"50":0.071073,"51":0.205322,"52":0.047382,"53":0.126352,"54":0.165837,"55":0.758112,"56":0.742318,"57":10.060778,"58":32.314524,"59":0.134249,"60":0.102661,"61":null},"firefox":{"2":null,"3":0.007897,"3.5":null,"3.6":0.039485,"4":null,"5":null,"6":null,"7":null,"8":null,"9":null,"10":null,"11":null,"12":0.015794,"13":null,"14":null,"15":null,"16":0.031588,"17":null,"18":null,"19":null,"20":0.015794,"21":0.007897,"22":null,"23":null,"24":0.015794,"25":0.007897,"26":null,"27":0.015794,"28":0.039485,"29":0.007897,"30":null,"31":0.023691,"32":null,"33":0.031588,"34":0.015794,"35":0.031588,"36":0.007897,"37":0.039485,"38":0.118455,"39":0.015794,"40":0.055279,"41":0.055279,"42":0.031588,"43":0.071073,"44":0.102661,"45":0.979228,"46":0.063176,"47":0.197425,"48":0.213219,"49":0.118455,"50":0.276395,"51":0.244807,"52":1.610988,"53":10.866272,"54":0.118455,"55":null,"56":null},"opera":{"9":null,"9.5-9.6":null,"10.0-10.1":0,"10.5":null,"10.6":null,"11":null,"11.1":null,"11.5":null,"11.6":0.015794,"12":0.015794,"12.1":0.142146,"15":null,"16":null,"17":null,"18":null,"19":null,"20":null,"21":null,"22":null,"23":null,"24":null,"25":null,"26":null,"27":0.007897,"28":0.007897,"29":null,"30":null,"31":null,"32":null,"33":null,"34":0.039485,"35":null,"36":0.126352,"37":null,"38":0.023691,"39":null,"40":0.007897,"41":null,"42":0.047382,"43":0.758112,"44":0.781803,"45":1.066095,"46":0.031588},"safari":{"3.1":null,"3.2":null,"4":0.023691,"5":0.015794,"5.1":0.071073,"6":0.023691,"6.1":0.039485,"7":0.031588,"7.1":null,"8":0.07897,"9":0.094764,"9.1":0.292189,"10":0.655451,"10.1":2.021632,"0":null},"ios_saf":{"3.2":0,"4.0-4.1":0,"4.2-4.3":0,"5.0-5.1":0,"6.0-6.1":0,"7.0-7.1":0.0534638969072,"8":0,"8.1-8.4":0.0594043298969,"9.0-9.2":0.274745025773,"9.3":0.189598819588,"10.0-10.2":1.15986954124,"10.3":3.1608053866},"android":{"2.1":0,"2.2":0,"2.3":0,"3":0,"4":0,"4.1":0.0449365761267,"4.2-4.3":0.132266148599,"4.4":0.330665371498,"4.4.3-4.4.4":0.188224903776,"56":null},"op_mob":{"10":0,"11":0,"11.1":0,"11.5":0,"12":0,"12.1":0,"0":0.000857986696231},"ie":{"5.5":null,"6":null,"7":null,"8":0.394340516129,"9":0.180739403226,"10":0.287539959677,"11":3.21223212097},"edge":{"12":0.023691,"13":0.142146,"14":1.492533,"15":null},"bb":{"7":0.0094635,"10":null},"samsung":{"4":2.96523,"5":null},"ie_mob":{"10":0.0422579294118,"11":0.214308070588},"op_mini":{"0":0.192618013304},"and_chr":{"0":12.084569},"baidu":{"0":null},"and_ff":{"0":0.027339},"and_qq":{"1.2":null},"and_uc":{"0":0.140901}},"total":96.2219515}