{"id":"LY","name":"Libya","month":"2017-05","access_date":"2017-06-04","data":{"chrome":{"4":0.017084,"5":0.004271,"6":0.017084,"7":null,"8":0.008542,"9":0.008542,"10":null,"11":0.012813,"12":0.012813,"13":0.04271,"14":0.034168,"15":0.021355,"16":0.029897,"17":0.008542,"18":0.012813,"19":0.012813,"20":0.004271,"21":null,"22":0.004271,"23":0.017084,"24":0.025626,"25":0.012813,"26":0.029897,"27":0.021355,"28":0.008542,"29":0.017084,"30":0.012813,"31":0.059794,"32":0.04271,"33":0.187924,"34":0.008542,"35":0.012813,"36":0.055523,"37":0.008542,"38":0.072607,"39":0.021355,"40":0.025626,"41":0.025626,"42":0.034168,"43":1.234319,"44":0.017084,"45":0.04271,"46":0.012813,"47":0.328867,"48":0.017084,"49":0.580856,"50":0.029897,"51":0.145214,"52":0.029897,"53":0.098233,"54":0.145214,"55":1.178796,"56":0.439913,"57":5.29604,"58":19.300649,"59":0.029897,"60":0.132401,"61":null},"firefox":{"2":null,"3":0.012813,"3.5":null,"3.6":0.012813,"4":0.004271,"5":null,"6":0.008542,"7":0.004271,"8":0.021355,"9":0.004271,"10":0.012813,"11":0.025626,"12":0.093962,"13":0.012813,"14":null,"15":0.004271,"16":0.055523,"17":null,"18":null,"19":null,"20":0.008542,"21":null,"22":0.008542,"23":0.008542,"24":0.004271,"25":0.08542,"26":0.008542,"27":0.029897,"28":null,"29":0.192195,"30":0.025626,"31":0.008542,"32":0.064065,"33":0.012813,"34":0.008542,"35":0.012813,"36":0.012813,"37":0.008542,"38":0.04271,"39":0.012813,"40":0.029897,"41":0.012813,"42":0.008542,"43":0.119588,"44":0.034168,"45":0.034168,"46":0.012813,"47":0.205008,"48":0.064065,"49":0.08542,"50":0.153756,"51":0.076878,"52":0.999414,"53":3.446697,"54":0.862742,"55":null,"56":null},"opera":{"9":null,"9.5-9.6":null,"10.0-10.1":0,"10.5":null,"10.6":0.004271,"11":null,"11.1":null,"11.5":0.008542,"11.6":0.012813,"12":0.012813,"12.1":0.038439,"15":null,"16":null,"17":null,"18":null,"19":null,"20":null,"21":null,"22":null,"23":null,"24":null,"25":null,"26":null,"27":null,"28":null,"29":null,"30":null,"31":null,"32":null,"33":null,"34":null,"35":null,"36":0.021355,"37":0.021355,"38":0.012813,"39":0.008542,"40":0.025626,"41":0.008542,"42":0.102504,"43":0.491165,"44":0.474081,"45":0.422829,"46":0.012813},"safari":{"3.1":null,"3.2":null,"4":0.012813,"5":null,"5.1":0.012813,"6":null,"6.1":null,"7":null,"7.1":null,"8":0.064065,"9":0.017084,"9.1":0.029897,"10":0.089691,"10.1":0.145214,"0":null},"ios_saf":{"3.2":0,"4.0-4.1":0,"4.2-4.3":0,"5.0-5.1":0,"6.0-6.1":0,"7.0-7.1":0.0538966937538,"8":0,"8.1-8.4":0.059885215282,"9.0-9.2":0.276969120679,"9.3":0.191133645442,"10.0-10.2":1.16925882838,"10.3":3.18639249646},"android":{"2.1":0,"2.2":0,"2.3":0,"3":0,"4":0,"4.1":0.412297393423,"4.2-4.3":1.21355459196,"4.4":3.0338864799,"4.4.3-4.4.4":1.72698153471,"56":null},"op_mob":{"10":0,"11":0,"11.1":0,"11.5":0,"12":0,"12.1":0,"0":0.0749847272727},"ie":{"5.5":null,"6":0.00870626923077,"7":0.00435313461538,"8":0.417900923077,"9":0.143653442308,"10":0.104475230769,"11":1.131815},"edge":{"12":0.059794,"13":0.051252,"14":0.281886,"15":null},"bb":{"7":0.004296,"10":null},"samsung":{"4":2.795264,"5":null},"ie_mob":{"10":0.00660404705882,"11":0.0334919529412},"op_mini":{"0":16.8340712727},"and_chr":{"0":24.092982},"baidu":{"0":null},"and_ff":{"0":0.034368},"and_qq":{"1.2":null},"and_uc":{"0":1.741312}},"total":98.182406}