{"id":"MA","name":"Morocco","month":"2017-05","access_date":"2017-06-04","data":{"chrome":{"4":null,"5":0.005653,"6":0.011306,"7":0.011306,"8":0.005653,"9":null,"10":0.005653,"11":0.022612,"12":0.011306,"13":0.005653,"14":0.005653,"15":null,"16":0.005653,"17":0.016959,"18":null,"19":0.011306,"20":null,"21":0.016959,"22":0.079142,"23":0.011306,"24":0.005653,"25":0.016959,"26":0.045224,"27":0.022612,"28":0.022612,"29":0.050877,"30":0.028265,"31":0.062183,"32":0.028265,"33":0.062183,"34":0.039571,"35":0.033918,"36":0.033918,"37":0.033918,"38":0.067836,"39":0.101754,"40":0.05653,"41":0.039571,"42":0.022612,"43":0.469199,"44":0.067836,"45":0.067836,"46":0.084795,"47":0.141325,"48":0.192202,"49":3.827081,"50":0.050877,"51":0.361792,"52":0.067836,"53":0.180896,"54":0.33918,"55":0.717931,"56":0.723584,"57":6.800559,"58":23.640846,"59":0.118713,"60":0.050877,"61":null},"firefox":{"2":null,"3":0.039571,"3.5":0.011306,"3.6":0.028265,"4":0.005653,"5":null,"6":null,"7":null,"8":null,"9":null,"10":0.011306,"11":0.005653,"12":0.045224,"13":0.005653,"14":0.005653,"15":0.011306,"16":0.016959,"17":0.005653,"18":0.011306,"19":0.005653,"20":0.011306,"21":0.005653,"22":0.005653,"23":0.005653,"24":0.011306,"25":0.011306,"26":0.016959,"27":0.011306,"28":0.005653,"29":0.016959,"30":0.016959,"31":0.016959,"32":0.028265,"33":0.028265,"34":0.028265,"35":0.033918,"36":0.028265,"37":0.050877,"38":0.039571,"39":0.039571,"40":0.050877,"41":0.039571,"42":0.050877,"43":0.209161,"44":0.022612,"45":0.124366,"46":0.039571,"47":0.260038,"48":0.356139,"49":0.152631,"50":0.203508,"51":0.192202,"52":1.277578,"53":5.873467,"54":0.107407,"55":null,"56":null},"opera":{"9":null,"9.5-9.6":null,"10.0-10.1":0,"10.5":null,"10.6":null,"11":null,"11.1":null,"11.5":null,"11.6":null,"12":null,"12.1":0.011306,"15":null,"16":null,"17":null,"18":null,"19":null,"20":null,"21":null,"22":null,"23":null,"24":null,"25":null,"26":null,"27":null,"28":null,"29":null,"30":null,"31":null,"32":null,"33":null,"34":null,"35":null,"36":0.135672,"37":0.005653,"38":0.011306,"39":null,"40":0.005653,"41":0.016959,"42":0.05653,"43":0.401363,"44":0.520076,"45":0.582259,"46":0.016959},"safari":{"3.1":null,"3.2":null,"4":0.033918,"5":0.033918,"5.1":0.045224,"6":0.016959,"6.1":0.022612,"7":0.016959,"7.1":0.005653,"8":0.11306,"9":0.141325,"9.1":0.231773,"10":0.254385,"10.1":0.486158,"0":null},"ios_saf":{"3.2":0,"4.0-4.1":0,"4.2-4.3":0,"5.0-5.1":0,"6.0-6.1":0,"7.0-7.1":0.0387196701031,"8":0,"8.1-8.4":0.0430218556701,"9.0-9.2":0.198976082474,"9.3":0.13731142268,"10.0-10.2":0.840001731959,"10.3":2.28912123711},"android":{"2.1":0,"2.2":0,"2.3":0,"3":0,"4":0,"4.1":0.33309880268,"4.2-4.3":0.980441758831,"4.4":2.45110439708,"4.4.3-4.4.4":1.39524404141,"56":null},"op_mob":{"10":0,"11":0,"11.1":0,"11.5":0,"12":0,"12.1":0,"0":0.00863616851441},"ie":{"5.5":null,"6":0.0399455963855,"7":0.0399455963855,"8":0.632471942771,"9":0.246331177711,"10":0.266303975904,"11":0.972009512048},"edge":{"12":0.050877,"13":0.079142,"14":0.322221,"15":null},"bb":{"7":0.02282175,"10":null},"samsung":{"4":5.78151,"5":null},"ie_mob":{"10":0.113124282353,"11":0.573701717647},"op_mini":{"0":1.93881983149},"and_chr":{"0":26.015288},"baidu":{"0":null},"and_ff":{"0":0.030429},"and_qq":{"1.2":null},"and_uc":{"0":0.339066}},"total":97.8311465512}