{"id":"MC","name":"Monaco","month":"2017-05","access_date":"2017-06-04","data":{"chrome":{"4":null,"5":null,"6":null,"7":null,"8":null,"9":null,"10":null,"11":null,"12":null,"13":null,"14":null,"15":null,"16":null,"17":null,"18":null,"19":null,"20":null,"21":0.132336,"22":null,"23":null,"24":null,"25":0.007352,"26":null,"27":null,"28":null,"29":null,"30":null,"31":0.154392,"32":null,"33":null,"34":0.051464,"35":0.007352,"36":null,"37":0.029408,"38":null,"39":null,"40":null,"41":0.029408,"42":null,"43":0.007352,"44":null,"45":null,"46":null,"47":0.566104,"48":0.044112,"49":0.646976,"50":0.014704,"51":0.022056,"52":0.455824,"53":0.014704,"54":0.227912,"55":0.044112,"56":1.06604,"57":8.792992,"58":20.541488,"59":0.345544,"60":0.022056,"61":null},"firefox":{"2":null,"3":null,"3.5":null,"3.6":null,"4":null,"5":null,"6":null,"7":null,"8":null,"9":null,"10":null,"11":null,"12":null,"13":null,"14":null,"15":null,"16":null,"17":null,"18":null,"19":null,"20":null,"21":null,"22":null,"23":null,"24":null,"25":0.014704,"26":null,"27":null,"28":null,"29":null,"30":null,"31":0.014704,"32":null,"33":0.014704,"34":0.014704,"35":0.051464,"36":0.014704,"37":0.022056,"38":null,"39":null,"40":null,"41":0.139688,"42":0.014704,"43":0.022056,"44":null,"45":0.088224,"46":null,"47":0.03676,"48":0.374952,"49":0.029408,"50":0.044112,"51":0.374952,"52":0.867536,"53":8.4548,"54":0.014704,"55":null,"56":null},"opera":{"9":null,"9.5-9.6":null,"10.0-10.1":0,"10.5":null,"10.6":null,"11":null,"11.1":null,"11.5":null,"11.6":null,"12":null,"12.1":0.022056,"15":null,"16":null,"17":null,"18":null,"19":0.044112,"20":null,"21":null,"22":null,"23":null,"24":null,"25":null,"26":null,"27":null,"28":null,"29":null,"30":null,"31":null,"32":null,"33":null,"34":null,"35":null,"36":null,"37":null,"38":null,"39":null,"40":null,"41":null,"42":null,"43":0.102928,"44":0.051464,"45":0.132336,"46":null},"safari":{"3.1":null,"3.2":null,"4":0,"5":0.051464,"5.1":0.249968,"6":0.007352,"6.1":0.529344,"7":null,"7.1":null,"8":0.198504,"9":0.492584,"9.1":2.948152,"10":3.71276,"10.1":9.07972,"0":null},"ios_saf":{"3.2":0,"4.0-4.1":0,"4.2-4.3":0,"5.0-5.1":0,"6.0-6.1":0,"7.0-7.1":0.187521249242,"8":0,"8.1-8.4":0.208356943602,"9.0-9.2":0.96365086416,"9.3":0.665005911664,"10.0-10.2":4.06816932383,"10.3":11.0863257075},"android":{"2.1":0,"2.2":0,"2.3":0,"3":0,"4":0,"4.1":0.00820215347138,"4.2-4.3":0.0241421875761,"4.4":0.0603554689403,"4.4.3-4.4.4":0.0343561900122,"56":null},"op_mob":{"10":0,"11":0,"11.1":0,"11.5":0,"12":0,"12.1":0,"0":0.000363889135255},"ie":{"5.5":null,"6":null,"7":null,"8":0.095576,"9":0.249968,"10":0.088224,"11":8.146016},"edge":{"12":0.022056,"13":0.169096,"14":2.42616,"15":null},"bb":{"7":0.01389675,"10":null},"samsung":{"4":2.059366,"5":null},"ie_mob":{"10":0.00871952941176,"11":0.0442204705882},"op_mini":{"0":0.0816931108647},"and_chr":{"0":6.849833},"baidu":{"0":null},"and_ff":{"0":0.037058},"and_qq":{"1.2":null},"and_uc":{"0":0.042352}},"total":99.09605275}