{"id":"MD","name":"Moldova","month":"2017-05","access_date":"2017-06-04","data":{"chrome":{"4":0.022137,"5":0.007379,"6":null,"7":0.007379,"8":0.007379,"9":0.022137,"10":0.022137,"11":0.044274,"12":0.014758,"13":0.022137,"14":0.022137,"15":0.022137,"16":0.022137,"17":0.051653,"18":0.044274,"19":0.036895,"20":0.029516,"21":0.051653,"22":0.059032,"23":0.036895,"24":0.044274,"25":0.029516,"26":0.036895,"27":0.051653,"28":0.014758,"29":0.014758,"30":0.022137,"31":0.029516,"32":0.022137,"33":0.014758,"34":0.051653,"35":0.029516,"36":0.066411,"37":0.022137,"38":0.036895,"39":0.051653,"40":0.07379,"41":0.036895,"42":0.059032,"43":0.118064,"44":0.022137,"45":0.066411,"46":0.029516,"47":0.088548,"48":0.132822,"49":2.250595,"50":0.066411,"51":0.206612,"52":0.095927,"53":0.103306,"54":0.169717,"55":0.51653,"56":0.656731,"57":10.367495,"58":34.629647,"59":0.110685,"60":0.14758,"61":null},"firefox":{"2":0.007379,"3":0.059032,"3.5":0.081169,"3.6":0.36895,"4":0.014758,"5":0.007379,"6":0.007379,"7":null,"8":null,"9":0.014758,"10":0.014758,"11":0.014758,"12":0.029516,"13":null,"14":0.014758,"15":0.022137,"16":0.029516,"17":0.014758,"18":null,"19":null,"20":0.014758,"21":null,"22":0.014758,"23":0.007379,"24":0.022137,"25":0.014758,"26":0.014758,"27":null,"28":0.014758,"29":0.007379,"30":null,"31":0.022137,"32":0.014758,"33":0.014758,"34":0.014758,"35":0.044274,"36":0.029516,"37":0.014758,"38":0.110685,"39":null,"40":0.022137,"41":0.014758,"42":0.022137,"43":0.066411,"44":0.022137,"45":2.516239,"46":0.029516,"47":0.14758,"48":0.066411,"49":0.059032,"50":0.199233,"51":0.125443,"52":0.922375,"53":4.693044,"54":0.199233,"55":null,"56":null},"opera":{"9":null,"9.5-9.6":0.059032,"10.0-10.1":0,"10.5":0.022137,"10.6":0.029516,"11":0.014758,"11.1":0.007379,"11.5":0.014758,"11.6":0.088548,"12":0.095927,"12.1":0.376329,"15":0.007379,"16":0.014758,"17":null,"18":0.007379,"19":0.007379,"20":0.014758,"21":null,"22":null,"23":null,"24":0.036895,"25":0.007379,"26":0.007379,"27":0.066411,"28":null,"29":null,"30":null,"31":null,"32":null,"33":null,"34":null,"35":0.007379,"36":0.110685,"37":null,"38":0.014758,"39":0.014758,"40":null,"41":0.007379,"42":0.07379,"43":0.767416,"44":0.988786,"45":1.025681,"46":0.014758},"safari":{"3.1":null,"3.2":null,"4":0.036895,"5":0.066411,"5.1":0.036895,"6":0.014758,"6.1":0.007379,"7":0.007379,"7.1":null,"8":0.036895,"9":0.022137,"9.1":0.184475,"10":0.191854,"10.1":0.81169,"0":null},"ios_saf":{"3.2":0,"4.0-4.1":0,"4.2-4.3":0,"5.0-5.1":0,"6.0-6.1":0,"7.0-7.1":0.0388948453608,"8":0,"8.1-8.4":0.0432164948454,"9.0-9.2":0.19987628866,"9.3":0.137932646048,"10.0-10.2":0.843802061856,"10.3":2.29947766323},"android":{"2.1":0,"2.2":0,"2.3":0,"3":0,"4":0,"4.1":0.117379829476,"4.2-4.3":0.345495347138,"4.4":0.863738367844,"4.4.3-4.4.4":0.491666455542,"56":null},"op_mob":{"10":0,"11":0,"11.1":0,"11.5":0,"12":0,"12.1":0,"0":0.00262580931264},"ie":{"5.5":null,"6":0.0379092955326,"7":0.0606548728522,"8":0.432165969072,"9":0.144055323024,"10":0.204710195876,"11":1.32682534364},"edge":{"12":0.029516,"13":0.081169,"14":0.582941,"15":null},"bb":{"7":0.00524,"10":null},"samsung":{"4":2.21914,"5":null},"ie_mob":{"10":0.0642978823529,"11":0.326082117647},"op_mini":{"0":0.589494190687},"and_chr":{"0":17.501458},"baidu":{"0":null},"and_ff":{"0":0.0262},"and_qq":{"1.2":null},"and_uc":{"0":0.29344}},"total":95.845848}