{"id":"ME","name":"Montenegro","month":"2017-05","access_date":"2017-06-04","data":{"chrome":{"4":null,"5":null,"6":null,"7":null,"8":0.04076,"9":null,"10":0.035665,"11":0.015285,"12":null,"13":null,"14":0.005095,"15":null,"16":null,"17":null,"18":0.015285,"19":null,"20":null,"21":null,"22":0.076425,"23":null,"24":0.005095,"25":0.01019,"26":0.06114,"27":0.005095,"28":null,"29":null,"30":0.015285,"31":0.05095,"32":0.02038,"33":0.015285,"34":0.066235,"35":0.01019,"36":0.03057,"37":0.015285,"38":0.056045,"39":0.07133,"40":0.208895,"41":0.01019,"42":0.015285,"43":0.04076,"44":0.025475,"45":0.02038,"46":0.01019,"47":0.045855,"48":0.025475,"49":2.654495,"50":0.035665,"51":0.05095,"52":0.025475,"53":0.045855,"54":0.035665,"55":0.22418,"56":0.37703,"57":6.832395,"58":23.86498,"59":0.127375,"60":0.14266,"61":null},"firefox":{"2":null,"3":0.005095,"3.5":0.01019,"3.6":0.01019,"4":null,"5":null,"6":null,"7":null,"8":null,"9":null,"10":0.005095,"11":null,"12":0.005095,"13":null,"14":null,"15":null,"16":null,"17":null,"18":0.005095,"19":null,"20":null,"21":null,"22":0.005095,"23":null,"24":null,"25":null,"26":0.005095,"27":null,"28":null,"29":0.015285,"30":null,"31":0.015285,"32":null,"33":null,"34":0.005095,"35":null,"36":0.03057,"37":0.04076,"38":0.025475,"39":0.015285,"40":0.01019,"41":0.01019,"42":0.015285,"43":0.045855,"44":0.005095,"45":0.04076,"46":0.015285,"47":0.096805,"48":0.086615,"49":0.035665,"50":0.066235,"51":0.076425,"52":1.02919,"53":6.33818,"54":0.219085,"55":null,"56":null},"opera":{"9":null,"9.5-9.6":null,"10.0-10.1":0,"10.5":null,"10.6":null,"11":null,"11.1":null,"11.5":null,"11.6":0.005095,"12":0.015285,"12.1":0.1019,"15":null,"16":null,"17":null,"18":null,"19":0.005095,"20":null,"21":null,"22":null,"23":null,"24":null,"25":null,"26":0.005095,"27":null,"28":null,"29":null,"30":null,"31":0.015285,"32":null,"33":null,"34":null,"35":null,"36":0.096805,"37":null,"38":null,"39":0.04076,"40":0.01019,"41":0.02038,"42":0.02038,"43":0.555355,"44":0.545165,"45":0.8152,"46":null},"safari":{"3.1":null,"3.2":null,"4":0.005095,"5":null,"5.1":0.08152,"6":null,"6.1":0.01019,"7":null,"7.1":null,"8":0.015285,"9":0.05095,"9.1":0.1019,"10":0.147755,"10.1":0.41779,"0":null},"ios_saf":{"3.2":0,"4.0-4.1":0,"4.2-4.3":0,"5.0-5.1":0,"6.0-6.1":0,"7.0-7.1":0.0726410576107,"8":0,"8.1-8.4":0.0807122862341,"9.0-9.2":0.373294323833,"9.3":0.257606713564,"10.0-10.2":1.57590738872,"10.3":4.29456623004},"android":{"2.1":0,"2.2":0,"2.3":0,"3":0,"4":0,"4.1":0.198495522533,"4.2-4.3":0.584250971985,"4.4":1.46062742996,"4.4.3-4.4.4":0.831434075518,"56":null},"op_mob":{"10":0,"11":0,"11.1":0,"11.5":0,"12":0,"12.1":0,"0":0.0031533481153},"ie":{"5.5":null,"6":null,"7":null,"8":0.23437,"9":0.06114,"10":0.066235,"11":0.93748},"edge":{"12":0.025475,"13":0.07133,"14":0.494215,"15":null},"bb":{"7":0.007356,"10":null},"samsung":{"4":4.624472,"5":null},"ie_mob":{"10":0.0621942588235,"11":0.315413741176},"op_mini":{"0":0.707926651885},"and_chr":{"0":34.450012},"baidu":{"0":null},"and_ff":{"0":0.009808},"and_qq":{"1.2":null},"and_uc":{"0":0.102984}},"total":98.715961}