{"id":"MG","name":"Madagascar","month":"2017-05","access_date":"2017-06-04","data":{"chrome":{"4":null,"5":null,"6":null,"7":null,"8":null,"9":null,"10":null,"11":0.044154,"12":null,"13":null,"14":null,"15":null,"16":0.004014,"17":null,"18":0.004014,"19":null,"20":null,"21":null,"22":0.002007,"23":0.004014,"24":null,"25":null,"26":0.002007,"27":0.004014,"28":0.004014,"29":0.010035,"30":0.008028,"31":0.032112,"32":0.006021,"33":0.022077,"34":0.004014,"35":0.008028,"36":0.22077,"37":null,"38":0.004014,"39":0.008028,"40":0.010035,"41":0.002007,"42":0.004014,"43":0.056196,"44":0.016056,"45":0.014049,"46":0.006021,"47":0.014049,"48":0.012042,"49":0.493722,"50":0.010035,"51":0.016056,"52":0.012042,"53":0.04014,"54":0.018063,"55":0.166581,"56":0.078273,"57":1.511271,"58":5.770125,"59":0.048168,"60":0.022077,"61":null},"firefox":{"2":0.004014,"3":0.212742,"3.5":0.002007,"3.6":0.014049,"4":0.008028,"5":0.026091,"6":0.008028,"7":null,"8":0.002007,"9":0.004014,"10":0.010035,"11":0.004014,"12":0.014049,"13":0.010035,"14":0.006021,"15":0.024084,"16":0.010035,"17":0.006021,"18":0.010035,"19":0.014049,"20":0.010035,"21":0.006021,"22":0.02007,"23":0.008028,"24":0.004014,"25":0.012042,"26":0.012042,"27":0.032112,"28":0.012042,"29":0.070245,"30":0.048168,"31":0.02007,"32":0.026091,"33":0.054189,"34":0.012042,"35":0.038133,"36":0.046161,"37":0.04014,"38":0.054189,"39":0.030105,"40":0.066231,"41":0.038133,"42":0.02007,"43":0.246861,"44":0.072252,"45":0.116406,"46":0.034119,"47":0.519813,"48":0.254889,"49":0.12042,"50":0.150525,"51":0.138483,"52":0.798786,"53":4.126392,"54":0.104364,"55":null,"56":null},"opera":{"9":null,"9.5-9.6":null,"10.0-10.1":0.04014,"10.5":null,"10.6":null,"11":null,"11.1":null,"11.5":0.002007,"11.6":0.008028,"12":0.002007,"12.1":0.014049,"15":null,"16":null,"17":null,"18":null,"19":null,"20":null,"21":0.008028,"22":null,"23":null,"24":null,"25":null,"26":null,"27":0.004014,"28":null,"29":0.002007,"30":0.006021,"31":null,"32":null,"33":null,"34":0.004014,"35":0.022077,"36":0.036126,"37":0.02007,"38":0.006021,"39":null,"40":0.010035,"41":0.010035,"42":0.054189,"43":0.172602,"44":0.158553,"45":0.218763,"46":null},"safari":{"3.1":null,"3.2":null,"4":0.004014,"5":null,"5.1":0.018063,"6":0.004014,"6.1":null,"7":0.004014,"7.1":null,"8":0.008028,"9":0.034119,"9.1":0.052182,"10":0.106371,"10.1":0.194679,"0":null},"ios_saf":{"3.2":0,"4.0-4.1":0,"4.2-4.3":0,"5.0-5.1":0,"6.0-6.1":0,"7.0-7.1":0.00593294845361,"8":0,"8.1-8.4":0.00659216494845,"9.0-9.2":0.0304887628866,"9.3":0.0210399931271,"10.0-10.2":0.128712020619,"10.3":0.350758109966},"android":{"2.1":0,"2.2":0,"2.3":0,"3":0,"4":0,"4.1":0.398088551766,"4.2-4.3":1.17173234105,"4.4":2.92933085262,"4.4.3-4.4.4":1.66746525457,"56":null},"op_mob":{"10":0,"11":0,"11.1":0,"11.5":0,"12":0,"12.1":0,"0":0.2057267051},"ie":{"5.5":null,"6":0.00650120245399,"7":0.026004809816,"8":0.242711558282,"9":0.0498425521472,"10":0.0476754846626,"11":0.333728392638},"edge":{"12":0.028098,"13":0.032112,"14":0.116406,"15":null},"bb":{"7":0.0519545,"10":null},"samsung":{"4":0.439615,"5":null},"ie_mob":{"10":0.0724071764706,"11":0.367207823529},"op_mini":{"0":46.1856452949},"and_chr":{"0":7.080327},"baidu":{"0":null},"and_ff":{"0":0.343699},"and_qq":{"1.2":null},"and_uc":{"0":15.866105}},"total":95.8956065}