{"id":"MH","name":"Marshall Islands","month":"2017-05","access_date":"2017-06-04","data":{"chrome":{"4":null,"5":null,"6":null,"7":null,"8":null,"9":null,"10":null,"11":null,"12":null,"13":null,"14":null,"15":null,"16":null,"17":null,"18":null,"19":null,"20":null,"21":null,"22":null,"23":null,"24":null,"25":null,"26":0.01169,"27":null,"28":null,"29":null,"30":null,"31":null,"32":0.005845,"33":null,"34":null,"35":null,"36":null,"37":null,"38":0.005845,"39":0.04676,"40":0.1169,"41":null,"42":null,"43":null,"44":null,"45":0.099365,"46":0.052605,"47":0.017535,"48":3.547915,"49":1.233295,"50":0.08183,"51":null,"52":null,"53":0.052605,"54":null,"55":0.1169,"56":0.099365,"57":4.54741,"58":18.27147,"59":0.017535,"60":0.05845,"61":null},"firefox":{"2":null,"3":0.298095,"3.5":null,"3.6":0.040915,"4":null,"5":null,"6":null,"7":null,"8":null,"9":null,"10":null,"11":null,"12":null,"13":null,"14":null,"15":null,"16":null,"17":null,"18":null,"19":null,"20":null,"21":null,"22":null,"23":null,"24":null,"25":null,"26":null,"27":null,"28":null,"29":null,"30":0.01169,"31":0.017535,"32":null,"33":null,"34":null,"35":null,"36":null,"37":null,"38":null,"39":null,"40":0.075985,"41":null,"42":null,"43":0.01169,"44":null,"45":0.017535,"46":null,"47":0.005845,"48":0.005845,"49":0.017535,"50":0.146125,"51":0.029225,"52":0.04676,"53":2.41983,"54":0.426685,"55":null,"56":null},"opera":{"9":null,"9.5-9.6":0.075985,"10.0-10.1":0,"10.5":null,"10.6":null,"11":null,"11.1":null,"11.5":null,"11.6":null,"12":null,"12.1":null,"15":null,"16":null,"17":null,"18":null,"19":null,"20":null,"21":null,"22":null,"23":null,"24":null,"25":null,"26":null,"27":null,"28":null,"29":null,"30":null,"31":null,"32":null,"33":null,"34":null,"35":null,"36":null,"37":null,"38":null,"39":null,"40":null,"41":null,"42":null,"43":0.005845,"44":0.01169,"45":0.029225,"46":null},"safari":{"3.1":null,"3.2":null,"4":0.520205,"5":null,"5.1":0.04676,"6":null,"6.1":0.09352,"7":null,"7.1":null,"8":0.017535,"9":0.017535,"9.1":0.54943,"10":0.2338,"10.1":1.0521,"0":null},"ios_saf":{"3.2":0,"4.0-4.1":0,"4.2-4.3":0,"5.0-5.1":0,"6.0-6.1":0,"7.0-7.1":0.115382510612,"8":0,"8.1-8.4":0.128202789569,"9.0-9.2":0.592937901759,"9.3":0.409180570042,"10.0-10.2":2.50315946634,"10.3":6.82145676167},"android":{"2.1":0,"2.2":0,"2.3":0,"3":0,"4":0,"4.1":0.214582216809,"4.2-4.3":0.631600487211,"4.4":1.57900121803,"4.4.3-4.4.4":0.898816077954,"56":null},"op_mob":{"10":0,"11":0,"11.1":0,"11.5":0,"12":0,"12.1":0,"0":0.00173201773836},"ie":{"5.5":null,"6":0.103065815927,"7":null,"8":10.0925218211,"9":2.03753189948,"10":3.70244123368,"11":2.28330422977},"edge":{"12":0.181195,"13":0.508515,"14":2.986795,"15":null},"bb":{"7":0.0145425,"10":null},"samsung":{"4":1.06368,"5":null},"ie_mob":{"10":0.104706,"11":0.531009},"op_mini":{"0":0.388837982262},"and_chr":{"0":24.873985},"baidu":{"0":null},"and_ff":{"0":0.00831},"and_qq":{"1.2":null},"and_uc":{"0":1.52904}},"total":98.9137775}