{"id":"MK","name":"Macedonia","month":"2017-05","access_date":"2017-06-04","data":{"chrome":{"4":null,"5":null,"6":0.019998,"7":null,"8":null,"9":null,"10":null,"11":0.013332,"12":null,"13":null,"14":null,"15":null,"16":0.019998,"17":null,"18":0.006666,"19":null,"20":null,"21":null,"22":0.046662,"23":null,"24":null,"25":null,"26":0.026664,"27":null,"28":0.006666,"29":0.013332,"30":0.013332,"31":0.019998,"32":0.019998,"33":0.006666,"34":0.079992,"35":null,"36":0.086658,"37":0.019998,"38":0.06666,"39":0.039996,"40":0.013332,"41":0.013332,"42":0.019998,"43":0.079992,"44":0.039996,"45":0.019998,"46":0.019998,"47":0.13332,"48":0.073326,"49":3.279672,"50":0.06666,"51":0.953238,"52":0.086658,"53":0.226644,"54":0.626604,"55":0.986568,"56":1.186548,"57":8.852448,"58":32.310102,"59":0.173316,"60":0.113322,"61":null},"firefox":{"2":0.019998,"3":null,"3.5":null,"3.6":0.079992,"4":0.019998,"5":0.013332,"6":0.019998,"7":null,"8":null,"9":null,"10":null,"11":0.013332,"12":null,"13":0.06666,"14":null,"15":null,"16":0.006666,"17":0.026664,"18":0.006666,"19":null,"20":null,"21":null,"22":null,"23":null,"24":0.019998,"25":null,"26":null,"27":null,"28":null,"29":0.006666,"30":0.019998,"31":0.013332,"32":null,"33":0.006666,"34":0.013332,"35":null,"36":0.013332,"37":0.013332,"38":0.026664,"39":0.013332,"40":0.013332,"41":0.046662,"42":0.019998,"43":0.053328,"44":0.013332,"45":0.086658,"46":0.013332,"47":0.173316,"48":0.219978,"49":0.146652,"50":0.273306,"51":0.259974,"52":1.393194,"53":6.392694,"54":0.16665,"55":0.019998,"56":null},"opera":{"9":null,"9.5-9.6":null,"10.0-10.1":0,"10.5":null,"10.6":null,"11":null,"11.1":null,"11.5":null,"11.6":null,"12":0.006666,"12.1":0.059994,"15":null,"16":null,"17":null,"18":null,"19":null,"20":null,"21":null,"22":null,"23":null,"24":null,"25":null,"26":null,"27":null,"28":null,"29":null,"30":0.013332,"31":0.006666,"32":null,"33":null,"34":null,"35":null,"36":0.206646,"37":null,"38":0.013332,"39":null,"40":null,"41":0.013332,"42":0.079992,"43":0.506616,"44":0.426624,"45":0.653268,"46":0.006666},"safari":{"3.1":null,"3.2":null,"4":0,"5":null,"5.1":0.026664,"6":null,"6.1":0.013332,"7":0.006666,"7.1":null,"8":0.053328,"9":0.026664,"9.1":0.059994,"10":0.093324,"10.1":0.273306,"0":null},"ios_saf":{"3.2":0,"4.0-4.1":0,"4.2-4.3":0,"5.0-5.1":0,"6.0-6.1":0,"7.0-7.1":0.0576100642814,"8":0,"8.1-8.4":0.0640111825349,"9.0-9.2":0.296051719224,"9.3":0.20430235759,"10.0-10.2":1.24981833899,"10.3":3.40592833738},"android":{"2.1":0,"2.2":0,"2.3":0,"3":0,"4":0,"4.1":0.111272757613,"4.2-4.3":0.32751981486,"4.4":0.81879953715,"4.4.3-4.4.4":0.466085890378,"56":null},"op_mob":{"10":0,"11":0,"11.1":0,"11.5":0,"12":0,"12.1":0,"0":0.000990589800443},"ie":{"5.5":null,"6":null,"7":0.0274186415094,"8":0.219349132075,"9":0.116529226415,"10":0.116529226415,"11":0.973361773585},"edge":{"12":0.03333,"13":0.093324,"14":0.73326,"15":null},"bb":{"7":0.0058345,"10":null},"samsung":{"4":1.667,"5":null},"ie_mob":{"10":0.0626007529412,"11":0.317475247059},"op_mini":{"0":0.2223874102},"and_chr":{"0":24.514658},"baidu":{"0":null},"and_ff":{"0":0.01667},"and_qq":{"1.2":null},"and_uc":{"0":0.10002}},"total":98.2626005}