{"id":"ML","name":"Mali","month":"2017-05","access_date":"2017-06-04","data":{"chrome":{"4":null,"5":null,"6":null,"7":null,"8":null,"9":0.003357,"10":null,"11":0.011936,"12":null,"13":0.000373,"14":0.001492,"15":0.000373,"16":0.000373,"17":null,"18":0.001119,"19":null,"20":null,"21":0.000373,"22":null,"23":null,"24":null,"25":0.002238,"26":null,"27":0.002611,"28":0.000373,"29":0.000373,"30":0.000373,"31":0.007087,"32":0.001865,"33":0.004849,"34":0.000373,"35":null,"36":0.002984,"37":null,"38":0.002238,"39":null,"40":0.000746,"41":null,"42":null,"43":0.008579,"44":0.000746,"45":0.013428,"46":0.000373,"47":0.001119,"48":null,"49":0.068259,"50":0.002238,"51":0.001119,"52":0.002984,"53":0.002238,"54":0.004849,"55":0.018277,"56":0.015666,"57":0.239093,"58":0.641933,"59":0.001119,"60":0.000746,"61":null},"firefox":{"2":null,"3":0.980244,"3.5":0.000746,"3.6":0.001119,"4":0.001119,"5":0.000373,"6":null,"7":0.000746,"8":0.000746,"9":null,"10":null,"11":0.001119,"12":0.002611,"13":0.001492,"14":0.001865,"15":0.000373,"16":0.00373,"17":0.000746,"18":0.001119,"19":0.000746,"20":0.005595,"21":0.001865,"22":0.001865,"23":null,"24":0.000746,"25":0.002611,"26":null,"27":0.000746,"28":0.001119,"29":0.003357,"30":0.00373,"31":0.001119,"32":0.001865,"33":0.001865,"34":0.001865,"35":0.001865,"36":0.001119,"37":0.004476,"38":0.005968,"39":0.001492,"40":0.005222,"41":0.002238,"42":0.00373,"43":0.020515,"44":0.00373,"45":0.006714,"46":0.004849,"47":0.029094,"48":0.012309,"49":0.018277,"50":0.012682,"51":0.012682,"52":0.057442,"53":0.736302,"54":0.010071,"55":null,"56":null},"opera":{"9":null,"9.5-9.6":null,"10.0-10.1":0,"10.5":null,"10.6":null,"11":null,"11.1":null,"11.5":0.000373,"11.6":null,"12":0.000746,"12.1":0.000373,"15":null,"16":null,"17":null,"18":null,"19":null,"20":0.000373,"21":null,"22":null,"23":null,"24":null,"25":null,"26":null,"27":null,"28":null,"29":null,"30":null,"31":null,"32":null,"33":null,"34":null,"35":0.008206,"36":0.000373,"37":null,"38":0.000746,"39":null,"40":0.000746,"41":0.002984,"42":0.002611,"43":0.014547,"44":0.036927,"45":0.027602,"46":null},"safari":{"3.1":null,"3.2":null,"4":0,"5":0.004476,"5.1":0.003357,"6":0.000373,"6.1":null,"7":null,"7.1":null,"8":0.01865,"9":0.002984,"9.1":0.024991,"10":0.023499,"10.1":0.021634,"0":null},"ios_saf":{"3.2":0,"4.0-4.1":0,"4.2-4.3":0,"5.0-5.1":0,"6.0-6.1":0,"7.0-7.1":0.00525372953305,"8":0,"8.1-8.4":0.00583747725894,"9.0-9.2":0.0269983323226,"9.3":0.0186312815848,"10.0-10.2":0.113976743481,"10.3":0.31060243582},"android":{"2.1":0,"2.2":0,"2.3":0,"3":0,"4":0,"4.1":0.111853885505,"4.2-4.3":0.329230304507,"4.4":0.823075761267,"4.4.3-4.4.4":0.468520048721,"56":null},"op_mob":{"10":0,"11":0,"11.1":0,"11.5":0,"12":0,"12.1":0,"0":0.00593354323725},"ie":{"5.5":null,"6":0.000748131428571,"7":0.000748131428571,"8":0.0239402057143,"9":0.00486285428571,"10":0.0175810885714,"11":0.213965588571},"edge":{"12":0.019769,"13":0.020515,"14":0.040284,"15":null},"bb":{"7":0.0072195,"10":null},"samsung":{"4":0.77008,"5":null},"ie_mob":{"10":0.0237818823529,"11":0.120608117647},"op_mini":{"0":1.33208045676},"and_chr":{"0":9.348613},"baidu":{"0":null},"and_ff":{"0":0.154016},"and_qq":{"1.2":null},"and_uc":{"0":81.830626}},"total":99.3922145}