{"id":"MM","name":"Myanmar","month":"2017-05","access_date":"2017-06-04","data":{"chrome":{"4":null,"5":null,"6":null,"7":null,"8":null,"9":null,"10":null,"11":0.045906,"12":null,"13":null,"14":null,"15":null,"16":null,"17":null,"18":0.006558,"19":null,"20":0.002186,"21":0.002186,"22":0.006558,"23":null,"24":0.004372,"25":0.02186,"26":null,"27":null,"28":0.008744,"29":0.013116,"30":0.006558,"31":0.067766,"32":0.052464,"33":0.017488,"34":0.002186,"35":null,"36":0.026232,"37":null,"38":0.02186,"39":0.01093,"40":0.002186,"41":null,"42":null,"43":0.026232,"44":0.019674,"45":0.030604,"46":0.006558,"47":0.013116,"48":0.004372,"49":0.069952,"50":0.030604,"51":0.034976,"52":0.01093,"53":0.024046,"54":0.026232,"55":0.089626,"56":0.115858,"57":1.523642,"58":5.23547,"59":0.061208,"60":0.03279,"61":null},"firefox":{"2":0.017488,"3":0.013116,"3.5":null,"3.6":0.015302,"4":0.008744,"5":0.006558,"6":0.004372,"7":0.004372,"8":0.008744,"9":0.006558,"10":0.004372,"11":0.02186,"12":0.037162,"13":0.013116,"14":0.006558,"15":0.013116,"16":0.01093,"17":0.004372,"18":0.013116,"19":0.03279,"20":0.013116,"21":0.015302,"22":0.006558,"23":0.041534,"24":0.013116,"25":0.02186,"26":0.048092,"27":0.026232,"28":0.028418,"29":0.093998,"30":0.083068,"31":0.039348,"32":0.026232,"33":0.024046,"34":0.041534,"35":0.067766,"36":0.102742,"37":0.05465,"38":0.069952,"39":0.091812,"40":0.063394,"41":0.111486,"42":0.061208,"43":0.277622,"44":0.225158,"45":0.089626,"46":0.072138,"47":0.515896,"48":0.279808,"49":0.177066,"50":0.212042,"51":0.220786,"52":0.450316,"53":5.681414,"54":1.676662,"55":0.002186,"56":null},"opera":{"9":null,"9.5-9.6":null,"10.0-10.1":0,"10.5":null,"10.6":null,"11":null,"11.1":null,"11.5":null,"11.6":null,"12":null,"12.1":0.002186,"15":null,"16":null,"17":null,"18":null,"19":null,"20":null,"21":null,"22":null,"23":null,"24":null,"25":null,"26":null,"27":null,"28":null,"29":null,"30":null,"31":null,"32":null,"33":null,"34":null,"35":0.004372,"36":null,"37":0.008744,"38":null,"39":null,"40":null,"41":0.008744,"42":0.01093,"43":0.067766,"44":0.052464,"45":0.072138,"46":null},"safari":{"3.1":null,"3.2":null,"4":0,"5":null,"5.1":0.004372,"6":null,"6.1":null,"7":0.006558,"7.1":null,"8":0.04372,"9":0.05465,"9.1":0.133346,"10":0.18581,"10.1":0.367248,"0":null},"ios_saf":{"3.2":0,"4.0-4.1":0,"4.2-4.3":0,"5.0-5.1":0,"6.0-6.1":0,"7.0-7.1":0.0430741419042,"8":0,"8.1-8.4":0.0478601576713,"9.0-9.2":0.22135322923,"9.3":0.152753669901,"10.0-10.2":0.934469578532,"10.3":2.54655922276},"android":{"2.1":0,"2.2":0,"2.3":0,"3":0,"4":0,"4.1":0.794991220463,"4.2-4.3":2.33997415834,"4.4":5.84993539586,"4.4.3-4.4.4":3.32996322533,"56":null},"op_mob":{"10":0,"11":0,"11.1":0,"11.5":0,"12":0,"12.1":0,"0":0.0358647006652},"ie":{"5.5":null,"6":null,"7":null,"8":0.0689097299578,"9":0.0422349957806,"10":0.0155602616034,"11":0.400121012658},"edge":{"12":0.039348,"13":0.02186,"14":0.16395,"15":null},"bb":{"7":0,"10":null},"samsung":{"4":3.180298,"5":null},"ie_mob":{"10":0.00514804705882,"11":0.0261079529412},"op_mini":{"0":8.05162529933},"and_chr":{"0":41.838466},"baidu":{"0":null},"and_ff":{"0":0.125024},"and_qq":{"1.2":null},"and_uc":{"0":8.767308}},"total":99.009684}