{"id":"MN","name":"Mongolia","month":"2017-05","access_date":"2017-06-04","data":{"chrome":{"4":null,"5":null,"6":null,"7":null,"8":null,"9":null,"10":0.005912,"11":0.041384,"12":0.02956,"13":0.005912,"14":null,"15":null,"16":null,"17":null,"18":null,"19":0.017736,"20":null,"21":null,"22":0.011824,"23":0.076856,"24":null,"25":0.02956,"26":0.011824,"27":0.023648,"28":0.005912,"29":0.005912,"30":0.070944,"31":0.023648,"32":0.023648,"33":0.035472,"34":0.017736,"35":0.005912,"36":0.112328,"37":null,"38":0.017736,"39":0.017736,"40":null,"41":0.005912,"42":0.011824,"43":0.106416,"44":0.041384,"45":0.035472,"46":0.011824,"47":0.047296,"48":0.023648,"49":0.898624,"50":0.05912,"51":0.065032,"52":0.112328,"53":0.100504,"54":0.094592,"55":0.833592,"56":0.449312,"57":8.915296,"58":29.725536,"59":0.112328,"60":0.165536,"61":0.005912},"firefox":{"2":null,"3":0.005912,"3.5":0.05912,"3.6":0.005912,"4":0.005912,"5":null,"6":null,"7":null,"8":null,"9":0.005912,"10":null,"11":0.011824,"12":0.005912,"13":null,"14":null,"15":0.011824,"16":0.011824,"17":0.005912,"18":null,"19":null,"20":0.005912,"21":null,"22":null,"23":null,"24":0.011824,"25":null,"26":null,"27":0.011824,"28":null,"29":0.017736,"30":0.017736,"31":0.011824,"32":0.023648,"33":null,"34":0.011824,"35":0.017736,"36":null,"37":0.005912,"38":0.02956,"39":0.011824,"40":0.017736,"41":0.05912,"42":0.011824,"43":0.100504,"44":0.02956,"45":0.100504,"46":0.023648,"47":0.153712,"48":0.082768,"49":0.11824,"50":0.08868,"51":0.165536,"52":0.62076,"53":7.738808,"54":0.467048,"55":null,"56":null},"opera":{"9":null,"9.5-9.6":null,"10.0-10.1":0,"10.5":null,"10.6":null,"11":null,"11.1":null,"11.5":null,"11.6":null,"12":null,"12.1":null,"15":null,"16":null,"17":null,"18":null,"19":null,"20":null,"21":null,"22":null,"23":null,"24":null,"25":null,"26":null,"27":null,"28":null,"29":null,"30":null,"31":null,"32":null,"33":null,"34":null,"35":0.011824,"36":0.02956,"37":null,"38":null,"39":null,"40":null,"41":0.011824,"42":0.065032,"43":0.378368,"44":0.614848,"45":0.703528,"46":null},"safari":{"3.1":null,"3.2":null,"4":0,"5":0.011824,"5.1":null,"6":null,"6.1":null,"7":0.011824,"7.1":null,"8":0.017736,"9":0.02956,"9.1":0.08868,"10":0.153712,"10.1":0.520256,"0":null},"ios_saf":{"3.2":0,"4.0-4.1":0,"4.2-4.3":0,"5.0-5.1":0,"6.0-6.1":0,"7.0-7.1":0.0903624014554,"8":0,"8.1-8.4":0.100402668284,"9.0-9.2":0.464362340813,"9.3":0.320451849606,"10.0-10.2":1.96036209824,"10.3":5.3422586416},"android":{"2.1":0,"2.2":0,"2.3":0,"3":0,"4":0,"4.1":0.847655015834,"4.2-4.3":2.49498457491,"4.4":6.23746143727,"4.4.3-4.4.4":3.55055497199,"56":null},"op_mob":{"10":0,"11":0,"11.1":0,"11.5":0,"12":0,"12.1":0,"0":0.00101520177384},"ie":{"5.5":null,"6":null,"7":null,"8":0.190863147929,"9":0.0369412544379,"10":0.0246275029586,"11":0.788080094675},"edge":{"12":0.05912,"13":0.124152,"14":0.41384,"15":null},"bb":{"7":0.02044,"10":null},"samsung":{"4":4.643968,"5":null},"ie_mob":{"10":0.0107730823529,"11":0.0546349176471},"op_mini":{"0":0.227912798226},"and_chr":{"0":14.667192},"baidu":{"0":null},"and_ff":{"0":0.04088},"and_qq":{"1.2":null},"and_uc":{"0":0.322952}},"total":98.183384}