{"id":"MO","name":"Macao","month":"2017-05","access_date":"2017-06-04","data":{"chrome":{"4":null,"5":null,"6":null,"7":null,"8":null,"9":null,"10":null,"11":0.04344,"12":null,"13":null,"14":null,"15":null,"16":null,"17":0.01086,"18":null,"19":null,"20":null,"21":null,"22":0.02172,"23":null,"24":null,"25":0.06516,"26":0.02172,"27":null,"28":null,"29":0.02172,"30":0.02715,"31":0.04344,"32":null,"33":null,"34":0.02172,"35":0.02172,"36":0.19005,"37":0.00543,"38":0.0543,"39":0.03258,"40":0.01629,"41":0.00543,"42":0.02715,"43":0.09231,"44":0.03258,"45":1.10229,"46":0.03801,"47":0.13575,"48":0.03801,"49":1.44438,"50":0.28236,"51":0.2715,"52":0.15747,"53":0.13575,"54":0.19005,"55":0.76563,"56":1.49868,"57":7.23819,"58":20.7969,"59":0.08145,"60":0.06516,"61":null},"firefox":{"2":null,"3":null,"3.5":null,"3.6":null,"4":null,"5":null,"6":null,"7":null,"8":null,"9":null,"10":null,"11":0.00543,"12":null,"13":null,"14":null,"15":null,"16":null,"17":null,"18":null,"19":null,"20":null,"21":null,"22":null,"23":null,"24":null,"25":null,"26":null,"27":null,"28":null,"29":null,"30":0.00543,"31":0.00543,"32":0.02172,"33":null,"34":0.00543,"35":null,"36":null,"37":null,"38":0.05973,"39":0.03258,"40":0.02715,"41":null,"42":0.07059,"43":0.02172,"44":null,"45":0.01629,"46":null,"47":0.08688,"48":0.09774,"49":0.01086,"50":0.03801,"51":0.02172,"52":0.32037,"53":3.67068,"54":0.02172,"55":null,"56":null},"opera":{"9":null,"9.5-9.6":null,"10.0-10.1":0,"10.5":null,"10.6":null,"11":null,"11.1":null,"11.5":null,"11.6":null,"12":null,"12.1":0.05973,"15":null,"16":null,"17":null,"18":null,"19":null,"20":null,"21":null,"22":null,"23":null,"24":null,"25":null,"26":null,"27":null,"28":null,"29":null,"30":null,"31":null,"32":null,"33":null,"34":null,"35":null,"36":0.01629,"37":0.02172,"38":null,"39":null,"40":null,"41":null,"42":null,"43":0.03801,"44":0.08145,"45":0.08688,"46":null},"safari":{"3.1":null,"3.2":null,"4":0,"5":0.02172,"5.1":0.09231,"6":0.0543,"6.1":0.07602,"7":0.08688,"7.1":null,"8":0.34209,"9":0.10317,"9.1":0.94482,"10":0.79821,"10.1":1.69416,"0":null},"ios_saf":{"3.2":0,"4.0-4.1":0,"4.2-4.3":0,"5.0-5.1":0,"6.0-6.1":0,"7.0-7.1":0.263050100667,"8":0,"8.1-8.4":0.29227788963,"9.0-9.2":1.35178523954,"9.3":0.932853597736,"10.0-10.2":5.70672579503,"10.3":15.5516193774},"android":{"2.1":0,"2.2":0,"2.3":0,"3":0,"4":0,"4.1":0.0882297649208,"4.2-4.3":0.259695157125,"4.4":0.649237892814,"4.4.3-4.4.4":0.36956618514,"56":null},"op_mob":{"10":0,"11":0,"11.1":0,"11.5":0,"12":0,"12.1":0,"0":0.000608115299335},"ie":{"5.5":null,"6":0.00566405172414,"7":null,"8":0.368163362069,"9":0.826951551724,"10":0.877928017241,"11":5.14862301724},"edge":{"12":0.05973,"13":0.22806,"14":1.16745,"15":null},"bb":{"7":0.0022855,"10":null},"samsung":{"4":3.259123,"5":null},"ie_mob":{"10":0.00301148235294,"11":0.0152725176471},"op_mini":{"0":0.136521884701},"and_chr":{"0":15.500109},"baidu":{"0":null},"and_ff":{"0":0.095991},"and_qq":{"1.2":null},"and_uc":{"0":1.23417}},"total":98.4482935}