{"id":"MP","name":"Northern Mariana Islands","month":"2017-05","access_date":"2017-06-04","data":{"chrome":{"4":null,"5":null,"6":null,"7":null,"8":null,"9":null,"10":null,"11":null,"12":null,"13":null,"14":null,"15":null,"16":null,"17":null,"18":null,"19":null,"20":null,"21":null,"22":null,"23":null,"24":null,"25":null,"26":0.011132,"27":null,"28":null,"29":0.016698,"30":null,"31":null,"32":null,"33":null,"34":null,"35":null,"36":null,"37":null,"38":0.005566,"39":null,"40":null,"41":null,"42":null,"43":0.050094,"44":0.044528,"45":0.356224,"46":null,"47":0.011132,"48":null,"49":1.090936,"50":0.105754,"51":0.011132,"52":0.022264,"53":0.02783,"54":null,"55":0.233772,"56":0.718014,"57":9.43437,"58":29.343952,"59":0.044528,"60":0.300564,"61":null},"firefox":{"2":null,"3":null,"3.5":null,"3.6":null,"4":null,"5":null,"6":null,"7":null,"8":null,"9":null,"10":null,"11":null,"12":null,"13":null,"14":null,"15":null,"16":null,"17":null,"18":null,"19":null,"20":0.011132,"21":null,"22":null,"23":null,"24":null,"25":null,"26":null,"27":null,"28":null,"29":null,"30":null,"31":null,"32":null,"33":null,"34":null,"35":null,"36":null,"37":null,"38":null,"39":null,"40":0.02783,"41":null,"42":null,"43":0.05566,"44":0.005566,"45":null,"46":null,"47":0.244904,"48":0.283866,"49":0.08349,"50":0.077924,"51":0.02783,"52":0.423016,"53":3.22828,"54":0.05566,"55":null,"56":null},"opera":{"9":null,"9.5-9.6":null,"10.0-10.1":0,"10.5":null,"10.6":null,"11":null,"11.1":null,"11.5":null,"11.6":null,"12":null,"12.1":null,"15":null,"16":null,"17":null,"18":null,"19":null,"20":null,"21":null,"22":null,"23":null,"24":null,"25":null,"26":null,"27":null,"28":null,"29":null,"30":null,"31":null,"32":null,"33":null,"34":null,"35":null,"36":0.02783,"37":null,"38":null,"39":null,"40":null,"41":null,"42":null,"43":0.044528,"44":0.016698,"45":0.02783,"46":null},"safari":{"3.1":null,"3.2":null,"4":0,"5":0.044528,"5.1":0.022264,"6":null,"6.1":null,"7":0.005566,"7.1":null,"8":0.05566,"9":0.038962,"9.1":0.261602,"10":0.328394,"10.1":0.634524,"0":null},"ios_saf":{"3.2":0,"4.0-4.1":0,"4.2-4.3":0,"5.0-5.1":0,"6.0-6.1":0,"7.0-7.1":0.108634639175,"8":0,"8.1-8.4":0.120705154639,"9.0-9.2":0.558261340206,"9.3":0.385250618557,"10.0-10.2":2.35676814433,"10.3":6.42252010309},"android":{"2.1":0,"2.2":0,"2.3":0,"3":0,"4":0,"4.1":0.136566668697,"4.2-4.3":0.401969817296,"4.4":1.00492454324,"4.4.3-4.4.4":0.572033970767,"56":null},"op_mob":{"10":0,"11":0,"11.1":0,"11.5":0,"12":0,"12.1":0,"0":0.00261576496674},"ie":{"5.5":null,"6":null,"7":0.0457222375479,"8":0.217180628352,"9":0.0685833563218,"10":0.0457222375479,"11":2.60616754023},"edge":{"12":0.172546,"13":0.13915,"14":2.883188,"15":null},"bb":{"7":0,"10":null},"samsung":{"4":3.880625,"5":null},"ie_mob":{"10":0.0138789411765,"11":0.0703860588235},"op_mini":{"0":0.587239235033},"and_chr":{"0":26.495658},"baidu":{"0":null},"and_ff":{"0":0.031045},"and_qq":{"1.2":null},"and_uc":{"0":1.96027}},"total":99.149647}