{"id":"MQ","name":"Martinique","month":"2017-05","access_date":"2017-06-04","data":{"chrome":{"4":null,"5":null,"6":null,"7":null,"8":null,"9":null,"10":null,"11":0.010964,"12":null,"13":null,"14":null,"15":null,"16":null,"17":null,"18":null,"19":null,"20":null,"21":null,"22":null,"23":null,"24":null,"25":null,"26":null,"27":null,"28":null,"29":null,"30":null,"31":0.010964,"32":null,"33":null,"34":0.010964,"35":0.005482,"36":0.158978,"37":null,"38":0.010964,"39":0.010964,"40":null,"41":0.005482,"42":null,"43":0.021928,"44":0.005482,"45":0.02741,"46":0.010964,"47":0.032892,"48":0.016446,"49":0.674286,"50":0.021928,"51":0.043856,"52":0.049338,"53":0.021928,"54":0.115122,"55":0.208316,"56":0.290546,"57":7.225276,"58":21.993784,"59":0.049338,"60":0.323438,"61":null},"firefox":{"2":null,"3":null,"3.5":null,"3.6":null,"4":null,"5":null,"6":null,"7":null,"8":null,"9":null,"10":null,"11":null,"12":null,"13":null,"14":null,"15":null,"16":null,"17":null,"18":null,"19":null,"20":null,"21":0.049338,"22":null,"23":null,"24":null,"25":null,"26":null,"27":0.032892,"28":null,"29":null,"30":null,"31":0.005482,"32":null,"33":0.005482,"34":null,"35":null,"36":null,"37":null,"38":0.021928,"39":0.016446,"40":null,"41":0.010964,"42":null,"43":0.010964,"44":0.038374,"45":0.142532,"46":0.010964,"47":0.098676,"48":0.635912,"49":0.016446,"50":0.049338,"51":0.049338,"52":0.487898,"53":6.342674,"54":0.389222,"55":null,"56":null},"opera":{"9":null,"9.5-9.6":null,"10.0-10.1":0,"10.5":null,"10.6":null,"11":null,"11.1":null,"11.5":null,"11.6":null,"12":null,"12.1":0.016446,"15":null,"16":null,"17":null,"18":null,"19":null,"20":null,"21":null,"22":null,"23":null,"24":null,"25":null,"26":null,"27":null,"28":null,"29":null,"30":null,"31":0.005482,"32":null,"33":null,"34":null,"35":0.010964,"36":null,"37":null,"38":null,"39":null,"40":null,"41":null,"42":0.005482,"43":0.10964,"44":0.241208,"45":0.350848,"46":null},"safari":{"3.1":null,"3.2":null,"4":0.016446,"5":0.021928,"5.1":0.076748,"6":0.016446,"6.1":0.038374,"7":0.016446,"7.1":null,"8":0.05482,"9":0.257654,"9.1":0.542718,"10":0.772962,"10.1":2.532684,"0":null},"ios_saf":{"3.2":0,"4.0-4.1":0,"4.2-4.3":0,"5.0-5.1":0,"6.0-6.1":0,"7.0-7.1":0.0772306755609,"8":0,"8.1-8.4":0.0858118617344,"9.0-9.2":0.396879860522,"9.3":0.273882858702,"10.0-10.2":1.67547660036,"10.3":4.56590614312},"android":{"2.1":0,"2.2":0,"2.3":0,"3":0,"4":0,"4.1":0.0810818660171,"4.2-4.3":0.238656058465,"4.4":0.596640146163,"4.4.3-4.4.4":0.339625929354,"56":null},"op_mob":{"10":0,"11":0,"11.1":0,"11.5":0,"12":0,"12.1":0,"0":0.00088156097561},"ie":{"5.5":null,"6":null,"7":0.0109990848,"8":0.1044913056,"9":0.0714940512,"10":0.164986272,"11":3.0852432864},"edge":{"12":0.098676,"13":0.230244,"14":3.579746,"15":null},"bb":{"7":0.002259,"10":null},"samsung":{"4":5.439672,"5":null},"ie_mob":{"10":0.0401836235294,"11":0.203788376471},"op_mini":{"0":0.197910439024},"and_chr":{"0":31.542052},"baidu":{"0":null},"and_ff":{"0":0.040662},"and_qq":{"1.2":null},"and_uc":{"0":0.09036}},"total":98.094047}