{"id":"MR","name":"Mauritania","month":"2017-05","access_date":"2017-06-04","data":{"chrome":{"4":0.004982,"5":0.027401,"6":0.017437,"7":0.034874,"8":0.002491,"9":0.062275,"10":0.007473,"11":0.077221,"12":0.042347,"13":0.012455,"14":0.004982,"15":0.02491,"16":0.02491,"17":0.019928,"18":0.004982,"19":0.007473,"20":null,"21":0.012455,"22":0.012455,"23":0.012455,"24":0.002491,"25":0.057293,"26":0.012455,"27":0.037365,"28":0.04982,"29":0.037365,"30":0.009964,"31":0.032383,"32":0.004982,"33":0.077221,"34":0.019928,"35":0.007473,"36":0.007473,"37":null,"38":0.012455,"39":0.004982,"40":0.004982,"41":0.117077,"42":0.032383,"43":0.356213,"44":0.054802,"45":0.144478,"46":0.029892,"47":0.02491,"48":0.034874,"49":0.941598,"50":0.032383,"51":0.029892,"52":0.027401,"53":0.094658,"54":0.054802,"55":0.283974,"56":0.244118,"57":2.879596,"58":8.153043,"59":0.034874,"60":0.009964,"61":null},"firefox":{"2":null,"3":0.07473,"3.5":0.007473,"3.6":0.017437,"4":0.004982,"5":null,"6":0.004982,"7":0.002491,"8":0.004982,"9":0.007473,"10":0.022419,"11":0.042347,"12":0.052311,"13":0.019928,"14":0.02491,"15":0.004982,"16":0.029892,"17":0.042347,"18":0.007473,"19":0.004982,"20":0.007473,"21":0.042347,"22":0.007473,"23":null,"24":0.007473,"25":0.014946,"26":0.022419,"27":0.004982,"28":0.002491,"29":0.012455,"30":0.017437,"31":0.007473,"32":0.019928,"33":0.009964,"34":0.014946,"35":0.017437,"36":0.022419,"37":0.022419,"38":0.009964,"39":0.014946,"40":0.027401,"41":0.007473,"42":0.109604,"43":0.196789,"44":0.029892,"45":0.037365,"46":0.037365,"47":0.179352,"48":0.161915,"49":0.077221,"50":0.127041,"51":0.141987,"52":0.864377,"53":3.245773,"54":0.094658,"55":null,"56":null},"opera":{"9":null,"9.5-9.6":null,"10.0-10.1":0,"10.5":null,"10.6":null,"11":null,"11.1":null,"11.5":null,"11.6":null,"12":null,"12.1":0.009964,"15":null,"16":null,"17":0.014946,"18":0.004982,"19":null,"20":null,"21":null,"22":null,"23":null,"24":null,"25":null,"26":null,"27":null,"28":null,"29":null,"30":null,"31":null,"32":null,"33":null,"34":null,"35":null,"36":0.029892,"37":0.002491,"38":null,"39":null,"40":null,"41":null,"42":0.022419,"43":0.154442,"44":0.09964,"45":0.139496,"46":null},"safari":{"3.1":null,"3.2":null,"4":0.014946,"5":null,"5.1":0.002491,"6":null,"6.1":null,"7":null,"7.1":0.004982,"8":0.004982,"9":0.007473,"9.1":0.032383,"10":0.039856,"10.1":0.097149,"0":null},"ios_saf":{"3.2":0,"4.0-4.1":0,"4.2-4.3":0,"5.0-5.1":0,"6.0-6.1":0,"7.0-7.1":0.0699077210431,"8":0,"8.1-8.4":0.0776752456034,"9.0-9.2":0.359248010916,"9.3":0.247913492218,"10.0-10.2":1.51660917041,"10.3":4.13297035981},"android":{"2.1":0,"2.2":0,"2.3":0,"3":0,"4":0,"4.1":0.767251756395,"4.2-4.3":2.25832592448,"4.4":5.64581481121,"4.4.3-4.4.4":3.21377150792,"56":null},"op_mob":{"10":0,"11":0,"11.1":0,"11.5":0,"12":0,"12.1":0,"0":0.0322294634146},"ie":{"5.5":null,"6":0.00554974928775,"7":null,"8":0.460629190883,"9":0.124869358974,"10":0.163717603989,"11":1.19319609687},"edge":{"12":0.042347,"13":0.044838,"14":0.2491,"15":null},"bb":{"7":0.005631,"10":null},"samsung":{"4":5.263108,"5":null},"ie_mob":{"10":0.0370983529412,"11":0.188141647059},"op_mini":{"0":7.23551453659},"and_chr":{"0":41.906792},"baidu":{"0":null},"and_ff":{"0":0.030032},"and_qq":{"1.2":null},"and_uc":{"0":2.958152}},"total":99.279384}