{"id":"MS","name":"Montserrat","month":"2017-05","access_date":"2017-06-04","data":{"chrome":{"4":null,"5":null,"6":null,"7":null,"8":null,"9":null,"10":null,"11":null,"12":null,"13":null,"14":null,"15":null,"16":null,"17":null,"18":null,"19":null,"20":null,"21":null,"22":0.011666,"23":null,"24":null,"25":null,"26":null,"27":0.029165,"28":0.017499,"29":0.011666,"30":null,"31":null,"32":0.011666,"33":null,"34":null,"35":0.011666,"36":0.011666,"37":null,"38":0.05833,"39":null,"40":null,"41":0.017499,"42":null,"43":0.046664,"44":null,"45":null,"46":0.011666,"47":0.017499,"48":0.17499,"49":0.285817,"50":0.11666,"51":8.656172,"52":0.011666,"53":null,"54":0.139992,"55":0.460807,"56":0.880783,"57":7.927047,"58":18.519775,"59":0.314982,"60":0.705793,"61":null},"firefox":{"2":null,"3":0.029165,"3.5":null,"3.6":null,"4":null,"5":null,"6":null,"7":null,"8":null,"9":null,"10":null,"11":null,"12":null,"13":null,"14":null,"15":null,"16":null,"17":null,"18":null,"19":null,"20":null,"21":null,"22":null,"23":null,"24":null,"25":null,"26":null,"27":null,"28":null,"29":null,"30":null,"31":null,"32":null,"33":null,"34":null,"35":null,"36":null,"37":null,"38":null,"39":null,"40":0.11666,"41":null,"42":null,"43":null,"44":0.011666,"45":0.075829,"46":null,"47":3.785617,"48":null,"49":0.040831,"50":0.186656,"51":0.414143,"52":0.501638,"53":2.029884,"54":0.011666,"55":null,"56":null},"opera":{"9":null,"9.5-9.6":null,"10.0-10.1":0,"10.5":null,"10.6":null,"11":null,"11.1":null,"11.5":null,"11.6":null,"12":null,"12.1":0.011666,"15":null,"16":null,"17":null,"18":null,"19":null,"20":null,"21":null,"22":null,"23":null,"24":null,"25":null,"26":null,"27":null,"28":0.040831,"29":null,"30":null,"31":null,"32":null,"33":null,"34":null,"35":null,"36":null,"37":null,"38":null,"39":null,"40":null,"41":null,"42":null,"43":0.507471,"44":0.34998,"45":0.104994,"46":null},"safari":{"3.1":null,"3.2":null,"4":0.128326,"5":null,"5.1":null,"6":null,"6.1":null,"7":null,"7.1":null,"8":null,"9":null,"9.1":0.204155,"10":0.099161,"10.1":0.775789,"0":null},"ios_saf":{"3.2":0,"4.0-4.1":0,"4.2-4.3":0,"5.0-5.1":0,"6.0-6.1":0,"7.0-7.1":0.0558110139478,"8":0,"8.1-8.4":0.0620122377198,"9.0-9.2":0.286806599454,"9.3":0.197922392056,"10.0-10.2":1.21078894148,"10.3":3.29956781534},"android":{"2.1":0,"2.2":0,"2.3":0,"3":0,"4":0,"4.1":0.304510757613,"4.2-4.3":0.89629581486,"4.4":2.24073953715,"4.4.3-4.4.4":1.27549789038,"56":null},"op_mob":{"10":0,"11":0,"11.1":0,"11.5":0,"12":0,"12.1":0,"0":0.00160766740576},"ie":{"5.5":null,"6":0.0311411331776,"7":0.0311411331776,"8":0.249129065421,"9":0.280270198598,"10":0.274041971963,"11":4.46563849766},"edge":{"12":null,"13":1.697403,"14":1.487415,"15":null},"bb":{"7":0.0062505,"10":null},"samsung":{"4":1.445949,"5":null},"ie_mob":{"10":0.0171582352941,"11":0.0870167647059},"op_mini":{"0":0.360921332594},"and_chr":{"0":30.545644},"baidu":{"0":null},"and_ff":{"0":0.045837},"and_qq":{"1.2":null},"and_uc":{"0":0.245853}},"total":98.9796345}