{"id":"MT","name":"Malta","month":"2017-05","access_date":"2017-06-04","data":{"chrome":{"4":null,"5":null,"6":null,"7":null,"8":null,"9":null,"10":null,"11":0.013536,"12":null,"13":null,"14":null,"15":null,"16":null,"17":null,"18":null,"19":null,"20":null,"21":null,"22":0.020304,"23":null,"24":null,"25":null,"26":0.03384,"27":null,"28":null,"29":null,"30":null,"31":0.006768,"32":null,"33":0.006768,"34":0.013536,"35":null,"36":0.311328,"37":0.087984,"38":0.020304,"39":0.027072,"40":0.006768,"41":0.006768,"42":null,"43":0.03384,"44":0.03384,"45":0.054144,"46":0.013536,"47":0.020304,"48":0.020304,"49":1.698768,"50":0.040608,"51":0.094752,"52":0.054144,"53":0.054144,"54":1.001664,"55":0.331632,"56":0.412848,"57":10.503936,"58":32.053248,"59":0.074448,"60":0.081216,"61":null},"firefox":{"2":null,"3":null,"3.5":null,"3.6":null,"4":null,"5":null,"6":null,"7":null,"8":null,"9":null,"10":0.006768,"11":null,"12":0.020304,"13":null,"14":null,"15":null,"16":null,"17":null,"18":null,"19":null,"20":null,"21":null,"22":null,"23":null,"24":null,"25":null,"26":null,"27":0.006768,"28":null,"29":0.013536,"30":0.013536,"31":0.006768,"32":null,"33":0.013536,"34":0.013536,"35":0.013536,"36":0.020304,"37":0.020304,"38":0.040608,"39":0.054144,"40":0.020304,"41":0.013536,"42":0.013536,"43":0.047376,"44":0.027072,"45":0.108288,"46":0.06768,"47":0.182736,"48":0.209808,"49":0.115056,"50":0.121824,"51":0.115056,"52":0.703872,"53":5.285808,"54":0.23688,"55":null,"56":null},"opera":{"9":null,"9.5-9.6":null,"10.0-10.1":0,"10.5":null,"10.6":null,"11":null,"11.1":null,"11.5":null,"11.6":null,"12":null,"12.1":0.020304,"15":null,"16":null,"17":null,"18":null,"19":null,"20":null,"21":null,"22":null,"23":null,"24":null,"25":null,"26":null,"27":null,"28":null,"29":null,"30":null,"31":null,"32":null,"33":null,"34":null,"35":null,"36":0.013536,"37":null,"38":0.006768,"39":null,"40":null,"41":null,"42":null,"43":0.182736,"44":0.189504,"45":0.23688,"46":null},"safari":{"3.1":null,"3.2":null,"4":0,"5":0.020304,"5.1":0.03384,"6":null,"6.1":0.006768,"7":0.013536,"7.1":null,"8":0.10152,"9":0.108288,"9.1":0.500832,"10":0.798624,"10.1":2.111616,"0":null},"ios_saf":{"3.2":0,"4.0-4.1":0,"4.2-4.3":0,"5.0-5.1":0,"6.0-6.1":0,"7.0-7.1":0.0951195427532,"8":0,"8.1-8.4":0.105688380837,"9.0-9.2":0.488808761371,"9.3":0.337322082171,"10.0-10.2":2.06356563584,"10.3":5.62350259703},"android":{"2.1":0,"2.2":0,"2.3":0,"3":0,"4":0,"4.1":0.0523532192448,"4.2-4.3":0.154096267966,"4.4":0.385240669915,"4.4.3-4.4.4":0.219290842875,"56":null},"op_mob":{"10":0,"11":0,"11.1":0,"11.5":0,"12":0,"12.1":0,"0":0.00032954767184},"ie":{"5.5":null,"6":null,"7":null,"8":0.149163317774,"9":0.0881419605027,"10":0.0745816588869,"11":3.46465706284},"edge":{"12":0.074448,"13":0.487296,"14":2.592144,"15":null},"bb":{"7":0.00565425,"10":null},"samsung":{"4":4.122756,"5":null},"ie_mob":{"10":0.0532164705882,"11":0.269883529412},"op_mini":{"0":0.0739834523282},"and_chr":{"0":18.335817},"baidu":{"0":null},"and_ff":{"0":0.016155},"and_qq":{"1.2":null},"and_uc":{"0":0.138933}},"total":98.46203625}