{"id":"MU","name":"Mauritius","month":"2017-05","access_date":"2017-06-04","data":{"chrome":{"4":null,"5":null,"6":null,"7":null,"8":null,"9":null,"10":null,"11":0.04168,"12":0.01042,"13":null,"14":null,"15":null,"16":null,"17":null,"18":0.01042,"19":null,"20":0.01042,"21":null,"22":0.06252,"23":null,"24":null,"25":null,"26":0.02084,"27":0.00521,"28":0.00521,"29":0.03126,"30":null,"31":0.05731,"32":0.00521,"33":0.01042,"34":0.07294,"35":0.00521,"36":0.06773,"37":0.01042,"38":0.0521,"39":0.02605,"40":0.01042,"41":0.01042,"42":0.01042,"43":0.09378,"44":0.02084,"45":0.04689,"46":0.01563,"47":0.01042,"48":0.02605,"49":0.89612,"50":0.02605,"51":0.09378,"52":0.09378,"53":0.09378,"54":0.22403,"55":0.4689,"56":0.4168,"57":7.75769,"58":23.86701,"59":0.1042,"60":0.1042,"61":null},"firefox":{"2":null,"3":null,"3.5":null,"3.6":0.00521,"4":null,"5":null,"6":null,"7":null,"8":null,"9":null,"10":null,"11":0.00521,"12":0.00521,"13":null,"14":null,"15":0.00521,"16":null,"17":null,"18":null,"19":null,"20":0.00521,"21":null,"22":null,"23":null,"24":0.01042,"25":null,"26":null,"27":null,"28":null,"29":null,"30":0.01042,"31":0.01042,"32":null,"33":null,"34":0.01042,"35":0.02605,"36":0.00521,"37":0.02084,"38":0.02084,"39":0.01563,"40":0.01563,"41":0.01042,"42":0.03126,"43":0.0521,"44":0.01563,"45":0.05731,"46":0.02605,"47":0.12504,"48":0.22924,"49":0.06252,"50":0.07815,"51":0.08336,"52":0.60436,"53":6.14259,"54":0.28655,"55":0.00521,"56":null},"opera":{"9":null,"9.5-9.6":null,"10.0-10.1":0,"10.5":null,"10.6":null,"11":null,"11.1":null,"11.5":null,"11.6":null,"12":null,"12.1":0.01563,"15":null,"16":null,"17":null,"18":null,"19":null,"20":null,"21":null,"22":null,"23":null,"24":null,"25":null,"26":null,"27":null,"28":null,"29":0.00521,"30":null,"31":null,"32":null,"33":null,"34":null,"35":null,"36":0.02084,"37":0.00521,"38":0.00521,"39":null,"40":null,"41":null,"42":0.0521,"43":0.31781,"44":0.2605,"45":0.39075,"46":null},"safari":{"3.1":null,"3.2":null,"4":0.00521,"5":0.05731,"5.1":0.07294,"6":null,"6.1":0.01563,"7":0.01563,"7.1":0.01042,"8":0.08857,"9":0.13546,"9.1":0.32823,"10":0.52621,"10.1":1.25561,"0":null},"ios_saf":{"3.2":0,"4.0-4.1":0,"4.2-4.3":0,"5.0-5.1":0,"6.0-6.1":0,"7.0-7.1":0.0376460885385,"8":0,"8.1-8.4":0.041828987265,"9.0-9.2":0.193459066101,"9.3":0.133504184354,"10.0-10.2":0.816710976349,"10.3":2.22565069739},"android":{"2.1":0,"2.2":0,"2.3":0,"3":0,"4":0,"4.1":0.161722302071,"4.2-4.3":0.476012813642,"4.4":1.1900320341,"4.4.3-4.4.4":0.677402850183,"56":null},"op_mob":{"10":0,"11":0,"11.1":0,"11.5":0,"12":0,"12.1":0,"0":0.0210505099778},"ie":{"5.5":null,"6":0.0104621862348,"7":0.00523109311741,"8":0.14123951417,"9":0.0993907692308,"10":0.16216388664,"11":2.16567255061},"edge":{"12":0.11983,"13":0.20319,"14":1.46401,"15":null},"bb":{"7":0.01916,"10":null},"samsung":{"4":5.76716,"5":null},"ie_mob":{"10":0.0994065882353,"11":0.504133411765},"op_mini":{"0":4.72583949002},"and_chr":{"0":28.00493},"baidu":{"0":null},"and_ff":{"0":0.13412},"and_qq":{"1.2":null},"and_uc":{"0":2.75904}},"total":98.82278}