{"id":"MV","name":"Maldives","month":"2017-05","access_date":"2017-06-04","data":{"chrome":{"4":null,"5":null,"6":null,"7":null,"8":null,"9":null,"10":null,"11":0.009141,"12":0.009141,"13":null,"14":null,"15":null,"16":0.003047,"17":0.006094,"18":null,"19":null,"20":0.006094,"21":0.006094,"22":null,"23":null,"24":0.015235,"25":null,"26":0.009141,"27":0.003047,"28":null,"29":0.024376,"30":0.012188,"31":0.088363,"32":0.006094,"33":0.012188,"34":0.015235,"35":null,"36":0.045705,"37":null,"38":0.039611,"39":0.015235,"40":0.006094,"41":null,"42":0.006094,"43":0.100551,"44":0.009141,"45":0.015235,"46":0.009141,"47":0.018282,"48":0.039611,"49":0.228525,"50":0.027423,"51":0.045705,"52":0.015235,"53":0.042658,"54":0.06094,"55":0.210243,"56":0.280324,"57":4.911764,"58":15.259376,"59":0.09141,"60":0.082269,"61":null},"firefox":{"2":null,"3":0.009141,"3.5":null,"3.6":0.015235,"4":0.006094,"5":null,"6":null,"7":null,"8":null,"9":null,"10":null,"11":null,"12":0.006094,"13":0.003047,"14":0.006094,"15":0.006094,"16":0.003047,"17":null,"18":0.009141,"19":null,"20":null,"21":0.006094,"22":null,"23":null,"24":null,"25":null,"26":null,"27":null,"28":null,"29":null,"30":0.033517,"31":null,"32":0.009141,"33":0.012188,"34":0.003047,"35":0.003047,"36":0.006094,"37":0.003047,"38":0.021329,"39":0.003047,"40":null,"41":0.021329,"42":0.012188,"43":0.027423,"44":0.036564,"45":0.042658,"46":0.015235,"47":0.127974,"48":0.100551,"49":0.054846,"50":0.06094,"51":0.131021,"52":0.262042,"53":3.251149,"54":0.466191,"55":null,"56":null},"opera":{"9":null,"9.5-9.6":null,"10.0-10.1":0,"10.5":null,"10.6":null,"11":null,"11.1":null,"11.5":null,"11.6":null,"12":null,"12.1":null,"15":null,"16":null,"17":null,"18":null,"19":null,"20":null,"21":null,"22":0.009141,"23":null,"24":null,"25":null,"26":null,"27":null,"28":null,"29":null,"30":null,"31":null,"32":null,"33":null,"34":null,"35":null,"36":null,"37":0.015235,"38":null,"39":null,"40":0.003047,"41":null,"42":0.012188,"43":0.063987,"44":0.063987,"45":0.070081,"46":null},"safari":{"3.1":null,"3.2":null,"4":0,"5":0.009141,"5.1":null,"6":null,"6.1":0.006094,"7":0.003047,"7.1":null,"8":0.03047,"9":0.024376,"9.1":0.085316,"10":0.27423,"10.1":0.539319,"0":null},"ios_saf":{"3.2":0,"4.0-4.1":0,"4.2-4.3":0,"5.0-5.1":0,"6.0-6.1":0,"7.0-7.1":0.147923072165,"8":0,"8.1-8.4":0.164358969072,"9.0-9.2":0.760160231959,"9.3":0.524579042955,"10.0-10.2":3.20910887113,"10.3":8.74526681271},"android":{"2.1":0,"2.2":0,"2.3":0,"3":0,"4":0,"4.1":0.126127928136,"4.2-4.3":0.371244467722,"4.4":0.928111169306,"4.4.3-4.4.4":0.528309434836,"56":null},"op_mob":{"10":0,"11":0,"11.1":0,"11.5":0,"12":0,"12.1":0,"0":0.0086334368071},"ie":{"5.5":null,"6":null,"7":null,"8":0.048752,"9":0.033517,"10":0.048752,"11":0.557601},"edge":{"12":0.057893,"13":0.100551,"14":0.475332,"15":null},"bb":{"7":0.00173825,"10":null},"samsung":{"4":4.408202,"5":null},"ie_mob":{"10":0.0217588,"11":0.1103482},"op_mini":{"0":1.93820656319},"and_chr":{"0":38.97513},"baidu":{"0":null},"and_ff":{"0":0.041718},"and_qq":{"1.2":null},"and_uc":{"0":9.219678}},"total":99.32335925}