{"id":"MW","name":"Malawi","month":"2017-05","access_date":"2017-06-04","data":{"chrome":{"4":null,"5":null,"6":null,"7":null,"8":null,"9":null,"10":null,"11":0.030856,"12":null,"13":null,"14":null,"15":0.003192,"16":null,"17":null,"18":null,"19":null,"20":0.002128,"21":0.007448,"22":0.001064,"23":null,"24":null,"25":0.001064,"26":0.013832,"27":0.003192,"28":0.002128,"29":0.002128,"30":0.003192,"31":0.02128,"32":null,"33":0.011704,"34":null,"35":0.003192,"36":0.002128,"37":0.012768,"38":0.004256,"39":0.006384,"40":0.023408,"41":0.004256,"42":0.002128,"43":0.022344,"44":0.00532,"45":0.004256,"46":0.011704,"47":0.003192,"48":0.009576,"49":0.103208,"50":0.029792,"51":0.046816,"52":0.008512,"53":0.009576,"54":0.011704,"55":0.050008,"56":0.125552,"57":0.843752,"58":2.544024,"59":0.008512,"60":0.009576,"61":null},"firefox":{"2":null,"3":0.030856,"3.5":0.004256,"3.6":0.004256,"4":0.004256,"5":0.002128,"6":0.003192,"7":0.002128,"8":null,"9":0.002128,"10":0.004256,"11":0.003192,"12":0.034048,"13":0.004256,"14":0.007448,"15":0.009576,"16":0.018088,"17":0.00532,"18":0.011704,"19":0.019152,"20":0.01064,"21":0.018088,"22":0.007448,"23":0.017024,"24":0.014896,"25":0.002128,"26":0.011704,"27":0.00532,"28":0.01064,"29":0.022344,"30":0.030856,"31":0.009576,"32":0.011704,"33":0.024472,"34":0.044688,"35":0.012768,"36":0.006384,"37":0.01064,"38":0.030856,"39":0.017024,"40":0.034048,"41":0.035112,"42":0.011704,"43":0.060648,"44":0.056392,"45":0.03724,"46":0.027664,"47":0.16492,"48":0.071288,"49":0.075544,"50":0.107464,"51":0.062776,"52":0.22344,"53":1.79816,"54":0.27132,"55":0.003192,"56":null},"opera":{"9":null,"9.5-9.6":null,"10.0-10.1":0,"10.5":null,"10.6":0.001064,"11":0.002128,"11.1":null,"11.5":0.004256,"11.6":0.01064,"12":0.003192,"12.1":0.017024,"15":0.001064,"16":null,"17":null,"18":0.004256,"19":0.001064,"20":0.004256,"21":0.002128,"22":0.002128,"23":null,"24":null,"25":null,"26":null,"27":null,"28":null,"29":null,"30":0.003192,"31":0.001064,"32":null,"33":0.006384,"34":0.004256,"35":0.008512,"36":0.022344,"37":0.008512,"38":0.002128,"39":0.01064,"40":0.004256,"41":0.00532,"42":0.056392,"43":0.11704,"44":0.081928,"45":0.061712,"46":null},"safari":{"3.1":null,"3.2":null,"4":0,"5":0.007448,"5.1":0.003192,"6":null,"6.1":null,"7":null,"7.1":0.009576,"8":0.041496,"9":0.009576,"9.1":0.08512,"10":0.040432,"10.1":0.114912,"0":null},"ios_saf":{"3.2":0,"4.0-4.1":0,"4.2-4.3":0,"5.0-5.1":0,"6.0-6.1":0,"7.0-7.1":0.0102419890843,"8":0,"8.1-8.4":0.0113799878714,"9.0-9.2":0.0526324439054,"9.3":0.0363211279563,"10.0-10.2":0.22219426319,"10.3":0.605510187993},"android":{"2.1":0,"2.2":0,"2.3":0,"3":0,"4":0,"4.1":0.174213904994,"4.2-4.3":0.512780550548,"4.4":1.28195137637,"4.4.3-4.4.4":0.729726168088,"56":null},"op_mob":{"10":0,"11":0,"11.1":0,"11.5":0,"12":0,"12.1":0,"0":0.0515949977827},"ie":{"5.5":null,"6":null,"7":0.001064,"8":0.288344,"9":0.030856,"10":0.06384,"11":0.905464},"edge":{"12":0.135128,"13":0.084056,"14":0.2128,"15":null},"bb":{"7":0.163082,"10":null},"samsung":{"4":1.152744,"5":null},"ie_mob":{"10":0.369424752941,"11":1.87351124706},"op_mini":{"0":11.5830770022},"and_chr":{"0":6.629688},"baidu":{"0":null},"and_ff":{"0":0.026808},"and_qq":{"1.2":null},"and_uc":{"0":62.739656}},"total":98.246226}