{"id":"MX","name":"Mexico","month":"2017-05","access_date":"2017-06-04","data":{"chrome":{"4":null,"5":null,"6":null,"7":null,"8":null,"9":null,"10":null,"11":0.022452,"12":null,"13":null,"14":null,"15":null,"16":null,"17":null,"18":null,"19":null,"20":null,"21":0.005613,"22":0.039291,"23":null,"24":null,"25":null,"26":0.011226,"27":null,"28":null,"29":0.005613,"30":null,"31":0.011226,"32":null,"33":null,"34":0.028065,"35":0.016839,"36":0.089808,"37":0.011226,"38":0.033678,"39":0.022452,"40":0.016839,"41":0.022452,"42":0.011226,"43":0.044904,"44":0.033678,"45":0.022452,"46":0.044904,"47":0.033678,"48":0.039291,"49":1.577253,"50":0.044904,"51":0.190842,"52":0.061743,"53":0.084195,"54":0.134712,"55":0.258198,"56":0.460266,"57":8.773119,"58":27.992031,"59":0.084195,"60":0.028065,"61":null},"firefox":{"2":null,"3":null,"3.5":null,"3.6":0.005613,"4":null,"5":null,"6":null,"7":null,"8":null,"9":null,"10":null,"11":null,"12":null,"13":null,"14":null,"15":null,"16":null,"17":null,"18":null,"19":null,"20":null,"21":null,"22":null,"23":null,"24":null,"25":null,"26":null,"27":null,"28":null,"29":null,"30":null,"31":0.005613,"32":null,"33":null,"34":null,"35":0.005613,"36":0.005613,"37":0.005613,"38":0.022452,"39":0.011226,"40":0.011226,"41":0.022452,"42":0.011226,"43":0.039291,"44":0.011226,"45":0.05613,"46":0.016839,"47":0.089808,"48":0.16839,"49":0.044904,"50":0.078582,"51":0.072969,"52":0.404136,"53":3.828066,"54":0.028065,"55":null,"56":null},"opera":{"9":null,"9.5-9.6":null,"10.0-10.1":0,"10.5":null,"10.6":null,"11":null,"11.1":null,"11.5":null,"11.6":null,"12":null,"12.1":0.016839,"15":null,"16":null,"17":null,"18":null,"19":null,"20":null,"21":null,"22":null,"23":null,"24":null,"25":null,"26":null,"27":null,"28":null,"29":null,"30":null,"31":null,"32":null,"33":null,"34":null,"35":null,"36":0.016839,"37":0.005613,"38":null,"39":null,"40":null,"41":0.005613,"42":0.011226,"43":0.190842,"44":0.190842,"45":0.275037,"46":null},"safari":{"3.1":null,"3.2":null,"4":0.005613,"5":0.028065,"5.1":0.044904,"6":0.011226,"6.1":0.033678,"7":0.022452,"7.1":0.005613,"8":0.157164,"9":0.162777,"9.1":0.578139,"10":0.836337,"10.1":1.745643,"0":null},"ios_saf":{"3.2":0,"4.0-4.1":0,"4.2-4.3":0,"5.0-5.1":0,"6.0-6.1":0,"7.0-7.1":0.0657341443299,"8":0,"8.1-8.4":0.0730379381443,"9.0-9.2":0.337800463918,"9.3":0.233112752577,"10.0-10.2":1.42606574227,"10.3":3.88622695876},"android":{"2.1":0,"2.2":0,"2.3":0,"3":0,"4":0,"4.1":0.16450438246,"4.2-4.3":0.484201578563,"4.4":1.21050394641,"4.4.3-4.4.4":0.68905609257,"56":null},"op_mob":{"10":0,"11":0,"11.1":0,"11.5":0,"12":0,"12.1":0,"0":0.00597118403548},"ie":{"5.5":null,"6":0.00567357194245,"7":0.00567357194245,"8":0.23261644964,"9":0.187227874101,"10":0.187227874101,"11":2.53608665827},"edge":{"12":0.067356,"13":0.151551,"14":1.431315,"15":null},"bb":{"7":0.0142545,"10":null},"samsung":{"4":1.486854,"5":null},"ie_mob":{"10":0.1177512,"11":0.5971668},"op_mini":{"0":1.34053081596},"and_chr":{"0":31.891671},"baidu":{"0":null},"and_ff":{"0":0.030702},"and_qq":{"1.2":null},"and_uc":{"0":0.346494}},"total":98.7523185}