{"id":"MY","name":"Malaysia","month":"2017-05","access_date":"2017-06-04","data":{"chrome":{"4":null,"5":null,"6":null,"7":null,"8":null,"9":null,"10":0.004121,"11":0.024726,"12":0.008242,"13":null,"14":null,"15":null,"16":null,"17":null,"18":0.008242,"19":0.008242,"20":0.008242,"21":0.008242,"22":0.016484,"23":0.004121,"24":null,"25":0.004121,"26":0.008242,"27":0.012363,"28":0.008242,"29":0.012363,"30":0.020605,"31":0.061815,"32":0.012363,"33":0.045331,"34":0.016484,"35":0.012363,"36":0.074178,"37":0.016484,"38":0.028847,"39":0.028847,"40":0.012363,"41":0.024726,"42":0.012363,"43":0.057694,"44":0.065936,"45":0.086541,"46":0.070057,"47":0.032968,"48":0.057694,"49":1.285752,"50":0.074178,"51":0.210171,"52":0.049452,"53":0.070057,"54":0.119509,"55":0.37089,"56":0.465673,"57":6.55239,"58":20.056907,"59":0.111267,"60":0.168961,"61":null},"firefox":{"2":null,"3":0.016484,"3.5":null,"3.6":0.012363,"4":null,"5":null,"6":null,"7":null,"8":null,"9":null,"10":null,"11":0.008242,"12":0.008242,"13":0.004121,"14":null,"15":null,"16":0.008242,"17":null,"18":null,"19":null,"20":null,"21":0.008242,"22":0.004121,"23":null,"24":0.004121,"25":0.004121,"26":null,"27":0.012363,"28":0.004121,"29":0.012363,"30":0.008242,"31":0.008242,"32":0.008242,"33":0.008242,"34":0.008242,"35":0.008242,"36":0.020605,"37":0.016484,"38":0.028847,"39":0.020605,"40":0.020605,"41":0.012363,"42":0.016484,"43":0.057694,"44":0.024726,"45":0.053573,"46":0.020605,"47":0.119509,"48":0.144235,"49":0.049452,"50":0.08242,"51":0.094783,"52":0.515125,"53":3.515213,"54":0.292591,"55":null,"56":null},"opera":{"9":null,"9.5-9.6":null,"10.0-10.1":0,"10.5":null,"10.6":null,"11":null,"11.1":null,"11.5":null,"11.6":null,"12":null,"12.1":0.008242,"15":null,"16":null,"17":null,"18":null,"19":null,"20":null,"21":null,"22":null,"23":null,"24":null,"25":null,"26":null,"27":null,"28":0.008242,"29":null,"30":null,"31":null,"32":null,"33":null,"34":null,"35":null,"36":0.008242,"37":0.008242,"38":null,"39":null,"40":null,"41":null,"42":0.008242,"43":0.098904,"44":0.090662,"45":0.127751,"46":null},"safari":{"3.1":null,"3.2":null,"4":0.004121,"5":0.008242,"5.1":0.020605,"6":0.012363,"6.1":0.016484,"7":0.024726,"7.1":0.004121,"8":0.094783,"9":0.074178,"9.1":0.239018,"10":0.317317,"10.1":0.651118,"0":null},"ios_saf":{"3.2":0,"4.0-4.1":0,"4.2-4.3":0,"5.0-5.1":0,"6.0-6.1":0,"7.0-7.1":0.0766230855064,"8":0,"8.1-8.4":0.0851367616737,"9.0-9.2":0.393757522741,"9.3":0.271728164342,"10.0-10.2":1.66229527168,"10.3":4.52998519406},"android":{"2.1":0,"2.2":0,"2.3":0,"3":0,"4":0,"4.1":0.257315451888,"4.2-4.3":0.757381330085,"4.4":1.89345332521,"4.4.3-4.4.4":1.07781189281,"56":null},"op_mob":{"10":0,"11":0,"11.1":0,"11.5":0,"12":0,"12.1":0,"0":0.0133743991131},"ie":{"5.5":null,"6":0.0212813129103,"7":0.0127687877462,"8":0.259632017505,"9":0.140456665208,"10":0.12343161488,"11":1.38754160175},"edge":{"12":0.024726,"13":0.061815,"14":0.482157,"15":null},"bb":{"7":0.011758,"10":null},"samsung":{"4":3.515642,"5":null},"ie_mob":{"10":0.0164612,"11":0.0834818},"op_mini":{"0":3.00255260089},"and_chr":{"0":33.939603},"baidu":{"0":null},"and_ff":{"0":0.023516},"and_qq":{"1.2":null},"and_uc":{"0":7.372266}},"total":98.994932}