{"id":"MZ","name":"Mozambique","month":"2017-05","access_date":"2017-06-04","data":{"chrome":{"4":null,"5":null,"6":null,"7":null,"8":null,"9":null,"10":0.002028,"11":0.016224,"12":null,"13":0.004056,"14":0.002028,"15":0.004056,"16":0.002028,"17":null,"18":null,"19":0.002028,"20":null,"21":0.006084,"22":null,"23":0.006084,"24":null,"25":0.008112,"26":0.01014,"27":0.004056,"28":0.008112,"29":0.01014,"30":0.004056,"31":0.01014,"32":0.002028,"33":0.042588,"34":0.004056,"35":0.006084,"36":0.342732,"37":0.004056,"38":0.006084,"39":0.004056,"40":0.066924,"41":0.024336,"42":0.006084,"43":1.007916,"44":0.006084,"45":0.036504,"46":0.012168,"47":0.008112,"48":0.024336,"49":0.26364,"50":0.018252,"51":0.026364,"52":0.02028,"53":0.03042,"54":0.03042,"55":0.184548,"56":0.168324,"57":2.103036,"58":6.272604,"59":0.03042,"60":0.012168,"61":null},"firefox":{"2":null,"3":0.044616,"3.5":0.006084,"3.6":0.008112,"4":0.008112,"5":0.006084,"6":0.004056,"7":0.002028,"8":0.012168,"9":0.002028,"10":0.002028,"11":0.008112,"12":0.02028,"13":0.018252,"14":0.008112,"15":0.01014,"16":0.008112,"17":0.002028,"18":0.006084,"19":0.006084,"20":0.014196,"21":0.014196,"22":0.006084,"23":0.006084,"24":0.016224,"25":0.006084,"26":0.006084,"27":0.002028,"28":0.012168,"29":0.012168,"30":0.018252,"31":0.008112,"32":0.004056,"33":0.012168,"34":0.008112,"35":0.018252,"36":0.006084,"37":0.02028,"38":0.022308,"39":0.014196,"40":0.03042,"41":0.008112,"42":0.008112,"43":0.054756,"44":0.016224,"45":0.028392,"46":0.028392,"47":0.127764,"48":0.052728,"49":0.056784,"50":0.036504,"51":0.075036,"52":0.216996,"53":2.374788,"54":0.135876,"55":null,"56":null},"opera":{"9":null,"9.5-9.6":null,"10.0-10.1":0,"10.5":null,"10.6":0.002028,"11":0.01014,"11.1":null,"11.5":0.004056,"11.6":0.04056,"12":0.012168,"12.1":0.026364,"15":0.002028,"16":0.002028,"17":0.004056,"18":0.004056,"19":null,"20":0.018252,"21":0.006084,"22":0.008112,"23":null,"24":0.002028,"25":null,"26":null,"27":null,"28":0.026364,"29":null,"30":0.006084,"31":null,"32":null,"33":null,"34":0.004056,"35":0.01014,"36":0.034476,"37":0.018252,"38":0.004056,"39":0.004056,"40":0.016224,"41":0.014196,"42":0.14196,"43":0.381264,"44":0.241332,"45":0.302172,"46":0.002028},"safari":{"3.1":null,"3.2":null,"4":0.004056,"5":0.004056,"5.1":0.024336,"6":null,"6.1":0.006084,"7":0.006084,"7.1":0.032448,"8":0.038532,"9":0.03042,"9.1":0.0507,"10":0.143988,"10.1":0.196716,"0":null},"ios_saf":{"3.2":0,"4.0-4.1":0,"4.2-4.3":0,"5.0-5.1":0,"6.0-6.1":0,"7.0-7.1":0.015052573681,"8":0,"8.1-8.4":0.0167250818678,"9.0-9.2":0.0773535036386,"9.3":0.0533808862947,"10.0-10.2":0.326557223469,"10.3":0.889913731049},"android":{"2.1":0,"2.2":0,"2.3":0,"3":0,"4":0,"4.1":0.271179051157,"4.2-4.3":0.798187395859,"4.4":1.99546848965,"4.4.3-4.4.4":1.13588206334,"56":null},"op_mob":{"10":0,"11":0,"11.1":0,"11.5":0,"12":0,"12.1":0,"0":0.14581097561},"ie":{"5.5":null,"6":0.00618288451668,"7":0.0103048075278,"8":0.506996530368,"9":0.115413844311,"10":0.154572112917,"11":1.61579382036},"edge":{"12":0.113568,"13":0.109512,"14":0.33462,"15":null},"bb":{"7":0.18134025,"10":null},"samsung":{"4":2.176083,"5":null},"ie_mob":{"10":0.294083011765,"11":1.49142098824},"op_mini":{"0":32.7345640244},"and_chr":{"0":17.831388},"baidu":{"0":null},"and_ff":{"0":0.015942},"and_qq":{"1.2":null},"and_uc":{"0":15.312291}},"total":95.14016325}