{"id":"NA","name":"Namibia","month":"2017-05","access_date":"2017-06-04","data":{"chrome":{"4":null,"5":null,"6":null,"7":null,"8":null,"9":null,"10":null,"11":0.013992,"12":null,"13":null,"14":null,"15":null,"16":null,"17":null,"18":0.010494,"19":null,"20":0.003498,"21":null,"22":null,"23":0.003498,"24":null,"25":0.006996,"26":0.006996,"27":null,"28":0.006996,"29":0.006996,"30":null,"31":0.013992,"32":0.006996,"33":0.003498,"34":0.010494,"35":0.006996,"36":0.622644,"37":0.031482,"38":0.010494,"39":0.013992,"40":0.03498,"41":null,"42":0.006996,"43":0.160908,"44":0.01749,"45":0.115434,"46":0.010494,"47":0.024486,"48":0.020988,"49":0.353298,"50":0.108438,"51":0.150414,"52":0.048972,"53":0.041976,"54":0.03498,"55":0.27984,"56":0.195888,"57":3.851298,"58":11.399982,"59":0.05247,"60":0.055968,"61":null},"firefox":{"2":0.013992,"3":null,"3.5":null,"3.6":0.006996,"4":0.006996,"5":null,"6":null,"7":null,"8":null,"9":0.006996,"10":0.006996,"11":0.010494,"12":0.003498,"13":0.006996,"14":0.006996,"15":0.003498,"16":0.003498,"17":null,"18":0.003498,"19":null,"20":0.003498,"21":null,"22":0.003498,"23":null,"24":0.006996,"25":null,"26":null,"27":null,"28":null,"29":0.006996,"30":null,"31":0.013992,"32":0.01749,"33":0.006996,"34":0.006996,"35":0.020988,"36":0.006996,"37":0.010494,"38":0.031482,"39":0.020988,"40":0.006996,"41":0.006996,"42":0.020988,"43":0.03498,"44":0.01749,"45":0.045474,"46":0.01749,"47":0.15741,"48":0.083952,"49":0.055968,"50":0.101442,"51":0.08745,"52":0.395274,"53":4.00521,"54":0.360294,"55":null,"56":null},"opera":{"9":null,"9.5-9.6":null,"10.0-10.1":0,"10.5":null,"10.6":null,"11":null,"11.1":null,"11.5":null,"11.6":null,"12":null,"12.1":0.006996,"15":null,"16":null,"17":null,"18":null,"19":null,"20":null,"21":null,"22":null,"23":null,"24":null,"25":null,"26":null,"27":null,"28":null,"29":null,"30":null,"31":null,"32":null,"33":null,"34":null,"35":null,"36":0.006996,"37":0.048972,"38":null,"39":0.003498,"40":0.006996,"41":0.01749,"42":0.041976,"43":0.304326,"44":0.234366,"45":0.41976,"46":null},"safari":{"3.1":null,"3.2":null,"4":0.003498,"5":null,"5.1":0.020988,"6":null,"6.1":null,"7":0.010494,"7.1":0.024486,"8":0.027984,"9":0.10494,"9.1":0.150414,"10":0.276342,"10.1":0.538692,"0":null},"ios_saf":{"3.2":0,"4.0-4.1":0,"4.2-4.3":0,"5.0-5.1":0,"6.0-6.1":0,"7.0-7.1":0.0351374954518,"8":0,"8.1-8.4":0.0390416616131,"9.0-9.2":0.180567684961,"9.3":0.124607969982,"10.0-10.2":0.762288442996,"10.3":2.077341745},"android":{"2.1":0,"2.2":0,"2.3":0,"3":0,"4":0,"4.1":0.300579590743,"4.2-4.3":0.88472483313,"4.4":2.21181208283,"4.4.3-4.4.4":1.2590314933,"56":null},"op_mob":{"10":0,"11":0,"11.1":0,"11.5":0,"12":0,"12.1":0,"0":0.0729893259424},"ie":{"5.5":null,"6":null,"7":0.00703931888545,"8":0.587783126935,"9":0.225258204334,"10":0.422359133127,"11":3.30496021672},"edge":{"12":0.325314,"13":0.50721,"14":1.196316,"15":null},"bb":{"7":0.1723295,"10":null},"samsung":{"4":8.024702,"5":null},"ie_mob":{"10":0.185297247059,"11":0.939721752941},"op_mini":{"0":16.3861036741},"and_chr":{"0":24.080654},"baidu":{"0":null},"and_ff":{"0":0.032515},"and_qq":{"1.2":null},"and_uc":{"0":7.992187}},"total":97.9677185}