{"id":"NC","name":"New Caledonia","month":"2017-05","access_date":"2017-06-04","data":{"chrome":{"4":null,"5":null,"6":null,"7":null,"8":null,"9":null,"10":null,"11":null,"12":null,"13":null,"14":null,"15":null,"16":null,"17":null,"18":null,"19":null,"20":null,"21":null,"22":null,"23":null,"24":null,"25":null,"26":null,"27":null,"28":null,"29":null,"30":null,"31":null,"32":null,"33":null,"34":0.7869,"35":null,"36":0.19995,"37":null,"38":0.0258,"39":null,"40":0.0387,"41":0.00645,"42":0.0129,"43":0.1677,"44":0.01935,"45":0.0129,"46":0.0258,"47":0.2322,"48":0.01935,"49":1.01265,"50":0.03225,"51":0.08385,"52":0.00645,"53":0.1677,"54":0.0258,"55":0.27735,"56":0.2967,"57":7.3659,"58":21.0657,"59":0.04515,"60":0.0129,"61":null},"firefox":{"2":null,"3":null,"3.5":null,"3.6":null,"4":null,"5":null,"6":null,"7":null,"8":null,"9":null,"10":0.0129,"11":null,"12":0.00645,"13":null,"14":0.0645,"15":null,"16":0.00645,"17":null,"18":null,"19":null,"20":0.0258,"21":null,"22":null,"23":null,"24":null,"25":null,"26":null,"27":null,"28":null,"29":0.00645,"30":null,"31":0.00645,"32":null,"33":0.0129,"34":0.00645,"35":0.00645,"36":0.01935,"37":0.07095,"38":0.1161,"39":0.0258,"40":0.01935,"41":0.2064,"42":0.01935,"43":0.0387,"44":0.0129,"45":0.59985,"46":0.01935,"47":0.18705,"48":0.78045,"49":0.07095,"50":0.0645,"51":0.0645,"52":0.9159,"53":11.7906,"54":0.0258,"55":null,"56":null},"opera":{"9":null,"9.5-9.6":null,"10.0-10.1":0,"10.5":null,"10.6":null,"11":null,"11.1":null,"11.5":null,"11.6":null,"12":null,"12.1":0.0387,"15":null,"16":null,"17":null,"18":null,"19":null,"20":null,"21":null,"22":null,"23":null,"24":null,"25":null,"26":null,"27":null,"28":null,"29":null,"30":null,"31":null,"32":null,"33":null,"34":null,"35":null,"36":0.0129,"37":null,"38":null,"39":null,"40":null,"41":null,"42":null,"43":0.1548,"44":0.129,"45":0.17415,"46":null},"safari":{"3.1":null,"3.2":null,"4":0.0129,"5":0.0387,"5.1":0.13545,"6":null,"6.1":0.36765,"7":null,"7.1":null,"8":0.22575,"9":0.13545,"9.1":1.09005,"10":1.33515,"10.1":3.096,"0":null},"ios_saf":{"3.2":0,"4.0-4.1":0,"4.2-4.3":0,"5.0-5.1":0,"6.0-6.1":0,"7.0-7.1":0.105479563372,"8":0,"8.1-8.4":0.117199514857,"9.0-9.2":0.542047756216,"9.3":0.37406178492,"10.0-10.2":2.28832052759,"10.3":6.23599085304},"android":{"2.1":0,"2.2":0,"2.3":0,"3":0,"4":0,"4.1":0.101293909866,"4.2-4.3":0.298148112058,"4.4":0.745370280146,"4.4.3-4.4.4":0.424287697929,"56":null},"op_mob":{"10":0,"11":0,"11.1":0,"11.5":0,"12":0,"12.1":0,"0":0.000330598669623},"ie":{"5.5":null,"6":null,"7":0.0129,"8":0.08385,"9":0.3354,"10":0.16125,"11":4.41825},"edge":{"12":0.05805,"13":0.2322,"14":3.4314,"15":null},"bb":{"7":0.001775,"10":null},"samsung":{"4":4.72505,"5":null},"ie_mob":{"10":0.0520388235294,"11":0.263911176471},"op_mini":{"0":0.0742194013304},"and_chr":{"0":18.99095},"baidu":{"0":null},"and_ff":{"0":0.06745},"and_qq":{"1.2":null},"and_uc":{"0":0.0497}},"total":98.280625}