{"id":"NE","name":"Niger","month":"2017-05","access_date":"2017-06-04","data":{"chrome":{"4":null,"5":null,"6":null,"7":null,"8":0.000918,"9":0.000918,"10":null,"11":0.02295,"12":0.001836,"13":null,"14":null,"15":null,"16":0.03213,"17":0.000918,"18":null,"19":null,"20":null,"21":0.025704,"22":0.011016,"23":null,"24":null,"25":null,"26":0.001836,"27":0.002754,"28":null,"29":0.015606,"30":0.006426,"31":0.008262,"32":null,"33":0.001836,"34":null,"35":0.002754,"36":0.002754,"37":0.000918,"38":0.025704,"39":0.006426,"40":0.000918,"41":0.006426,"42":0.001836,"43":0.025704,"44":0.003672,"45":0.29376,"46":null,"47":0.144126,"48":0.00459,"49":0.085374,"50":0.033048,"51":0.00918,"52":0.011016,"53":0.00918,"54":0.000918,"55":0.044982,"56":0.063342,"57":0.525096,"58":1.566108,"59":0.002754,"60":0.022032,"61":null},"firefox":{"2":0.000918,"3":0.424116,"3.5":0.007344,"3.6":0.003672,"4":0.001836,"5":0.000918,"6":null,"7":0.001836,"8":0.000918,"9":null,"10":0.002754,"11":0.003672,"12":0.011934,"13":0.002754,"14":0.001836,"15":0.043146,"16":0.003672,"17":0.005508,"18":0.01377,"19":0.001836,"20":0.011934,"21":0.000918,"22":0.000918,"23":0.000918,"24":0.007344,"25":0.005508,"26":0.003672,"27":0.002754,"28":0.002754,"29":0.00459,"30":0.006426,"31":0.005508,"32":null,"33":0.016524,"34":0.00459,"35":0.019278,"36":0.005508,"37":0.011016,"38":0.008262,"39":0.016524,"40":0.007344,"41":0.019278,"42":0.005508,"43":0.052326,"44":0.026622,"45":0.030294,"46":0.016524,"47":0.167076,"48":0.039474,"49":0.026622,"50":0.052326,"51":0.079866,"52":0.226746,"53":1.697382,"54":0.095472,"55":null,"56":null},"opera":{"9":null,"9.5-9.6":null,"10.0-10.1":0.001836,"10.5":null,"10.6":null,"11":null,"11.1":null,"11.5":null,"11.6":0.003672,"12":null,"12.1":0.001836,"15":null,"16":null,"17":null,"18":null,"19":null,"20":null,"21":null,"22":null,"23":null,"24":null,"25":null,"26":null,"27":null,"28":0.001836,"29":null,"30":null,"31":null,"32":null,"33":0.000918,"34":0.00459,"35":0.001836,"36":0.007344,"37":0.011016,"38":0.000918,"39":null,"40":0.007344,"41":0.005508,"42":0.054162,"43":0.075276,"44":0.044982,"45":0.102816,"46":null},"safari":{"3.1":null,"3.2":null,"4":0,"5":0.002754,"5.1":0.006426,"6":null,"6.1":0.000918,"7":0.00918,"7.1":0.00459,"8":0.016524,"9":0.00459,"9.1":0.024786,"10":0.044982,"10.1":0.040392,"0":null},"ios_saf":{"3.2":0,"4.0-4.1":0,"4.2-4.3":0,"5.0-5.1":0,"6.0-6.1":0,"7.0-7.1":0.0116993887204,"8":0,"8.1-8.4":0.0129993208005,"9.0-9.2":0.0601218587022,"9.3":0.0414894988882,"10.0-10.2":0.253811738629,"10.3":0.691672194259},"android":{"2.1":0,"2.2":0,"2.3":0,"3":0,"4":0,"4.1":0.398722679659,"4.2-4.3":1.17359883069,"4.4":2.93399707674,"4.4.3-4.4.4":1.67012141291,"56":null},"op_mob":{"10":0,"11":0,"11.1":0,"11.5":0,"12":0,"12.1":0,"0":0.0776586430155},"ie":{"5.5":null,"6":0.0172193168317,"7":0.00286988613861,"8":0.137754534653,"9":0.0420916633663,"10":0.0717471534653,"11":0.501273445545},"edge":{"12":0.035802,"13":0.084456,"14":0.187272,"15":null},"bb":{"7":0.03406125,"10":null},"samsung":{"4":0.826553,"5":null},"ie_mob":{"10":0.118185858824,"11":0.599371141176},"op_mini":{"0":17.434365357},"and_chr":{"0":37.981289},"baidu":{"0":null},"and_ff":{"0":0.336071},"and_qq":{"1.2":null},"and_uc":{"0":26.740352}},"total":99.19363325}