{"id":"NG","name":"Nigeria","month":"2017-05","access_date":"2017-06-04","data":{"chrome":{"4":null,"5":null,"6":null,"7":null,"8":null,"9":0.003484,"10":null,"11":0.015678,"12":null,"13":null,"14":null,"15":0.027872,"16":null,"17":0.001742,"18":null,"19":0.005226,"20":0.00871,"21":0.012194,"22":0.010452,"23":0.040066,"24":0.001742,"25":0.005226,"26":0.022646,"27":0.006968,"28":0.010452,"29":0.012194,"30":0.012194,"31":0.05226,"32":0.005226,"33":0.01742,"34":0.003484,"35":0.001742,"36":0.00871,"37":0.005226,"38":0.006968,"39":0.005226,"40":0.006968,"41":0.005226,"42":0.003484,"43":0.027872,"44":0.005226,"45":0.022646,"46":0.006968,"47":0.03484,"48":0.010452,"49":0.137618,"50":0.019162,"51":0.048776,"52":0.01742,"53":0.033098,"54":0.047034,"55":0.16549,"56":0.137618,"57":1.712386,"58":4.942054,"59":0.038324,"60":0.03484,"61":null},"firefox":{"2":null,"3":0.048776,"3.5":null,"3.6":0.019162,"4":0.019162,"5":0.003484,"6":0.001742,"7":0.029614,"8":0.001742,"9":null,"10":0.013936,"11":0.019162,"12":0.010452,"13":0.027872,"14":0.00871,"15":0.062712,"16":0.010452,"17":0.003484,"18":0.013936,"19":0.024388,"20":0.005226,"21":0.00871,"22":0.005226,"23":0.005226,"24":0.003484,"25":0.005226,"26":0.006968,"27":0.006968,"28":0.00871,"29":0.020904,"30":0.015678,"31":0.012194,"32":0.006968,"33":0.012194,"34":0.015678,"35":0.020904,"36":0.013936,"37":0.01742,"38":0.020904,"39":0.020904,"40":0.029614,"41":0.031356,"42":0.03484,"43":0.189878,"44":0.097552,"45":0.06097,"46":0.041808,"47":0.256074,"48":0.146328,"49":0.144586,"50":0.189878,"51":0.13065,"52":0.520858,"53":3.050242,"54":0.456404,"55":null,"56":null},"opera":{"9":null,"9.5-9.6":0.005226,"10.0-10.1":0,"10.5":null,"10.6":null,"11":null,"11.1":null,"11.5":0.006968,"11.6":0.003484,"12":0.010452,"12.1":0.015678,"15":null,"16":null,"17":null,"18":0.003484,"19":0.006968,"20":null,"21":0.003484,"22":null,"23":null,"24":null,"25":null,"26":null,"27":0.001742,"28":0.005226,"29":0.00871,"30":0.003484,"31":null,"32":0.001742,"33":0.006968,"34":0.005226,"35":0.006968,"36":0.006968,"37":0.02613,"38":0.003484,"39":0.005226,"40":0.010452,"41":0.006968,"42":0.06097,"43":0.24388,"44":0.160264,"45":0.202072,"46":null},"safari":{"3.1":null,"3.2":null,"4":0.003484,"5":null,"5.1":0.005226,"6":null,"6.1":0.005226,"7":0.003484,"7.1":0.059228,"8":0.01742,"9":0.012194,"9.1":0.03484,"10":0.064454,"10.1":0.125424,"0":null},"ios_saf":{"3.2":0,"4.0-4.1":0,"4.2-4.3":0,"5.0-5.1":0,"6.0-6.1":0,"7.0-7.1":0.0166762522741,"8":0,"8.1-8.4":0.0185291691935,"9.0-9.2":0.0856974075197,"9.3":0.0591389316758,"10.0-10.2":0.361782028502,"10.3":0.985906210835},"android":{"2.1":0,"2.2":0,"2.3":0,"3":0,"4":0,"4.1":0.132741566382,"4.2-4.3":0.390711025579,"4.4":0.976777563946,"4.4.3-4.4.4":0.556011844093,"56":null},"op_mob":{"10":0,"11":0,"11.1":0,"11.5":0,"12":0,"12.1":0,"0":0.206211964523},"ie":{"5.5":null,"6":0.00183628350515,"7":0.00183628350515,"8":0.132212412371,"9":0.0403982371134,"10":0.0679424896907,"11":0.468252293814},"edge":{"12":0.06968,"13":0.059228,"14":0.179426,"15":null},"bb":{"7":0.623479,"10":null},"samsung":{"4":0.8258,"5":null},"ie_mob":{"10":0.202661035294,"11":1.02778096471},"op_mini":{"0":46.2945860355},"and_chr":{"0":14.310438},"baidu":{"0":null},"and_ff":{"0":0.08258},"and_qq":{"1.2":null},"and_uc":{"0":13.716538}},"total":96.741925}