{"id":"NI","name":"Nicaragua","month":"2017-05","access_date":"2017-06-04","data":{"chrome":{"4":null,"5":null,"6":null,"7":null,"8":null,"9":null,"10":null,"11":0.035658,"12":null,"13":null,"14":null,"15":null,"16":null,"17":null,"18":0.010188,"19":null,"20":null,"21":0.010188,"22":0.010188,"23":null,"24":null,"25":null,"26":0.015282,"27":0.015282,"28":null,"29":0.020376,"30":0.010188,"31":0.05094,"32":0.010188,"33":null,"34":0.015282,"35":0.015282,"36":0.020376,"37":0.045846,"38":0.02547,"39":0.010188,"40":0.071316,"41":0.02547,"42":0.015282,"43":0.056034,"44":0.020376,"45":0.02547,"46":0.020376,"47":0.030564,"48":0.040752,"49":0.820134,"50":0.030564,"51":0.132444,"52":0.056034,"53":0.071316,"54":0.168102,"55":0.269982,"56":1.24803,"57":8.231904,"58":27.028764,"59":0.07641,"60":0.045846,"61":null},"firefox":{"2":null,"3":0.010188,"3.5":null,"3.6":null,"4":null,"5":null,"6":null,"7":null,"8":null,"9":null,"10":null,"11":null,"12":null,"13":null,"14":0.005094,"15":null,"16":null,"17":null,"18":null,"19":null,"20":null,"21":0.010188,"22":null,"23":0.005094,"24":null,"25":null,"26":null,"27":null,"28":null,"29":0.005094,"30":null,"31":0.035658,"32":null,"33":0.010188,"34":0.005094,"35":0.010188,"36":0.015282,"37":0.010188,"38":0.040752,"39":0.010188,"40":0.015282,"41":0.015282,"42":0.020376,"43":0.081504,"44":0.035658,"45":0.035658,"46":0.015282,"47":0.12735,"48":0.142632,"49":0.061128,"50":0.07641,"51":0.147726,"52":0.514494,"53":4.212738,"54":0.030564,"55":null,"56":null},"opera":{"9":null,"9.5-9.6":null,"10.0-10.1":0,"10.5":null,"10.6":null,"11":null,"11.1":null,"11.5":null,"11.6":null,"12":null,"12.1":null,"15":null,"16":null,"17":null,"18":null,"19":null,"20":null,"21":null,"22":null,"23":null,"24":null,"25":null,"26":null,"27":null,"28":null,"29":0.010188,"30":null,"31":null,"32":null,"33":null,"34":null,"35":null,"36":0.010188,"37":0.020376,"38":0.005094,"39":null,"40":null,"41":null,"42":0.030564,"43":0.173196,"44":0.198666,"45":0.310734,"46":null},"safari":{"3.1":null,"3.2":null,"4":0.005094,"5":0.010188,"5.1":0.030564,"6":0.020376,"6.1":0.02547,"7":0.015282,"7.1":null,"8":0.061128,"9":0.096786,"9.1":0.249606,"10":0.43299,"10.1":0.58581,"0":null},"ios_saf":{"3.2":0,"4.0-4.1":0,"4.2-4.3":0,"5.0-5.1":0,"6.0-6.1":0,"7.0-7.1":0.0266691231049,"8":0,"8.1-8.4":0.0296323590055,"9.0-9.2":0.1370496604,"9.3":0.0945766124924,"10.0-10.2":0.578571809582,"10.3":1.57668843542},"android":{"2.1":0,"2.2":0,"2.3":0,"3":0,"4":0,"4.1":0.300240029233,"4.2-4.3":0.883725369062,"4.4":2.20931342266,"4.4.3-4.4.4":1.25760917905,"56":null},"op_mob":{"10":0,"11":0,"11.1":0,"11.5":0,"12":0,"12.1":0,"0":0.0192541463415},"ie":{"5.5":null,"6":null,"7":null,"8":0.219042,"9":0.165617121951,"10":0.144247170732,"11":0.785345707317},"edge":{"12":0.117162,"13":0.096786,"14":0.570528,"15":null},"bb":{"7":0.017171,"10":null},"samsung":{"4":3.394952,"5":null},"ie_mob":{"10":0.120399011765,"11":0.610594988235},"op_mini":{"0":4.32255585366},"and_chr":{"0":31.869178},"baidu":{"0":null},"and_ff":{"0":0.02453},"and_qq":{"1.2":null},"and_uc":{"0":2.683582}},"total":99.058693}