{"id":"NL","name":"Netherlands","month":"2017-05","access_date":"2017-06-04","data":{"chrome":{"4":null,"5":null,"6":null,"7":null,"8":null,"9":null,"10":null,"11":0.011806,"12":null,"13":null,"14":null,"15":null,"16":null,"17":null,"18":null,"19":null,"20":null,"21":null,"22":0.005903,"23":null,"24":null,"25":null,"26":null,"27":null,"28":null,"29":0.005903,"30":null,"31":0.011806,"32":0.005903,"33":null,"34":0.017709,"35":0.011806,"36":0.023612,"37":0.023612,"38":0.029515,"39":0.023612,"40":0.011806,"41":0.041321,"42":0.029515,"43":0.029515,"44":0.035418,"45":0.035418,"46":0.023612,"47":0.029515,"48":0.112157,"49":0.720166,"50":0.041321,"51":0.206605,"52":0.041321,"53":0.05903,"54":0.129866,"55":0.200702,"56":0.360083,"57":7.797863,"58":19.403161,"59":0.076739,"60":0.035418,"61":null},"firefox":{"2":null,"3":null,"3.5":null,"3.6":null,"4":null,"5":null,"6":null,"7":null,"8":null,"9":null,"10":null,"11":null,"12":null,"13":null,"14":null,"15":null,"16":0.005903,"17":null,"18":null,"19":null,"20":null,"21":null,"22":null,"23":null,"24":0.005903,"25":null,"26":null,"27":null,"28":null,"29":null,"30":null,"31":0.011806,"32":null,"33":null,"34":0.005903,"35":0.011806,"36":0.011806,"37":0.011806,"38":0.047224,"39":0.011806,"40":0.011806,"41":0.070836,"42":0.011806,"43":0.041321,"44":0.041321,"45":0.643427,"46":0.047224,"47":0.11806,"48":0.200702,"49":0.053127,"50":0.106254,"51":0.088545,"52":0.584397,"53":5.330409,"54":0.064933,"55":null,"56":null},"opera":{"9":null,"9.5-9.6":null,"10.0-10.1":0,"10.5":null,"10.6":null,"11":null,"11.1":null,"11.5":null,"11.6":null,"12":null,"12.1":0.017709,"15":null,"16":null,"17":null,"18":null,"19":null,"20":null,"21":null,"22":null,"23":null,"24":null,"25":null,"26":null,"27":null,"28":0.005903,"29":null,"30":null,"31":null,"32":null,"33":null,"34":null,"35":null,"36":0.017709,"37":null,"38":0.005903,"39":null,"40":0.011806,"41":0.011806,"42":0.035418,"43":0.749681,"44":1.00351,"45":1.381302,"46":0.129866},"safari":{"3.1":null,"3.2":null,"4":0,"5":0.023612,"5.1":0.05903,"6":0.011806,"6.1":0.047224,"7":0.023612,"7.1":0.005903,"8":0.11806,"9":0.141672,"9.1":0.566688,"10":0.973995,"10.1":2.89247,"0":null},"ios_saf":{"3.2":0,"4.0-4.1":0,"4.2-4.3":0,"5.0-5.1":0,"6.0-6.1":0,"7.0-7.1":0.179244371134,"8":0,"8.1-8.4":0.199160412371,"9.0-9.2":0.921116907216,"9.3":0.635653649485,"10.0-10.2":3.88860705155,"10.3":10.5969936082},"android":{"2.1":0,"2.2":0,"2.3":0,"3":0,"4":0,"4.1":0.046813589525,"4.2-4.3":0.137790942753,"4.4":0.344477356882,"4.4.3-4.4.4":0.19608711084,"56":null},"op_mob":{"10":0,"11":0,"11.1":0,"11.5":0,"12":0,"12.1":0,"0":0.000962931263858},"ie":{"5.5":null,"6":0.0118594611321,"7":0.0118594611321,"8":0.100805419623,"9":0.166032455849,"10":0.106735150189,"11":7.45960105208},"edge":{"12":0.053127,"13":0.194799,"14":3.919592,"15":null},"bb":{"7":0.0061455,"10":null},"samsung":{"4":6.436387,"5":null},"ie_mob":{"10":0.043862,"11":0.222443},"op_mini":{"0":0.216178068736},"and_chr":{"0":16.393852},"baidu":{"0":null},"and_ff":{"0":0.053261},"and_qq":{"1.2":null},"and_uc":{"0":0.417894}},"total":98.3258965}