{"id":"NO","name":"Norway","month":"2017-05","access_date":"2017-06-04","data":{"chrome":{"4":null,"5":null,"6":null,"7":null,"8":0.013054,"9":null,"10":null,"11":null,"12":null,"13":null,"14":null,"15":null,"16":null,"17":null,"18":null,"19":null,"20":null,"21":null,"22":null,"23":null,"24":null,"25":null,"26":null,"27":null,"28":null,"29":0.006527,"30":null,"31":0.013054,"32":0.013054,"33":0.006527,"34":0.013054,"35":0.006527,"36":0.013054,"37":0.013054,"38":0.026108,"39":0.013054,"40":0.006527,"41":0.039162,"42":null,"43":0.013054,"44":0.026108,"45":0.045689,"46":0.032635,"47":0.058743,"48":0.039162,"49":0.561322,"50":0.032635,"51":0.104432,"52":0.058743,"53":0.06527,"54":0.110959,"55":0.430782,"56":0.45689,"57":8.759234,"58":23.712591,"59":0.091378,"60":0.039162,"61":null},"firefox":{"2":null,"3":null,"3.5":null,"3.6":0.026108,"4":null,"5":null,"6":null,"7":null,"8":null,"9":null,"10":null,"11":null,"12":null,"13":null,"14":null,"15":null,"16":null,"17":null,"18":null,"19":null,"20":null,"21":0.026108,"22":null,"23":null,"24":null,"25":null,"26":null,"27":null,"28":null,"29":null,"30":null,"31":0.006527,"32":null,"33":null,"34":null,"35":null,"36":null,"37":0.039162,"38":0.013054,"39":null,"40":0.013054,"41":0.006527,"42":0.013054,"43":0.013054,"44":0.013054,"45":0.398147,"46":0.026108,"47":0.052216,"48":0.104432,"49":0.026108,"50":0.052216,"51":0.104432,"52":0.443836,"53":4.470995,"54":0.032635,"55":null,"56":null},"opera":{"9":null,"9.5-9.6":null,"10.0-10.1":0,"10.5":0.013054,"10.6":null,"11":null,"11.1":null,"11.5":null,"11.6":null,"12":null,"12.1":0.117486,"15":null,"16":null,"17":null,"18":null,"19":null,"20":null,"21":null,"22":null,"23":null,"24":null,"25":null,"26":null,"27":null,"28":0.026108,"29":null,"30":null,"31":null,"32":null,"33":null,"34":null,"35":null,"36":0.026108,"37":null,"38":null,"39":null,"40":null,"41":null,"42":0.006527,"43":0.737551,"44":0.339404,"45":0.639646,"46":0.006527},"safari":{"3.1":null,"3.2":null,"4":0,"5":0.019581,"5.1":0.045689,"6":null,"6.1":0.032635,"7":0.032635,"7.1":null,"8":0.221918,"9":0.156648,"9.1":0.939888,"10":1.298873,"10.1":3.335297,"0":null},"ios_saf":{"3.2":0,"4.0-4.1":0,"4.2-4.3":0,"5.0-5.1":0,"6.0-6.1":0,"7.0-7.1":0.191863768344,"8":0,"8.1-8.4":0.213181964827,"9.0-9.2":0.985966587326,"9.3":0.680405771073,"10.0-10.2":4.16237786325,"10.3":11.3430570452},"android":{"2.1":0,"2.2":0,"2.3":0,"3":0,"4":0,"4.1":0.0246621071864,"4.2-4.3":0.0725903532278,"4.4":0.181475883069,"4.4.3-4.4.4":0.103301656516,"56":null},"op_mob":{"10":0,"11":0,"11.1":0,"11.5":0,"12":0,"12.1":0,"0":0.00246421286031},"ie":{"5.5":null,"6":0.0130819528908,"7":null,"8":0.111196599572,"9":0.104655623126,"10":0.0981146466809,"11":11.8914951777},"edge":{"12":0.032635,"13":0.189283,"14":2.956731,"15":null},"bb":{"7":0.00607775,"10":null},"samsung":{"4":4.118978,"5":null},"ie_mob":{"10":0.0308892705882,"11":0.156652729412},"op_mini":{"0":0.55321578714},"and_chr":{"0":11.718684},"baidu":{"0":null},"and_ff":{"0":0.041676},"and_qq":{"1.2":null},"and_uc":{"0":0.121555}},"total":98.80421575}