{"id":"NP","name":"Nepal","month":"2017-05","access_date":"2017-06-04","data":{"chrome":{"4":0.003301,"5":0.006602,"6":0.003301,"7":0.003301,"8":0.003301,"9":0.003301,"10":0.003301,"11":0.023107,"12":0.026408,"13":null,"14":0.003301,"15":0.006602,"16":0.006602,"17":0.026408,"18":0.006602,"19":0.019806,"20":0.016505,"21":0.009903,"22":0.016505,"23":0.006602,"24":0.029709,"25":0.026408,"26":0.026408,"27":0.013204,"28":0.023107,"29":0.019806,"30":0.079224,"31":0.138642,"32":0.270682,"33":0.118836,"34":0.009903,"35":0.003301,"36":0.072622,"37":null,"38":0.013204,"39":0.013204,"40":0.009903,"41":0.006602,"42":0.003301,"43":0.145244,"44":0.016505,"45":0.013204,"46":0.013204,"47":0.016505,"48":0.016505,"49":0.686608,"50":0.016505,"51":0.085826,"52":0.023107,"53":0.052816,"54":0.092428,"55":0.323498,"56":0.217866,"57":4.449748,"58":15.564215,"59":0.115535,"60":0.214565,"61":null},"firefox":{"2":null,"3":0.052816,"3.5":null,"3.6":0.003301,"4":0.006602,"5":null,"6":null,"7":null,"8":0.003301,"9":null,"10":0.003301,"11":0.006602,"12":0.013204,"13":0.003301,"14":0.013204,"15":0.009903,"16":0.009903,"17":0.013204,"18":null,"19":0.003301,"20":null,"21":0.009903,"22":0.006602,"23":0.009903,"24":null,"25":0.006602,"26":0.009903,"27":0.006602,"28":0.003301,"29":0.029709,"30":0.019806,"31":0.029709,"32":0.03301,"33":0.019806,"34":0.016505,"35":0.016505,"36":0.013204,"37":0.016505,"38":0.023107,"39":0.029709,"40":0.019806,"41":0.019806,"42":0.013204,"43":0.09903,"44":0.052816,"45":0.046214,"46":0.019806,"47":0.211264,"48":0.089127,"49":0.056117,"50":0.082525,"51":0.072622,"52":0.488548,"53":3.921588,"54":0.72622,"55":null,"56":null},"opera":{"9":null,"9.5-9.6":null,"10.0-10.1":0,"10.5":null,"10.6":null,"11":null,"11.1":null,"11.5":null,"11.6":null,"12":null,"12.1":0.006602,"15":null,"16":null,"17":null,"18":0.003301,"19":null,"20":null,"21":null,"22":null,"23":null,"24":null,"25":null,"26":null,"27":null,"28":null,"29":null,"30":null,"31":null,"32":null,"33":null,"34":null,"35":null,"36":0.013204,"37":0.009903,"38":0.003301,"39":null,"40":0.016505,"41":0.006602,"42":0.036311,"43":0.217866,"44":0.204662,"45":0.277284,"46":null},"safari":{"3.1":null,"3.2":null,"4":0,"5":null,"5.1":0.003301,"6":null,"6.1":null,"7":0.003301,"7.1":null,"8":0.019806,"9":0.019806,"9.1":0.059418,"10":0.079224,"10.1":0.19806,"0":null},"ios_saf":{"3.2":0,"4.0-4.1":0,"4.2-4.3":0,"5.0-5.1":0,"6.0-6.1":0,"7.0-7.1":0.0437283420255,"8":0,"8.1-8.4":0.048587046695,"9.0-9.2":0.224715090964,"9.3":0.155073657368,"10.0-10.2":0.948662086719,"10.3":2.58523577623},"android":{"2.1":0,"2.2":0,"2.3":0,"3":0,"4":0,"4.1":0.256446858709,"4.2-4.3":0.7548247162,"4.4":1.8870617905,"4.4.3-4.4.4":1.07417363459,"56":null},"op_mob":{"10":0,"11":0,"11.1":0,"11.5":0,"12":0,"12.1":0,"0":0.0617912195122},"ie":{"5.5":null,"6":null,"7":null,"8":0.122331176471,"9":0.0209710588235,"10":0.0489324705882,"11":0.342527294118},"edge":{"12":0.079224,"13":0.042913,"14":0.204662,"15":null},"bb":{"7":0.00502425,"10":null},"samsung":{"4":2.47863,"5":null},"ie_mob":{"10":0.0485480470588,"11":0.246207952941},"op_mini":{"0":13.8721287805},"and_chr":{"0":35.269465},"baidu":{"0":null},"and_ff":{"0":0.013398},"and_qq":{"1.2":null},"and_uc":{"0":7.288512}},"total":98.79996825}