{"id":"NR","name":"Nauru","month":"2017-05","access_date":"2017-06-04","data":{"chrome":{"4":null,"5":null,"6":null,"7":null,"8":null,"9":null,"10":null,"11":0.01925,"12":null,"13":null,"14":null,"15":null,"16":null,"17":null,"18":null,"19":null,"20":null,"21":null,"22":null,"23":null,"24":null,"25":null,"26":null,"27":null,"28":null,"29":null,"30":null,"31":null,"32":null,"33":null,"34":null,"35":null,"36":null,"37":null,"38":null,"39":null,"40":null,"41":null,"42":null,"43":null,"44":null,"45":null,"46":null,"47":null,"48":null,"49":null,"50":null,"51":null,"52":null,"53":null,"54":null,"55":null,"56":0.028875,"57":0.375375,"58":0.77,"59":null,"60":0.0385,"61":null},"firefox":{"2":null,"3":0.028875,"3.5":null,"3.6":null,"4":null,"5":null,"6":null,"7":null,"8":null,"9":null,"10":null,"11":null,"12":null,"13":null,"14":1.684375,"15":null,"16":null,"17":null,"18":null,"19":null,"20":null,"21":null,"22":null,"23":null,"24":null,"25":null,"26":null,"27":null,"28":null,"29":null,"30":null,"31":null,"32":null,"33":null,"34":null,"35":null,"36":null,"37":null,"38":null,"39":null,"40":null,"41":null,"42":null,"43":null,"44":null,"45":null,"46":0.009625,"47":null,"48":null,"49":null,"50":null,"51":null,"52":0.01925,"53":5.053125,"54":null,"55":null,"56":null},"opera":{"9":null,"9.5-9.6":null,"10.0-10.1":0,"10.5":null,"10.6":null,"11":null,"11.1":null,"11.5":null,"11.6":null,"12":null,"12.1":null,"15":null,"16":null,"17":null,"18":null,"19":null,"20":null,"21":null,"22":null,"23":null,"24":null,"25":null,"26":null,"27":null,"28":null,"29":null,"30":null,"31":null,"32":null,"33":null,"34":null,"35":null,"36":null,"37":null,"38":null,"39":null,"40":null,"41":null,"42":null,"43":0.067375,"44":null,"45":null,"46":null},"safari":{"3.1":null,"3.2":null,"4":0,"5":null,"5.1":null,"6":null,"6.1":null,"7":null,"7.1":null,"8":null,"9":null,"9.1":0.028875,"10":null,"10.1":0.048125,"0":null},"ios_saf":{"3.2":0,"4.0-4.1":0,"4.2-4.3":0,"5.0-5.1":0,"6.0-6.1":0,"7.0-7.1":0.000698103092784,"8":0,"8.1-8.4":0.000775670103093,"9.0-9.2":0.0035874742268,"9.3":0.00247568041237,"10.0-10.2":0.0151449587629,"10.3":0.0412721134021},"android":{"2.1":0,"2.2":0,"2.3":0,"3":0,"4":0,"4.1":0.000676024360536,"4.2-4.3":0.00198980755177,"4.4":0.00497451887942,"4.4.3-4.4.4":0.00283164920828,"56":null},"op_mob":{"10":0,"11":0,"11.1":0,"11.5":0,"12":0,"12.1":0,"0":0.000724780487805},"ie":{"5.5":null,"6":null,"7":null,"8":11.45375,"9":2.1945,"10":0.154,"11":74.0355},"edge":{"12":null,"13":0.01925,"14":0.17325,"15":null},"bb":{"7":0,"10":null},"samsung":{"4":0.034034,"5":null},"ie_mob":{"10":0.001232,"11":0.006248},"op_mini":{"0":0.162713219512},"and_chr":{"0":2.865588},"baidu":{"0":null},"and_ff":{"0":null},"and_qq":{"1.2":null},"and_uc":{"0":0.59466}},"total":99.941501}