{"id":"NU","name":"Niue","month":"2017-05","access_date":"2017-06-04","data":{"chrome":{"4":0.074601,"5":null,"6":null,"7":null,"8":null,"9":null,"10":null,"11":null,"12":null,"13":null,"14":null,"15":null,"16":null,"17":null,"18":null,"19":null,"20":null,"21":null,"22":null,"23":null,"24":null,"25":null,"26":null,"27":null,"28":null,"29":6.680934,"30":null,"31":null,"32":null,"33":null,"34":null,"35":null,"36":null,"37":null,"38":null,"39":null,"40":null,"41":null,"42":null,"43":null,"44":null,"45":null,"46":null,"47":null,"48":null,"49":0.190647,"50":null,"51":null,"52":null,"53":null,"54":0.116046,"55":0.729432,"56":1.417419,"57":4.434615,"58":20.929725,"59":null,"60":null,"61":null},"firefox":{"2":null,"3":null,"3.5":null,"3.6":null,"4":null,"5":null,"6":null,"7":null,"8":null,"9":null,"10":null,"11":null,"12":null,"13":null,"14":null,"15":null,"16":null,"17":2.445255,"18":null,"19":null,"20":0.074601,"21":0.041445,"22":null,"23":null,"24":null,"25":null,"26":null,"27":null,"28":0.074601,"29":null,"30":null,"31":null,"32":null,"33":0.116046,"34":null,"35":null,"36":null,"37":null,"38":0.041445,"39":null,"40":null,"41":null,"42":null,"43":0.265248,"44":1.185327,"45":null,"46":null,"47":0.041445,"48":0.265248,"49":null,"50":0.762588,"51":0.804033,"52":4.39317,"53":19.172457,"54":0.116046,"55":null,"56":null},"opera":{"9":null,"9.5-9.6":null,"10.0-10.1":0,"10.5":null,"10.6":null,"11":null,"11.1":null,"11.5":null,"11.6":null,"12":0.116046,"12.1":null,"15":null,"16":null,"17":null,"18":null,"19":null,"20":null,"21":null,"22":null,"23":null,"24":null,"25":null,"26":null,"27":null,"28":0.190647,"29":null,"30":null,"31":null,"32":null,"33":null,"34":null,"35":null,"36":null,"37":null,"38":null,"39":null,"40":null,"41":null,"42":null,"43":null,"44":null,"45":null,"46":null},"safari":{"3.1":null,"3.2":null,"4":0,"5":null,"5.1":null,"6":null,"6.1":null,"7":null,"7.1":null,"8":null,"9":null,"9.1":6.108993,"10":0.232092,"10.1":0.99468,"0":null},"ios_saf":{"3.2":0,"4.0-4.1":0,"4.2-4.3":0,"5.0-5.1":0,"6.0-6.1":0,"7.0-7.1":0.0280151607035,"8":0,"8.1-8.4":0.0311279563372,"9.0-9.2":0.143966798059,"9.3":0.0993500606428,"10.0-10.2":0.607773347483,"10.3":1.65626667677},"android":{"2.1":0,"2.2":0,"2.3":0,"3":0,"4":0,"4.1":0.0138067904994,"4.2-4.3":0.0406388550548,"4.4":0.101597137637,"4.4.3-4.4.4":0.0578322168088,"56":null},"op_mob":{"10":0,"11":0,"11.1":0,"11.5":0,"12":0,"12.1":0,"0":0},"ie":{"5.5":null,"6":null,"7":null,"8":0.074601,"9":0.074601,"10":0.074601,"11":6.79698},"edge":{"12":0.041445,"13":0.538785,"14":2.635902,"15":null},"bb":{"7":0,"10":null},"samsung":{"4":1.230209,"5":null},"ie_mob":{"10":0.0264903058824,"11":0.134343694118},"op_mini":{"0":0},"and_chr":{"0":13.426001},"baidu":{"0":null},"and_ff":{"0":null},"and_qq":{"1.2":null},"and_uc":{"0":0.107793}},"total":99.956959}