{"id":"NZ","name":"New Zealand","month":"2017-05","access_date":"2017-06-04","data":{"chrome":{"4":null,"5":null,"6":null,"7":null,"8":null,"9":null,"10":null,"11":0.005721,"12":null,"13":null,"14":null,"15":null,"16":null,"17":null,"18":null,"19":null,"20":null,"21":null,"22":0.017163,"23":null,"24":null,"25":null,"26":0.005721,"27":null,"28":null,"29":0.005721,"30":null,"31":0.022884,"32":null,"33":0.005721,"34":0.028605,"35":null,"36":0.062931,"37":0.011442,"38":0.034326,"39":0.017163,"40":0.011442,"41":0.017163,"42":0.011442,"43":0.028605,"44":0.028605,"45":0.34326,"46":0.028605,"47":0.034326,"48":0.045768,"49":1.018338,"50":0.120141,"51":0.074373,"52":0.074373,"53":0.11442,"54":0.165909,"55":0.62931,"56":0.715125,"57":9.559791,"58":22.740975,"59":0.091536,"60":0.102978,"61":null},"firefox":{"2":null,"3":null,"3.5":null,"3.6":0.005721,"4":null,"5":null,"6":null,"7":null,"8":null,"9":null,"10":null,"11":null,"12":null,"13":null,"14":null,"15":null,"16":0.011442,"17":null,"18":null,"19":null,"20":null,"21":0.017163,"22":null,"23":null,"24":null,"25":null,"26":null,"27":null,"28":null,"29":0.011442,"30":null,"31":0.017163,"32":null,"33":null,"34":0.011442,"35":null,"36":null,"37":0.022884,"38":0.022884,"39":0.011442,"40":0.005721,"41":0.028605,"42":0.011442,"43":0.011442,"44":0.011442,"45":0.148746,"46":0.011442,"47":0.062931,"48":0.154467,"49":0.040047,"50":0.080094,"51":0.074373,"52":0.606426,"53":4.593963,"54":0.05721,"55":null,"56":null},"opera":{"9":null,"9.5-9.6":null,"10.0-10.1":0,"10.5":null,"10.6":null,"11":null,"11.1":null,"11.5":null,"11.6":null,"12":null,"12.1":0.011442,"15":null,"16":null,"17":null,"18":null,"19":null,"20":null,"21":null,"22":null,"23":null,"24":null,"25":null,"26":null,"27":null,"28":null,"29":null,"30":null,"31":null,"32":null,"33":null,"34":null,"35":null,"36":0.011442,"37":null,"38":null,"39":0.005721,"40":null,"41":null,"42":null,"43":0.097257,"44":0.11442,"45":0.137304,"46":null},"safari":{"3.1":null,"3.2":null,"4":0,"5":0.028605,"5.1":0.074373,"6":0.011442,"6.1":0.040047,"7":0.017163,"7.1":null,"8":0.120141,"9":0.154467,"9.1":0.623589,"10":0.886755,"10.1":2.57445,"0":null},"ios_saf":{"3.2":0,"4.0-4.1":0,"4.2-4.3":0,"5.0-5.1":0,"6.0-6.1":0,"7.0-7.1":0.201359854457,"8":0,"8.1-8.4":0.223733171619,"9.0-9.2":1.03476591874,"9.3":0.714081706084,"10.0-10.2":4.36839017586,"10.3":11.9044691732},"android":{"2.1":0,"2.2":0,"2.3":0,"3":0,"4":0,"4.1":0.0547068453106,"4.2-4.3":0.161023922046,"4.4":0.402559805116,"4.4.3-4.4.4":0.229149427527,"56":null},"op_mob":{"10":0,"11":0,"11.1":0,"11.5":0,"12":0,"12.1":0,"0":0.000702261640798},"ie":{"5.5":null,"6":null,"7":0.00579155704008,"8":0.642862831449,"9":0.104248026721,"10":0.0926649126413,"11":4.78961767215},"edge":{"12":0.051489,"13":0.17163,"14":2.57445,"15":null},"bb":{"7":0.00535,"10":null},"samsung":{"4":3.29132,"5":null},"ie_mob":{"10":0.0310174117647,"11":0.157302588235},"op_mini":{"0":0.157657738359},"and_chr":{"0":19.546308},"baidu":{"0":null},"and_ff":{"0":0.02996},"and_qq":{"1.2":null},"and_uc":{"0":0.41944}},"total":98.478487}