{"id":"OM","name":"Oman","month":"2017-05","access_date":"2017-06-04","data":{"chrome":{"4":null,"5":0.001192,"6":null,"7":null,"8":null,"9":null,"10":0.001192,"11":0.00596,"12":0.001192,"13":0.001192,"14":0.003576,"15":null,"16":null,"17":null,"18":null,"19":null,"20":null,"21":0.002384,"22":0.008344,"23":0.003576,"24":0.001192,"25":0.002384,"26":0.002384,"27":0.00596,"28":0.00596,"29":0.008344,"30":0.010728,"31":0.009536,"32":0.002384,"33":0.010728,"34":0.00596,"35":0.004768,"36":0.013112,"37":0.002384,"38":0.022648,"39":0.007152,"40":0.004768,"41":0.002384,"42":0.004768,"43":0.0894,"44":0.015496,"45":0.003576,"46":0.002384,"47":0.00596,"48":0.008344,"49":0.258664,"50":0.022648,"51":0.010728,"52":0.009536,"53":0.01788,"54":0.01192,"55":0.070328,"56":0.076288,"57":1.720056,"58":5.201888,"59":0.058408,"60":0.02384,"61":null},"firefox":{"2":null,"3":null,"3.5":null,"3.6":0.002384,"4":null,"5":null,"6":null,"7":null,"8":null,"9":null,"10":0.002384,"11":null,"12":0.003576,"13":null,"14":null,"15":null,"16":0.001192,"17":null,"18":null,"19":null,"20":null,"21":null,"22":null,"23":0.004768,"24":0.002384,"25":null,"26":null,"27":null,"28":0.001192,"29":null,"30":0.002384,"31":0.002384,"32":null,"33":0.002384,"34":null,"35":null,"36":null,"37":0.003576,"38":0.002384,"39":0.001192,"40":0.001192,"41":0.001192,"42":0.002384,"43":0.01192,"44":0.003576,"45":0.007152,"46":0.009536,"47":0.0298,"48":0.021456,"49":0.015496,"50":0.026224,"51":0.014304,"52":0.087016,"53":0.72116,"54":0.050064,"55":null,"56":null},"opera":{"9":null,"9.5-9.6":null,"10.0-10.1":0,"10.5":null,"10.6":null,"11":null,"11.1":null,"11.5":null,"11.6":null,"12":null,"12.1":null,"15":null,"16":null,"17":null,"18":null,"19":null,"20":null,"21":null,"22":null,"23":null,"24":null,"25":null,"26":null,"27":null,"28":null,"29":null,"30":null,"31":null,"32":null,"33":null,"34":null,"35":null,"36":0.003576,"37":null,"38":null,"39":null,"40":0.001192,"41":null,"42":0.003576,"43":0.038144,"44":0.03576,"45":0.056024,"46":null},"safari":{"3.1":null,"3.2":null,"4":0,"5":0.003576,"5.1":0.010728,"6":0.002384,"6.1":0.004768,"7":0.003576,"7.1":null,"8":0.045296,"9":0.026224,"9.1":0.110856,"10":0.157344,"10.1":0.355216,"0":null},"ios_saf":{"3.2":0,"4.0-4.1":0,"4.2-4.3":0,"5.0-5.1":0,"6.0-6.1":0,"7.0-7.1":0.0310550103093,"8":0,"8.1-8.4":0.0345055670103,"9.0-9.2":0.159588247423,"9.3":0.110130268041,"10.0-10.2":0.673721195876,"10.3":1.83598371134},"android":{"2.1":0,"2.2":0,"2.3":0,"3":0,"4":0,"4.1":0.48445072838,"4.2-4.3":1.4259304458,"4.4":3.56482611449,"4.4.3-4.4.4":2.02920871133,"56":null},"op_mob":{"10":0,"11":0,"11.1":0,"11.5":0,"12":0,"12.1":0,"0":0.000781197339246},"ie":{"5.5":null,"6":0.00119399832355,"7":0.00238799664711,"8":0.162383772003,"9":0.109847845767,"10":0.0752218943839,"11":1.07340449288},"edge":{"12":0.022648,"13":0.061984,"14":0.317072,"15":null},"bb":{"7":0.019818,"10":null},"samsung":{"4":3.884328,"5":null},"ie_mob":{"10":0.0116058352941,"11":0.0588581647059},"op_mini":{"0":0.175378802661},"and_chr":{"0":73.193544},"baidu":{"0":null},"and_ff":{"0":null},"and_qq":{"1.2":null},"and_uc":{"0":0.2202}},"total":99.39645}