{"id":"PA","name":"Panama","month":"2017-05","access_date":"2017-06-04","data":{"chrome":{"4":null,"5":null,"6":null,"7":null,"8":null,"9":null,"10":null,"11":0.010994,"12":null,"13":null,"14":null,"15":null,"16":null,"17":null,"18":null,"19":null,"20":null,"21":0.016491,"22":0.010994,"23":null,"24":null,"25":null,"26":0.010994,"27":null,"28":null,"29":0.010994,"30":null,"31":0.049473,"32":0.010994,"33":null,"34":0.021988,"35":0.038479,"36":0.043976,"37":0.010994,"38":0.032982,"39":0.016491,"40":0.016491,"41":0.032982,"42":null,"43":0.043976,"44":0.043976,"45":0.049473,"46":0.065964,"47":0.032982,"48":0.027485,"49":1.665591,"50":0.021988,"51":0.296838,"52":0.032982,"53":0.093449,"54":0.175904,"55":0.280347,"56":0.489233,"57":8.492865,"58":26.501037,"59":0.065964,"60":0.021988,"61":null},"firefox":{"2":null,"3":null,"3.5":0.010994,"3.6":null,"4":null,"5":null,"6":null,"7":null,"8":null,"9":null,"10":null,"11":0.005497,"12":null,"13":null,"14":null,"15":null,"16":0.005497,"17":null,"18":null,"19":null,"20":0.005497,"21":0.010994,"22":null,"23":0.010994,"24":null,"25":null,"26":null,"27":null,"28":null,"29":null,"30":null,"31":0.005497,"32":null,"33":null,"34":null,"35":0.005497,"36":null,"37":0.010994,"38":0.027485,"39":0.016491,"40":0.021988,"41":0.016491,"42":0.010994,"43":0.038479,"44":0.005497,"45":0.071461,"46":0.021988,"47":0.076958,"48":0.153916,"49":0.065964,"50":0.10994,"51":0.065964,"52":0.362802,"53":4.007313,"54":0.038479,"55":null,"56":null},"opera":{"9":null,"9.5-9.6":null,"10.0-10.1":0,"10.5":null,"10.6":null,"11":null,"11.1":null,"11.5":null,"11.6":null,"12":null,"12.1":0.005497,"15":null,"16":null,"17":null,"18":null,"19":null,"20":null,"21":null,"22":null,"23":null,"24":null,"25":null,"26":null,"27":null,"28":0.016491,"29":null,"30":null,"31":null,"32":null,"33":null,"34":null,"35":null,"36":null,"37":null,"38":null,"39":null,"40":0.005497,"41":null,"42":0.010994,"43":0.142922,"44":0.098946,"45":0.137425,"46":null},"safari":{"3.1":null,"3.2":null,"4":0,"5":0.027485,"5.1":0.05497,"6":0.032982,"6.1":0.049473,"7":0.016491,"7.1":null,"8":0.16491,"9":0.153916,"9.1":0.698119,"10":1.104897,"10.1":2.303243,"0":null},"ios_saf":{"3.2":0,"4.0-4.1":0,"4.2-4.3":0,"5.0-5.1":0,"6.0-6.1":0,"7.0-7.1":0.0586761576713,"8":0,"8.1-8.4":0.0651957307459,"9.0-9.2":0.3015302547,"9.3":0.208083040631,"10.0-10.2":1.27294664281,"10.3":3.46895617344},"android":{"2.1":0,"2.2":0,"2.3":0,"3":0,"4":0,"4.1":0.186002241169,"4.2-4.3":0.547478294762,"4.4":1.36869573691,"4.4.3-4.4.4":0.779103727162,"56":null},"op_mob":{"10":0,"11":0,"11.1":0,"11.5":0,"12":0,"12.1":0,"0":0.0032542172949},"ie":{"5.5":null,"6":0.00556415357766,"7":null,"8":0.222566143106,"9":0.144667993019,"10":0.150232146597,"11":2.64853710297},"edge":{"12":0.071461,"13":0.192395,"14":1.357759,"15":null},"bb":{"7":0.0123805,"10":null},"samsung":{"4":6.581924,"5":null},"ie_mob":{"10":0.0400413176471,"11":0.203066682353},"op_mini":{"0":0.730571782705},"and_chr":{"0":29.081109},"baidu":{"0":null},"and_ff":{"0":0.018008},"and_qq":{"1.2":null},"and_uc":{"0":0.27012}},"total":98.9356140393}