{"id":"PE","name":"Peru","month":"2017-05","access_date":"2017-06-04","data":{"chrome":{"4":null,"5":null,"6":null,"7":null,"8":null,"9":null,"10":null,"11":0.007092,"12":null,"13":null,"14":null,"15":null,"16":null,"17":null,"18":null,"19":null,"20":0.014184,"21":null,"22":0.063828,"23":0.007092,"24":0.014184,"25":0.021276,"26":0.049644,"27":null,"28":null,"29":0.03546,"30":0.007092,"31":0.042552,"32":null,"33":0.028368,"34":0.056736,"35":0.014184,"36":0.07092,"37":0.021276,"38":0.085104,"39":0.049644,"40":0.03546,"41":0.028368,"42":0.021276,"43":0.078012,"44":0.063828,"45":0.063828,"46":0.085104,"47":0.063828,"48":0.092196,"49":2.155968,"50":0.10638,"51":0.3546,"52":0.14184,"53":0.269496,"54":0.361692,"55":0.538992,"56":1.077984,"57":13.361328,"58":41.59458,"59":0.10638,"60":0.042552,"61":null},"firefox":{"2":null,"3":0.021276,"3.5":null,"3.6":0.007092,"4":null,"5":null,"6":null,"7":null,"8":null,"9":null,"10":null,"11":null,"12":null,"13":null,"14":null,"15":null,"16":null,"17":null,"18":null,"19":null,"20":null,"21":null,"22":null,"23":null,"24":null,"25":null,"26":null,"27":null,"28":null,"29":null,"30":null,"31":null,"32":null,"33":null,"34":0.014184,"35":0.007092,"36":null,"37":0.007092,"38":0.014184,"39":0.014184,"40":0.014184,"41":0.014184,"42":0.007092,"43":0.049644,"44":0.007092,"45":0.049644,"46":0.014184,"47":0.085104,"48":0.092196,"49":0.042552,"50":0.085104,"51":0.07092,"52":0.290772,"53":2.680776,"54":0.028368,"55":null,"56":null},"opera":{"9":null,"9.5-9.6":null,"10.0-10.1":0,"10.5":null,"10.6":null,"11":null,"11.1":null,"11.5":null,"11.6":null,"12":null,"12.1":null,"15":null,"16":null,"17":null,"18":null,"19":null,"20":null,"21":null,"22":null,"23":null,"24":null,"25":null,"26":null,"27":null,"28":null,"29":null,"30":null,"31":null,"32":null,"33":null,"34":null,"35":null,"36":0.007092,"37":null,"38":null,"39":null,"40":null,"41":null,"42":0.021276,"43":0.14184,"44":0.170208,"45":0.21276,"46":null},"safari":{"3.1":null,"3.2":null,"4":0.014184,"5":null,"5.1":0.007092,"6":null,"6.1":null,"7":0.014184,"7.1":0.007092,"8":0.063828,"9":0.07092,"9.1":0.205668,"10":0.28368,"10.1":0.538992,"0":null},"ios_saf":{"3.2":0,"4.0-4.1":0,"4.2-4.3":0,"5.0-5.1":0,"6.0-6.1":0,"7.0-7.1":0.0201567252881,"8":0,"8.1-8.4":0.0223963614312,"9.0-9.2":0.103583171619,"9.3":0.0714817202345,"10.0-10.2":0.437288956944,"10.3":1.19167306448},"android":{"2.1":0,"2.2":0,"2.3":0,"3":0,"4":0,"4.1":0.079033135201,"4.2-4.3":0.232625831912,"4.4":0.581564579781,"4.4.3-4.4.4":0.331044453106,"56":null},"op_mob":{"10":0,"11":0,"11.1":0,"11.5":0,"12":0,"12.1":0,"0":0.00938813303769},"ie":{"5.5":null,"6":null,"7":null,"8":0.309839016393,"9":0.0982416393443,"10":0.158698032787,"11":1.27714131148},"edge":{"12":0.056736,"13":0.092196,"14":0.553176,"15":null},"bb":{"7":0.007997,"10":null},"samsung":{"4":1.073052,"5":null},"ie_mob":{"10":0.103935341176,"11":0.527100658824},"op_mini":{"0":2.10763586696},"and_chr":{"0":22.461544},"baidu":{"0":null},"and_ff":{"0":0.031988},"and_qq":{"1.2":null},"and_uc":{"0":0.165756}},"total":98.713337}