{"id":"PF","name":"French Polynesia","month":"2017-05","access_date":"2017-06-04","data":{"chrome":{"4":null,"5":null,"6":null,"7":null,"8":null,"9":null,"10":null,"11":null,"12":null,"13":null,"14":null,"15":null,"16":null,"17":null,"18":null,"19":null,"20":null,"21":null,"22":0.016941,"23":null,"24":null,"25":null,"26":null,"27":null,"28":null,"29":null,"30":null,"31":0.011294,"32":null,"33":null,"34":0.011294,"35":null,"36":null,"37":null,"38":0.016941,"39":0.016941,"40":0.011294,"41":0.005647,"42":null,"43":0.11294,"44":0.011294,"45":0.016941,"46":0.033882,"47":null,"48":null,"49":0.886579,"50":0.016941,"51":0.016941,"52":0.050823,"53":0.011294,"54":0.016941,"55":0.259762,"56":0.350114,"57":5.974526,"58":15.992304,"59":0.067764,"60":0.045176,"61":null},"firefox":{"2":null,"3":0.005647,"3.5":null,"3.6":0.016941,"4":0.005647,"5":0.011294,"6":null,"7":null,"8":null,"9":0.016941,"10":0.011294,"11":null,"12":0.016941,"13":0.011294,"14":null,"15":null,"16":null,"17":0.045176,"18":null,"19":null,"20":null,"21":null,"22":null,"23":null,"24":0.005647,"25":null,"26":0.011294,"27":null,"28":0.067764,"29":null,"30":0.005647,"31":0.011294,"32":0.118587,"33":null,"34":null,"35":0.005647,"36":null,"37":0.022588,"38":0.728463,"39":null,"40":0.005647,"41":0.022588,"42":0.016941,"43":0.067764,"44":0.005647,"45":0.22588,"46":0.05647,"47":0.197645,"48":0.79058,"49":0.350114,"50":0.186351,"51":0.141175,"52":0.858344,"53":13.857738,"54":0.05647,"55":null,"56":null},"opera":{"9":null,"9.5-9.6":null,"10.0-10.1":0,"10.5":null,"10.6":null,"11":null,"11.1":null,"11.5":null,"11.6":null,"12":null,"12.1":0.033882,"15":null,"16":null,"17":null,"18":null,"19":null,"20":null,"21":null,"22":null,"23":null,"24":null,"25":null,"26":null,"27":null,"28":null,"29":null,"30":null,"31":null,"32":null,"33":null,"34":null,"35":null,"36":0.005647,"37":null,"38":null,"39":null,"40":null,"41":null,"42":null,"43":0.214586,"44":0.16941,"45":0.434819,"46":null},"safari":{"3.1":null,"3.2":null,"4":0.033882,"5":0.146822,"5.1":0.389643,"6":0.005647,"6.1":0.095999,"7":0.011294,"7.1":null,"8":0.129881,"9":0.214586,"9.1":0.976931,"10":1.327045,"10.1":2.868676,"0":null},"ios_saf":{"3.2":0,"4.0-4.1":0,"4.2-4.3":0,"5.0-5.1":0,"6.0-6.1":0,"7.0-7.1":0.139887311098,"8":0,"8.1-8.4":0.155430345664,"9.0-9.2":0.718865348696,"9.3":0.496081853244,"10.0-10.2":3.03477749909,"10.3":8.27018964221},"android":{"2.1":0,"2.2":0,"2.3":0,"3":0,"4":0,"4.1":0.101444517661,"4.2-4.3":0.298591410475,"4.4":0.746478526188,"4.4.3-4.4.4":0.424918545676,"56":null},"op_mob":{"10":0,"11":0,"11.1":0,"11.5":0,"12":0,"12.1":0,"0":0.00135126385809},"ie":{"5.5":null,"6":null,"7":null,"8":0.129881,"9":0.033882,"10":0.073411,"11":3.190555},"edge":{"12":0.141175,"13":0.248468,"14":1.869157,"15":null},"bb":{"7":0.00326475,"10":null},"samsung":{"4":4.683828,"5":null},"ie_mob":{"10":0.0731304,"11":0.3708756},"op_mini":{"0":0.303358736142},"and_chr":{"0":23.930895},"baidu":{"0":null},"and_ff":{"0":0.039177},"and_qq":{"1.2":null},"and_uc":{"0":0.082707}},"total":98.53256575}