{"id":"PG","name":"Papua New Guinea","month":"2017-05","access_date":"2017-06-04","data":{"chrome":{"4":null,"5":null,"6":null,"7":null,"8":0.004716,"9":null,"10":null,"11":0.061308,"12":null,"13":0.004716,"14":null,"15":null,"16":null,"17":null,"18":null,"19":null,"20":null,"21":null,"22":null,"23":null,"24":null,"25":0.009432,"26":0.004716,"27":null,"28":null,"29":0.00786,"30":0.011004,"31":0.061308,"32":null,"33":0.003144,"34":null,"35":null,"36":null,"37":0.001572,"38":0.004716,"39":0.006288,"40":0.003144,"41":0.00786,"42":null,"43":0.011004,"44":0.00786,"45":0.020436,"46":0.001572,"47":0.006288,"48":0.004716,"49":0.050304,"50":0.00786,"51":0.00786,"52":0.05502,"53":0.00786,"54":0.025152,"55":0.02358,"56":0.0786,"57":0.61308,"58":1.90212,"59":0.003144,"60":0.011004,"61":0.003144},"firefox":{"2":null,"3":0.01572,"3.5":0.003144,"3.6":0.003144,"4":0.003144,"5":null,"6":null,"7":0.003144,"8":null,"9":0.07074,"10":0.003144,"11":0.003144,"12":0.009432,"13":null,"14":null,"15":null,"16":0.029868,"17":null,"18":0.003144,"19":0.001572,"20":0.009432,"21":0.105324,"22":0.011004,"23":null,"24":null,"25":null,"26":null,"27":null,"28":0.001572,"29":0.004716,"30":0.06288,"31":0.051876,"32":0.099036,"33":0.00786,"34":0.011004,"35":0.009432,"36":0.234228,"37":0.0393,"38":0.00786,"39":0.014148,"40":0.147768,"41":0.006288,"42":0.422868,"43":0.198072,"44":0.097464,"45":0.105324,"46":0.036156,"47":0.169776,"48":0.088032,"49":2.75886,"50":0.022008,"51":0.095892,"52":0.199644,"53":4.162656,"54":0.048732,"55":0.022008,"56":null},"opera":{"9":null,"9.5-9.6":null,"10.0-10.1":0,"10.5":null,"10.6":null,"11":null,"11.1":null,"11.5":null,"11.6":null,"12":null,"12.1":null,"15":null,"16":null,"17":0.004716,"18":null,"19":null,"20":null,"21":null,"22":null,"23":null,"24":null,"25":null,"26":null,"27":null,"28":null,"29":0.004716,"30":null,"31":null,"32":null,"33":null,"34":null,"35":0.011004,"36":null,"37":0.001572,"38":null,"39":null,"40":0.003144,"41":0.004716,"42":0.004716,"43":0.028296,"44":0.00786,"45":0.014148,"46":null},"safari":{"3.1":null,"3.2":null,"4":0,"5":0.00786,"5.1":0.004716,"6":null,"6.1":0.004716,"7":0.003144,"7.1":0.009432,"8":0.01572,"9":0.006288,"9.1":0.01572,"10":0.040872,"10.1":0.08646,"0":null},"ios_saf":{"3.2":0,"4.0-4.1":0,"4.2-4.3":0,"5.0-5.1":0,"6.0-6.1":0,"7.0-7.1":0.00432388599151,"8":0,"8.1-8.4":0.00480431776834,"9.0-9.2":0.0222199696786,"9.3":0.0153337808773,"10.0-10.2":0.0938043044269,"10.3":0.255629741257},"android":{"2.1":0,"2.2":0,"2.3":0,"3":0,"4":0,"4.1":0.369969695493,"4.2-4.3":1.0889674056,"4.4":2.72241851401,"4.4.3-4.4.4":1.5496843849,"56":null},"op_mob":{"10":0,"11":0,"11.1":0,"11.5":0,"12":0,"12.1":0,"0":0.00370009756098},"ie":{"5.5":null,"6":null,"7":0.006288,"8":0.179208,"9":0.072312,"10":0.14934,"11":1.543704},"edge":{"12":0.037728,"13":0.161916,"14":0.124188,"15":null},"bb":{"7":0.004214,"10":null},"samsung":{"4":1.399048,"5":null},"ie_mob":{"10":0.0152695529412,"11":0.0774384470588},"op_mini":{"0":0.830671902439},"and_chr":{"0":10.849916},"baidu":{"0":null},"and_ff":{"0":0.016856},"and_qq":{"1.2":null},"and_uc":{"0":64.592192}},"total":98.90391}