{"id":"PH","name":"Philippines","month":"2017-05","access_date":"2017-06-04","data":{"chrome":{"4":null,"5":null,"6":null,"7":null,"8":null,"9":null,"10":0.010626,"11":0.021252,"12":0.005313,"13":null,"14":0.005313,"15":null,"16":0.005313,"17":null,"18":0.010626,"19":0.005313,"20":0.010626,"21":0.010626,"22":0.026565,"23":0.010626,"24":0.015939,"25":0.021252,"26":0.026565,"27":0.021252,"28":0.021252,"29":0.031878,"30":0.031878,"31":0.154077,"32":0.037191,"33":0.090321,"34":0.031878,"35":0.031878,"36":0.143451,"37":0.021252,"38":0.037191,"39":0.042504,"40":0.05313,"41":0.037191,"42":0.079695,"43":0.154077,"44":0.154077,"45":0.100947,"46":0.138138,"47":0.100947,"48":0.122199,"49":1.80642,"50":0.164703,"51":0.42504,"52":0.15939,"53":0.260337,"54":0.398475,"55":0.696003,"56":1.057287,"57":9.127734,"58":25.778676,"59":0.164703,"60":0.196581,"61":null},"firefox":{"2":null,"3":0.005313,"3.5":null,"3.6":0.010626,"4":0.005313,"5":null,"6":null,"7":null,"8":null,"9":null,"10":0.010626,"11":null,"12":0.005313,"13":null,"14":null,"15":0.021252,"16":0.005313,"17":null,"18":null,"19":0.005313,"20":0.005313,"21":0.010626,"22":0.005313,"23":0.005313,"24":0.005313,"25":null,"26":null,"27":null,"28":0.005313,"29":0.015939,"30":0.010626,"31":0.021252,"32":0.010626,"33":0.010626,"34":0.010626,"35":0.015939,"36":0.015939,"37":0.021252,"38":0.042504,"39":0.042504,"40":0.026565,"41":0.031878,"42":0.026565,"43":0.079695,"44":0.031878,"45":0.100947,"46":0.026565,"47":0.143451,"48":0.095634,"49":0.085008,"50":0.085008,"51":0.10626,"52":0.494109,"53":3.139983,"54":0.223146,"55":null,"56":null},"opera":{"9":null,"9.5-9.6":null,"10.0-10.1":0,"10.5":null,"10.6":null,"11":null,"11.1":null,"11.5":null,"11.6":null,"12":null,"12.1":0.005313,"15":null,"16":null,"17":null,"18":null,"19":null,"20":null,"21":null,"22":null,"23":null,"24":null,"25":null,"26":null,"27":null,"28":0.010626,"29":null,"30":null,"31":null,"32":null,"33":null,"34":null,"35":null,"36":0.010626,"37":0.010626,"38":null,"39":null,"40":null,"41":0.005313,"42":0.015939,"43":0.10626,"44":0.127512,"45":0.15939,"46":null},"safari":{"3.1":null,"3.2":null,"4":0,"5":0.010626,"5.1":0.015939,"6":null,"6.1":0.005313,"7":0.010626,"7.1":null,"8":0.05313,"9":0.058443,"9.1":0.170016,"10":0.244398,"10.1":0.456918,"0":null},"ios_saf":{"3.2":0,"4.0-4.1":0,"4.2-4.3":0,"5.0-5.1":0,"6.0-6.1":0,"7.0-7.1":0.0986913365676,"8":0,"8.1-8.4":0.109657040631,"9.0-9.2":0.507163812917,"9.3":0.349988721346,"10.0-10.2":2.14105371831,"10.3":5.83466837022},"android":{"2.1":0,"2.2":0,"2.3":0,"3":0,"4":0,"4.1":0.190619890378,"4.2-4.3":0.561069866017,"4.4":1.40267466504,"4.4.3-4.4.4":0.798445578563,"56":null},"op_mob":{"10":0,"11":0,"11.1":0,"11.5":0,"12":0,"12.1":0,"0":0.011639556541},"ie":{"5.5":null,"6":null,"7":null,"8":0.167506455319,"9":0.0540343404255,"10":0.0648412085106,"11":0.983424995745},"edge":{"12":0.05313,"13":0.111573,"14":0.456918,"15":null},"bb":{"7":0.01757625,"10":null},"samsung":{"4":2.048219,"5":null},"ie_mob":{"10":0.0501784705882,"11":0.254476529412},"op_mini":{"0":2.61308044346},"and_chr":{"0":29.655643},"baidu":{"0":null},"and_ff":{"0":0.023435},"and_qq":{"1.2":null},"and_uc":{"0":1.64045}},"total":98.75566625}