{"id":"PK","name":"Pakistan","month":"2017-05","access_date":"2017-06-04","data":{"chrome":{"4":null,"5":null,"6":null,"7":null,"8":null,"9":null,"10":0.002912,"11":0.008736,"12":0.002912,"13":0.002912,"14":0.005824,"15":null,"16":0.005824,"17":0.008736,"18":null,"19":0.005824,"20":0.011648,"21":0.005824,"22":0.011648,"23":0.020384,"24":0.017472,"25":0.037856,"26":0.011648,"27":0.023296,"28":0.01456,"29":0.032032,"30":0.020384,"31":0.081536,"32":0.032032,"33":0.0728,"34":0.023296,"35":0.01456,"36":0.011648,"37":0.008736,"38":0.01456,"39":0.020384,"40":0.011648,"41":0.01456,"42":0.005824,"43":0.279552,"44":0.034944,"45":0.020384,"46":0.020384,"47":0.023296,"48":0.046592,"49":0.972608,"50":0.020384,"51":0.11648,"52":0.026208,"53":0.052416,"54":0.107744,"55":0.253344,"56":0.27664,"57":3.875872,"58":13.695136,"59":0.2184,"60":0.18928,"61":null},"firefox":{"2":null,"3":0.0728,"3.5":null,"3.6":0.008736,"4":null,"5":null,"6":null,"7":null,"8":null,"9":null,"10":0.005824,"11":0.005824,"12":0.011648,"13":0.002912,"14":0.008736,"15":0.005824,"16":0.005824,"17":0.005824,"18":0.023296,"19":0.002912,"20":null,"21":0.008736,"22":0.005824,"23":0.005824,"24":0.005824,"25":0.008736,"26":0.008736,"27":0.005824,"28":0.005824,"29":0.017472,"30":0.011648,"31":0.008736,"32":0.008736,"33":0.017472,"34":0.008736,"35":0.01456,"36":0.008736,"37":0.017472,"38":0.017472,"39":0.011648,"40":0.020384,"41":0.011648,"42":0.01456,"43":0.061152,"44":0.034944,"45":0.02912,"46":0.017472,"47":0.107744,"48":0.075712,"49":0.049504,"50":0.066976,"51":0.066976,"52":0.369824,"53":1.985984,"54":0.340704,"55":null,"56":null},"opera":{"9":null,"9.5-9.6":null,"10.0-10.1":0,"10.5":null,"10.6":null,"11":null,"11.1":0.002912,"11.5":null,"11.6":0.002912,"12":0.002912,"12.1":0.01456,"15":null,"16":null,"17":null,"18":null,"19":0.002912,"20":null,"21":null,"22":null,"23":null,"24":null,"25":null,"26":null,"27":null,"28":0.008736,"29":null,"30":null,"31":null,"32":null,"33":null,"34":null,"35":null,"36":0.026208,"37":0.005824,"38":null,"39":null,"40":0.023296,"41":0.005824,"42":0.049504,"43":0.209664,"44":0.264992,"45":0.308672,"46":null},"safari":{"3.1":null,"3.2":null,"4":0.005824,"5":null,"5.1":0.008736,"6":null,"6.1":0.002912,"7":0.002912,"7.1":null,"8":0.01456,"9":0.011648,"9.1":0.026208,"10":0.064064,"10.1":0.093184,"0":null},"ios_saf":{"3.2":0,"4.0-4.1":0,"4.2-4.3":0,"5.0-5.1":0,"6.0-6.1":0,"7.0-7.1":0.0297060909642,"8":0,"8.1-8.4":0.033006767738,"9.0-9.2":0.152656300788,"9.3":0.105346600364,"10.0-10.2":0.644457140085,"10.3":1.75623510006},"android":{"2.1":0,"2.2":0,"2.3":0,"3":0,"4":0,"4.1":0.346788231425,"4.2-4.3":1.02073517174,"4.4":2.55183792935,"4.4.3-4.4.4":1.45258466748,"56":null},"op_mob":{"10":0,"11":0,"11.1":0,"11.5":0,"12":0,"12.1":0,"0":0.0340993126386},"ie":{"5.5":null,"6":0.0257152,"7":0.0096432,"8":0.2700096,"9":0.0450016,"10":0.0771456,"11":0.4050144},"edge":{"12":0.052416,"13":0.052416,"14":0.192192,"15":null},"bb":{"7":0.02657625,"10":null},"samsung":{"4":1.977273,"5":null},"ie_mob":{"10":0.1190616,"11":0.6038124},"op_mini":{"0":7.65529568736},"and_chr":{"0":37.239804},"baidu":{"0":null},"and_ff":{"0":0.028348},"and_qq":{"1.2":null},"and_uc":{"0":15.470921}},"total":97.93963485}