{"id":"PL","name":"Poland","month":"2017-05","access_date":"2017-06-04","data":{"chrome":{"4":null,"5":null,"6":null,"7":null,"8":null,"9":null,"10":null,"11":0.014636,"12":null,"13":null,"14":null,"15":null,"16":null,"17":null,"18":0.003659,"19":null,"20":null,"21":null,"22":0.010977,"23":null,"24":null,"25":null,"26":0.010977,"27":null,"28":null,"29":null,"30":null,"31":0.025613,"32":null,"33":0.010977,"34":0.032931,"35":0.014636,"36":0.010977,"37":0.014636,"38":0.025613,"39":0.018295,"40":0.010977,"41":0.010977,"42":0.018295,"43":0.025613,"44":0.018295,"45":0.010977,"46":0.014636,"47":0.018295,"48":0.021954,"49":1.130631,"50":0.021954,"51":0.084157,"52":0.032931,"53":0.040249,"54":0.058544,"55":0.171973,"56":0.230517,"57":4.083444,"58":13.413894,"59":0.043908,"60":0.014636,"61":null},"firefox":{"2":null,"3":null,"3.5":null,"3.6":0.003659,"4":null,"5":null,"6":null,"7":null,"8":null,"9":null,"10":0.007318,"11":null,"12":0.007318,"13":0.003659,"14":null,"15":null,"16":0.007318,"17":null,"18":0.007318,"19":null,"20":null,"21":0.003659,"22":null,"23":null,"24":null,"25":null,"26":null,"27":null,"28":0.007318,"29":0.003659,"30":null,"31":0.014636,"32":0.003659,"33":0.007318,"34":0.007318,"35":0.007318,"36":0.007318,"37":0.010977,"38":0.03659,"39":0.014636,"40":0.014636,"41":0.014636,"42":0.014636,"43":0.047567,"44":0.018295,"45":0.091475,"46":0.018295,"47":0.124406,"48":0.091475,"49":0.051226,"50":0.117088,"51":0.124406,"52":1.225765,"53":6.838671,"54":0.03659,"55":null,"56":null},"opera":{"9":null,"9.5-9.6":null,"10.0-10.1":0,"10.5":null,"10.6":null,"11":null,"11.1":null,"11.5":null,"11.6":null,"12":null,"12.1":0.091475,"15":null,"16":null,"17":null,"18":null,"19":null,"20":null,"21":null,"22":null,"23":null,"24":null,"25":null,"26":null,"27":null,"28":0.007318,"29":null,"30":0.003659,"31":0.003659,"32":0.003659,"33":0.003659,"34":0.003659,"35":0.010977,"36":0.175632,"37":0.007318,"38":0.007318,"39":0.007318,"40":0.007318,"41":0.010977,"42":0.040249,"43":0.826934,"44":0.783026,"45":1.13429,"46":0.018295},"safari":{"3.1":null,"3.2":null,"4":0,"5":null,"5.1":0.010977,"6":null,"6.1":0.003659,"7":null,"7.1":null,"8":0.014636,"9":0.025613,"9.1":0.076839,"10":0.139042,"10.1":0.417126,"0":null},"ios_saf":{"3.2":0,"4.0-4.1":0,"4.2-4.3":0,"5.0-5.1":0,"6.0-6.1":0,"7.0-7.1":0.0133566767738,"8":0,"8.1-8.4":0.0148407519709,"9.0-9.2":0.0686384778654,"9.3":0.0473667333738,"10.0-10.2":0.289765682232,"10.3":0.789651677785},"android":{"2.1":0,"2.2":0,"2.3":0,"3":0,"4":0,"4.1":0.269307137637,"4.2-4.3":0.792677612667,"4.4":1.98169403167,"4.4.3-4.4.4":1.12804121803,"56":null},"op_mob":{"10":0,"11":0,"11.1":0,"11.5":0,"12":0,"12.1":0,"0":0.00469525498891},"ie":{"5.5":null,"6":null,"7":null,"8":0.0515431888545,"9":0.0331349071207,"10":0.044179876161,"11":1.06031702786},"edge":{"12":0.025613,"13":0.076839,"14":0.801321,"15":null},"bb":{"7":0.00634,"10":null},"samsung":{"4":5.41436,"5":null},"ie_mob":{"10":0.234952941176,"11":1.19154705882},"op_mini":{"0":1.05408474501},"and_chr":{"0":50.344324},"baidu":{"0":null},"and_ff":{"0":0.01902},"and_qq":{"1.2":null},"and_uc":{"0":0.07608}},"total":98.329271}