{"id":"PM","name":"Saint Pierre and Miquelon","month":"2017-05","access_date":"2017-06-04","data":{"chrome":{"4":0.006191,"5":null,"6":null,"7":null,"8":null,"9":null,"10":null,"11":null,"12":null,"13":null,"14":null,"15":null,"16":null,"17":null,"18":null,"19":null,"20":null,"21":null,"22":null,"23":null,"24":null,"25":null,"26":null,"27":0.018573,"28":null,"29":null,"30":null,"31":null,"32":null,"33":null,"34":null,"35":null,"36":null,"37":null,"38":null,"39":null,"40":0.037146,"41":0.037146,"42":null,"43":0.569572,"44":null,"45":null,"46":0.049528,"47":0.080483,"48":0.191921,"49":0.786257,"50":null,"51":null,"52":null,"53":0.018573,"54":0.130011,"55":0.191921,"56":0.470516,"57":6.902965,"58":28.441454,"59":0.018573,"60":null,"61":null},"firefox":{"2":null,"3":null,"3.5":null,"3.6":null,"4":null,"5":null,"6":null,"7":null,"8":null,"9":null,"10":0.043337,"11":null,"12":null,"13":null,"14":null,"15":0.037146,"16":null,"17":null,"18":null,"19":null,"20":null,"21":null,"22":null,"23":null,"24":null,"25":0.006191,"26":null,"27":0.012382,"28":null,"29":null,"30":null,"31":0.018573,"32":null,"33":null,"34":null,"35":null,"36":0.030955,"37":0.018573,"38":null,"39":null,"40":null,"41":null,"42":null,"43":0.012382,"44":0.160966,"45":0.06191,"46":null,"47":null,"48":0.229067,"49":null,"50":0.092865,"51":0.06191,"52":2.513546,"53":8.754074,"54":0.024764,"55":null,"56":null},"opera":{"9":null,"9.5-9.6":null,"10.0-10.1":0,"10.5":null,"10.6":null,"11":null,"11.1":null,"11.5":null,"11.6":null,"12":null,"12.1":null,"15":null,"16":null,"17":null,"18":null,"19":null,"20":null,"21":null,"22":null,"23":null,"24":null,"25":null,"26":null,"27":null,"28":null,"29":null,"30":null,"31":null,"32":null,"33":null,"34":null,"35":null,"36":0.018573,"37":null,"38":null,"39":null,"40":null,"41":0.006191,"42":null,"43":0.482898,"44":0.253831,"45":0.445752,"46":null},"safari":{"3.1":null,"3.2":null,"4":0,"5":1.077234,"5.1":0.018573,"6":null,"6.1":null,"7":null,"7.1":null,"8":0.055719,"9":0.018573,"9.1":0.340505,"10":0.823403,"10.1":2.383535,"0":null},"ios_saf":{"3.2":0,"4.0-4.1":0,"4.2-4.3":0,"5.0-5.1":0,"6.0-6.1":0,"7.0-7.1":0.196632043663,"8":0,"8.1-8.4":0.218480048514,"9.0-9.2":1.01047022438,"9.3":0.697315488175,"10.0-10.2":4.26582294724,"10.3":11.624959248},"android":{"2.1":0,"2.2":0,"2.3":0,"3":0,"4":0,"4.1":0.103055627284,"4.2-4.3":0.303333544458,"4.4":0.758333861145,"4.4.3-4.4.4":0.431666967113,"56":null},"op_mob":{"10":0,"11":0,"11.1":0,"11.5":0,"12":0,"12.1":0,"0":0},"ie":{"5.5":null,"6":null,"7":0.024764,"8":null,"9":0.06191,"10":0.006191,"11":2.494973},"edge":{"12":0.018573,"13":0.148584,"14":2.525928,"15":null},"bb":{"7":0,"10":null},"samsung":{"4":0.59055,"5":null},"ie_mob":{"10":0.0112955294118,"11":0.0572844705882},"op_mini":{"0":0},"and_chr":{"0":17.92033},"baidu":{"0":null},"and_ff":{"0":0.01524},"and_qq":{"1.2":null},"and_uc":{"0":null}},"total":99.439951}