{"id":"PR","name":"Puerto Rico","month":"2017-05","access_date":"2017-06-04","data":{"chrome":{"4":null,"5":null,"6":null,"7":null,"8":null,"9":null,"10":null,"11":0.02157,"12":null,"13":null,"14":null,"15":null,"16":null,"17":null,"18":null,"19":null,"20":0.017256,"21":0.008628,"22":null,"23":null,"24":null,"25":0.017256,"26":null,"27":null,"28":null,"29":0.004314,"30":null,"31":0.008628,"32":null,"33":0.004314,"34":0.025884,"35":0.008628,"36":0.10785,"37":0.008628,"38":0.030198,"39":0.02157,"40":0.004314,"41":0.012942,"42":0.004314,"43":0.04314,"44":0.025884,"45":0.008628,"46":0.008628,"47":0.017256,"48":0.034512,"49":0.75495,"50":0.025884,"51":0.051768,"52":0.02157,"53":0.047454,"54":0.077652,"55":0.155304,"56":0.293352,"57":6.177648,"58":15.362154,"59":0.047454,"60":0.038826,"61":null},"firefox":{"2":null,"3":null,"3.5":null,"3.6":null,"4":null,"5":null,"6":null,"7":null,"8":null,"9":null,"10":null,"11":null,"12":null,"13":null,"14":null,"15":null,"16":0.004314,"17":null,"18":null,"19":null,"20":null,"21":null,"22":null,"23":null,"24":null,"25":null,"26":null,"27":0.004314,"28":null,"29":null,"30":null,"31":0.008628,"32":null,"33":null,"34":null,"35":null,"36":null,"37":null,"38":0.008628,"39":0.008628,"40":0.008628,"41":0.008628,"42":null,"43":0.012942,"44":0.004314,"45":0.120792,"46":0.017256,"47":0.069024,"48":0.133734,"49":0.034512,"50":0.060396,"51":0.047454,"52":0.396888,"53":3.373548,"54":0.04314,"55":null,"56":null},"opera":{"9":null,"9.5-9.6":null,"10.0-10.1":0,"10.5":null,"10.6":null,"11":null,"11.1":null,"11.5":null,"11.6":null,"12":null,"12.1":0.017256,"15":null,"16":null,"17":null,"18":null,"19":null,"20":null,"21":null,"22":null,"23":null,"24":null,"25":null,"26":null,"27":null,"28":null,"29":null,"30":null,"31":null,"32":null,"33":null,"34":null,"35":null,"36":0.008628,"37":null,"38":null,"39":null,"40":null,"41":null,"42":0.004314,"43":0.133734,"44":0.116478,"45":0.220014,"46":null},"safari":{"3.1":null,"3.2":null,"4":0.008628,"5":0.116478,"5.1":0.081966,"6":0.004314,"6.1":0.04314,"7":0.012942,"7.1":null,"8":0.15099,"9":0.125106,"9.1":0.591018,"10":0.892998,"10.1":2.597028,"0":null},"ios_saf":{"3.2":0,"4.0-4.1":0,"4.2-4.3":0,"5.0-5.1":0,"6.0-6.1":0,"7.0-7.1":0.186758721649,"8":0,"8.1-8.4":0.207509690722,"9.0-9.2":0.959732319588,"9.3":0.662301762887,"10.0-10.2":4.05162671134,"10.3":11.0412447938},"android":{"2.1":0,"2.2":0,"2.3":0,"3":0,"4":0,"4.1":0.109017449452,"4.2-4.3":0.32088154933,"4.4":0.802203873325,"4.4.3-4.4.4":0.456639127893,"56":null},"op_mob":{"10":0,"11":0,"11.1":0,"11.5":0,"12":0,"12.1":0,"0":0.000605161862528},"ie":{"5.5":null,"6":null,"7":0.00866948076923,"8":0.156050653846,"9":0.212402278846,"10":0.160385394231,"11":3.97062219231},"edge":{"12":0.103536,"13":0.2157,"14":2.899008,"15":null},"bb":{"7":0.002843,"10":null},"samsung":{"4":5.214062,"5":null},"ie_mob":{"10":0.0515084705882,"11":0.261221529412},"op_mini":{"0":0.135858838137},"and_chr":{"0":32.889294},"baidu":{"0":null},"and_ff":{"0":0.02843},"and_qq":{"1.2":null},"and_uc":{"0":0.079604}},"total":98.176875}