{"id":"PS","name":"Palestinian Territory","month":"2017-05","access_date":"2017-06-04","data":{"chrome":{"4":null,"5":null,"6":null,"7":null,"8":null,"9":null,"10":null,"11":0.013434,"12":0.033585,"13":null,"14":null,"15":0.006717,"16":0.013434,"17":null,"18":null,"19":null,"20":0.033585,"21":0.006717,"22":0.013434,"23":null,"24":0.080604,"25":0.047019,"26":0.06717,"27":0.047019,"28":null,"29":0.060453,"30":0.040302,"31":0.040302,"32":0.026868,"33":0.107472,"34":0.026868,"35":null,"36":0.040302,"37":0.026868,"38":0.033585,"39":0.020151,"40":0.020151,"41":null,"42":0.013434,"43":0.685134,"44":0.073887,"45":0.026868,"46":0.053736,"47":0.060453,"48":0.053736,"49":2.465139,"50":0.080604,"51":0.094038,"52":0.047019,"53":0.120906,"54":0.100755,"55":0.564228,"56":0.60453,"57":8.617911,"58":39.475809,"59":0.100755,"60":0.120906,"61":null},"firefox":{"2":null,"3":null,"3.5":null,"3.6":null,"4":null,"5":null,"6":null,"7":null,"8":null,"9":null,"10":null,"11":null,"12":0.120906,"13":null,"14":null,"15":null,"16":null,"17":null,"18":0.020151,"19":null,"20":null,"21":null,"22":null,"23":null,"24":null,"25":0.020151,"26":null,"27":null,"28":null,"29":null,"30":0.013434,"31":0.006717,"32":0.020151,"33":null,"34":null,"35":0.020151,"36":0.006717,"37":0.020151,"38":0.013434,"39":0.006717,"40":0.040302,"41":0.006717,"42":null,"43":0.13434,"44":0.026868,"45":0.094038,"46":0.013434,"47":0.181359,"48":0.073887,"49":0.060453,"50":0.073887,"51":0.080604,"52":0.678417,"53":4.695183,"54":0.087321,"55":null,"56":null},"opera":{"9":null,"9.5-9.6":null,"10.0-10.1":0,"10.5":null,"10.6":null,"11":null,"11.1":null,"11.5":null,"11.6":null,"12":null,"12.1":0.006717,"15":null,"16":null,"17":null,"18":null,"19":null,"20":null,"21":null,"22":null,"23":null,"24":null,"25":null,"26":null,"27":null,"28":null,"29":null,"30":null,"31":null,"32":null,"33":null,"34":null,"35":null,"36":0.013434,"37":null,"38":0.033585,"39":null,"40":0.006717,"41":0.013434,"42":0.006717,"43":0.26868,"44":0.315699,"45":0.564228,"46":null},"safari":{"3.1":null,"3.2":null,"4":0,"5":null,"5.1":0.006717,"6":null,"6.1":null,"7":null,"7.1":null,"8":0.040302,"9":0.020151,"9.1":0.208227,"10":0.302265,"10.1":0.416454,"0":null},"ios_saf":{"3.2":0,"4.0-4.1":0,"4.2-4.3":0,"5.0-5.1":0,"6.0-6.1":0,"7.0-7.1":0.0315621322013,"8":0,"8.1-8.4":0.0350690357793,"9.0-9.2":0.162194290479,"9.3":0.111928672529,"10.0-10.2":0.68472292359,"10.3":1.86596494542},"android":{"2.1":0,"2.2":0,"2.3":0,"3":0,"4":0,"4.1":0.179666514007,"4.2-4.3":0.528829739342,"4.4":1.32207434836,"4.4.3-4.4.4":0.752565398295,"56":null},"op_mob":{"10":0,"11":0,"11.1":0,"11.5":0,"12":0,"12.1":0,"0":0.00317284257206},"ie":{"5.5":null,"6":null,"7":null,"8":0.316582815789,"9":0.0703517368421,"10":0.0703517368421,"11":0.879396710526},"edge":{"12":0.114189,"13":0.20151,"14":0.960531,"15":null},"bb":{"7":0,"10":null},"samsung":{"4":3.291846,"5":null},"ie_mob":{"10":0.0145952470588,"11":0.0740187529412},"op_mini":{"0":0.712303157428},"and_chr":{"0":23.095143},"baidu":{"0":null},"and_ff":{"0":0.01641},"and_qq":{"1.2":null},"and_uc":{"0":0.14769}},"total":98.547375}