{"id":"PT","name":"Portugal","month":"2017-05","access_date":"2017-06-04","data":{"chrome":{"4":null,"5":null,"6":null,"7":null,"8":null,"9":null,"10":null,"11":0.015808,"12":null,"13":null,"14":null,"15":null,"16":null,"17":null,"18":null,"19":null,"20":null,"21":null,"22":0.07904,"23":null,"24":null,"25":null,"26":null,"27":null,"28":null,"29":null,"30":null,"31":0.023712,"32":0.007904,"33":null,"34":0.031616,"35":0.031616,"36":0.742976,"37":0.015808,"38":0.055328,"39":0.047424,"40":0.031616,"41":0.023712,"42":0.015808,"43":0.102752,"44":0.031616,"45":0.03952,"46":0.023712,"47":0.03952,"48":0.055328,"49":2.355392,"50":0.031616,"51":0.142272,"52":0.047424,"53":0.094848,"54":0.134368,"55":0.31616,"56":0.450528,"57":11.879712,"58":36.413728,"59":0.126464,"60":0.071136,"61":null},"firefox":{"2":null,"3":null,"3.5":null,"3.6":null,"4":null,"5":null,"6":null,"7":null,"8":null,"9":null,"10":null,"11":null,"12":null,"13":null,"14":null,"15":null,"16":0.007904,"17":null,"18":null,"19":null,"20":null,"21":null,"22":null,"23":null,"24":null,"25":null,"26":null,"27":null,"28":null,"29":null,"30":null,"31":null,"32":null,"33":null,"34":null,"35":null,"36":null,"37":0.007904,"38":0.023712,"39":0.007904,"40":0.007904,"41":0.015808,"42":0.015808,"43":0.03952,"44":0.015808,"45":0.094848,"46":0.015808,"47":0.110656,"48":0.181792,"49":0.055328,"50":0.094848,"51":0.11856,"52":0.877344,"53":7.461376,"54":0.047424,"55":null,"56":null},"opera":{"9":null,"9.5-9.6":null,"10.0-10.1":0,"10.5":null,"10.6":null,"11":null,"11.1":null,"11.5":null,"11.6":null,"12":null,"12.1":0.023712,"15":null,"16":null,"17":null,"18":null,"19":null,"20":null,"21":null,"22":null,"23":null,"24":null,"25":null,"26":null,"27":null,"28":null,"29":null,"30":null,"31":null,"32":null,"33":null,"34":null,"35":null,"36":0.03952,"37":null,"38":0.015808,"39":null,"40":null,"41":null,"42":0.015808,"43":0.308256,"44":0.308256,"45":0.442624,"46":0.007904},"safari":{"3.1":null,"3.2":null,"4":0,"5":0.031616,"5.1":0.063232,"6":null,"6.1":0.047424,"7":0.007904,"7.1":null,"8":0.071136,"9":0.094848,"9.1":0.411008,"10":0.679744,"10.1":2.284256,"0":null},"ios_saf":{"3.2":0,"4.0-4.1":0,"4.2-4.3":0,"5.0-5.1":0,"6.0-6.1":0,"7.0-7.1":0.0501504123711,"8":0,"8.1-8.4":0.0557226804124,"9.0-9.2":0.257717396907,"9.3":0.177848221649,"10.0-10.2":1.08798533505,"10.3":2.96491095361},"android":{"2.1":0,"2.2":0,"2.3":0,"3":0,"4":0,"4.1":0.0447656333739,"4.2-4.3":0.131762996346,"4.4":0.329407490865,"4.4.3-4.4.4":0.187508879415,"56":null},"op_mob":{"10":0,"11":0,"11.1":0,"11.5":0,"12":0,"12.1":0,"0":0.000594589800443},"ie":{"5.5":null,"6":null,"7":0.0158957004161,"8":0.174852704577,"9":0.230487656033,"10":0.135113453537,"11":5.17405048544},"edge":{"12":0.086944,"13":0.205504,"14":3.011424,"15":null},"bb":{"7":0.0073325,"10":null},"samsung":{"4":1.275855,"5":null},"ie_mob":{"10":0.0541742352941,"11":0.274740764706},"op_mini":{"0":0.1334854102},"and_chr":{"0":13.956708},"baidu":{"0":null},"and_ff":{"0":0.02095},"and_qq":{"1.2":null},"and_uc":{"0":0.18017}},"total":97.7578385}