{"id":"PW","name":"Palau","month":"2017-05","access_date":"2017-06-04","data":{"chrome":{"4":null,"5":null,"6":null,"7":null,"8":0.010418,"9":null,"10":null,"11":0.015627,"12":null,"13":null,"14":null,"15":0.005209,"16":null,"17":null,"18":null,"19":null,"20":null,"21":0.020836,"22":null,"23":null,"24":null,"25":0.015627,"26":0.057299,"27":null,"28":null,"29":0.015627,"30":0.062508,"31":0.031254,"32":null,"33":0.098971,"34":null,"35":0.015627,"36":null,"37":null,"38":0.010418,"39":0.067717,"40":null,"41":0.020836,"42":0.005209,"43":null,"44":0.135434,"45":0.119807,"46":0.005209,"47":0.005209,"48":0.031254,"49":0.791768,"50":0.067717,"51":0.078135,"52":0.015627,"53":0.145852,"54":0.020836,"55":0.145852,"56":0.182315,"57":4.281798,"58":12.261986,"59":0.015627,"60":0.244823,"61":null},"firefox":{"2":null,"3":null,"3.5":null,"3.6":null,"4":null,"5":1.489774,"6":0.005209,"7":null,"8":null,"9":null,"10":null,"11":null,"12":0.010418,"13":0.005209,"14":0.010418,"15":null,"16":null,"17":null,"18":0.020836,"19":0.020836,"20":0.010418,"21":null,"22":null,"23":null,"24":null,"25":0.031254,"26":0.05209,"27":null,"28":0.015627,"29":0.005209,"30":0.015627,"31":null,"32":null,"33":0.114598,"34":null,"35":0.026045,"36":0.005209,"37":0.963665,"38":0.005209,"39":0.078135,"40":2.146108,"41":null,"42":0.213569,"43":3.151445,"44":null,"45":0.062508,"46":null,"47":8.17813,"48":0.067717,"49":0.057299,"50":0.031254,"51":0.041672,"52":0.380257,"53":8.292728,"54":0.708424,"55":null,"56":null},"opera":{"9":null,"9.5-9.6":null,"10.0-10.1":0,"10.5":null,"10.6":null,"11":null,"11.1":null,"11.5":null,"11.6":null,"12":null,"12.1":null,"15":null,"16":0.026045,"17":null,"18":null,"19":null,"20":null,"21":null,"22":null,"23":null,"24":null,"25":null,"26":null,"27":null,"28":null,"29":null,"30":null,"31":null,"32":null,"33":null,"34":null,"35":null,"36":null,"37":null,"38":null,"39":null,"40":null,"41":null,"42":null,"43":null,"44":null,"45":0.010418,"46":null},"safari":{"3.1":null,"3.2":null,"4":0.005209,"5":null,"5.1":null,"6":null,"6.1":null,"7":0.114598,"7.1":null,"8":0.15627,"9":0.036463,"9.1":0.192733,"10":0.385466,"10.1":1.135562,"0":null},"ios_saf":{"3.2":0,"4.0-4.1":0,"4.2-4.3":0,"5.0-5.1":0,"6.0-6.1":0,"7.0-7.1":0.0686804899939,"8":0,"8.1-8.4":0.0763116555488,"9.0-9.2":0.352941406913,"9.3":0.243561367293,"10.0-10.2":1.48998507459,"10.3":4.06041600566},"android":{"2.1":0,"2.2":0,"2.3":0,"3":0,"4":0,"4.1":0.160861778319,"4.2-4.3":0.473479951279,"4.4":1.1836998782,"4.4.3-4.4.4":0.673798392205,"56":null},"op_mob":{"10":0,"11":0,"11.1":0,"11.5":0,"12":0,"12.1":0,"0":0.00418635920177},"ie":{"5.5":null,"6":null,"7":null,"8":0.645916,"9":0.041672,"10":0.234405,"11":1.97942},"edge":{"12":0.328167,"13":0.276077,"14":0.286495,"15":null},"bb":{"7":0,"10":null},"samsung":{"4":2.20432,"5":null},"ie_mob":{"10":0.0284137411765,"11":0.144098258824},"op_mini":{"0":0.939837640798},"and_chr":{"0":34.287827},"baidu":{"0":null},"and_ff":{"0":null},"and_qq":{"1.2":null},"and_uc":{"0":1.86888}},"total":99.335544}