{"id":"PY","name":"Paraguay","month":"2017-05","access_date":"2017-06-04","data":{"chrome":{"4":null,"5":null,"6":null,"7":null,"8":null,"9":null,"10":0.003633,"11":0.014532,"12":0.007266,"13":null,"14":null,"15":null,"16":null,"17":null,"18":0.003633,"19":null,"20":0.003633,"21":null,"22":0.003633,"23":0.007266,"24":null,"25":null,"26":0.003633,"27":0.007266,"28":null,"29":0.007266,"30":0.007266,"31":0.047229,"32":0.003633,"33":0.010899,"34":0.007266,"35":0.007266,"36":0.07266,"37":0.010899,"38":0.018165,"39":0.010899,"40":0.010899,"41":0.047229,"42":0.010899,"43":0.029064,"44":0.018165,"45":0.010899,"46":0.010899,"47":0.014532,"48":0.018165,"49":0.984543,"50":0.025431,"51":0.065394,"52":0.029064,"53":0.047229,"54":0.065394,"55":0.123522,"56":0.356034,"57":5.874561,"58":19.741722,"59":0.047229,"60":0.021798,"61":null},"firefox":{"2":null,"3":0.014532,"3.5":0.003633,"3.6":0.007266,"4":0.007266,"5":null,"6":null,"7":null,"8":null,"9":null,"10":0.007266,"11":0.014532,"12":0.014532,"13":null,"14":null,"15":0.014532,"16":0.010899,"17":0.010899,"18":null,"19":null,"20":null,"21":0.010899,"22":0.010899,"23":null,"24":0.007266,"25":null,"26":0.007266,"27":0.003633,"28":0.003633,"29":0.003633,"30":0.007266,"31":0.014532,"32":0.007266,"33":0.007266,"34":0.007266,"35":0.014532,"36":null,"37":0.014532,"38":0.029064,"39":0.014532,"40":0.010899,"41":0.010899,"42":0.007266,"43":0.069027,"44":0.021798,"45":0.116256,"46":0.021798,"47":0.105357,"48":0.090825,"49":0.047229,"50":0.065394,"51":0.054495,"52":0.439593,"53":3.680229,"54":0.032697,"55":null,"56":null},"opera":{"9":null,"9.5-9.6":null,"10.0-10.1":0,"10.5":null,"10.6":null,"11":null,"11.1":null,"11.5":null,"11.6":null,"12":null,"12.1":null,"15":null,"16":null,"17":null,"18":null,"19":null,"20":null,"21":null,"22":null,"23":null,"24":null,"25":null,"26":null,"27":null,"28":0.010899,"29":0.003633,"30":null,"31":null,"32":null,"33":0.003633,"34":null,"35":null,"36":0.007266,"37":0.010899,"38":0.010899,"39":0.007266,"40":null,"41":null,"42":0.007266,"43":0.090825,"44":0.098091,"45":0.130788,"46":null},"safari":{"3.1":null,"3.2":null,"4":0,"5":0.007266,"5.1":0.007266,"6":null,"6.1":0.029064,"7":0.003633,"7.1":null,"8":0.010899,"9":0.025431,"9.1":0.076293,"10":0.138054,"10.1":0.385098,"0":null},"ios_saf":{"3.2":0,"4.0-4.1":0,"4.2-4.3":0,"5.0-5.1":0,"6.0-6.1":0,"7.0-7.1":0.0307191340206,"8":0,"8.1-8.4":0.034132371134,"9.0-9.2":0.157862216495,"9.3":0.108939151203,"10.0-10.2":0.666434546392,"10.3":1.81612658076},"android":{"2.1":0,"2.2":0,"2.3":0,"3":0,"4":0,"4.1":0.365400656516,"4.2-4.3":1.07551891352,"4.4":2.6887972838,"4.4.3-4.4.4":1.53054614616,"56":null},"op_mob":{"10":0,"11":0,"11.1":0,"11.5":0,"12":0,"12.1":0,"0":0.0133269356984},"ie":{"5.5":null,"6":null,"7":null,"8":0.131387944954,"9":0.0547449770642,"10":0.047445646789,"11":0.562048431193},"edge":{"12":0.029064,"13":0.047229,"14":0.276108,"15":null},"bb":{"7":0.012734,"10":null},"samsung":{"4":6.30333,"5":null},"ie_mob":{"10":0.1247932,"11":0.6328798},"op_mini":{"0":2.9918970643},"and_chr":{"0":44.588001},"baidu":{"0":null},"and_ff":{"0":0.012734},"and_qq":{"1.2":null},"and_uc":{"0":0.95505}},"total":99.174939}