{"id":"QA","name":"Qatar","month":"2017-05","access_date":"2017-06-04","data":{"chrome":{"4":null,"5":null,"6":null,"7":null,"8":null,"9":null,"10":0.009408,"11":null,"12":0.003136,"13":null,"14":null,"15":null,"16":null,"17":null,"18":null,"19":0.006272,"20":null,"21":null,"22":0.028224,"23":null,"24":0.021952,"25":null,"26":0.006272,"27":null,"28":0.003136,"29":0.006272,"30":0.018816,"31":0.050176,"32":0.028224,"33":0.012544,"34":0.025088,"35":0.012544,"36":0.084672,"37":null,"38":0.034496,"39":0.01568,"40":0.01568,"41":0.006272,"42":0.006272,"43":0.087808,"44":0.01568,"45":0.01568,"46":0.01568,"47":0.059584,"48":0.01568,"49":0.536256,"50":0.018816,"51":0.087808,"52":0.04704,"53":0.043904,"54":0.056448,"55":0.288512,"56":0.26656,"57":4.785536,"58":14.544768,"59":0.056448,"60":0.081536,"61":null},"firefox":{"2":0.009408,"3":0.006272,"3.5":null,"3.6":null,"4":null,"5":null,"6":null,"7":null,"8":null,"9":null,"10":null,"11":null,"12":null,"13":null,"14":0.006272,"15":0.003136,"16":null,"17":null,"18":null,"19":null,"20":null,"21":0.006272,"22":null,"23":0.006272,"24":null,"25":0.018816,"26":null,"27":null,"28":null,"29":null,"30":null,"31":0.012544,"32":null,"33":null,"34":null,"35":0.006272,"36":null,"37":0.003136,"38":0.050176,"39":0.012544,"40":0.006272,"41":0.006272,"42":0.009408,"43":0.028224,"44":0.003136,"45":0.021952,"46":0.006272,"47":0.04704,"48":0.065856,"49":0.025088,"50":0.068992,"51":0.04704,"52":0.18816,"53":1.718528,"54":0.087808,"55":null,"56":null},"opera":{"9":null,"9.5-9.6":null,"10.0-10.1":0,"10.5":null,"10.6":null,"11":null,"11.1":null,"11.5":null,"11.6":null,"12":null,"12.1":null,"15":null,"16":null,"17":null,"18":null,"19":null,"20":null,"21":null,"22":null,"23":null,"24":null,"25":null,"26":null,"27":null,"28":null,"29":null,"30":null,"31":null,"32":null,"33":null,"34":null,"35":null,"36":0.003136,"37":0.003136,"38":0.006272,"39":null,"40":null,"41":0.003136,"42":0.012544,"43":0.12544,"44":0.163072,"45":0.17248,"46":0.003136},"safari":{"3.1":null,"3.2":null,"4":0.003136,"5":0.003136,"5.1":0.021952,"6":null,"6.1":0.012544,"7":0.018816,"7.1":0.018816,"8":0.075264,"9":0.050176,"9.1":0.185024,"10":0.417088,"10.1":0.896896,"0":null},"ios_saf":{"3.2":0,"4.0-4.1":0,"4.2-4.3":0,"5.0-5.1":0,"6.0-6.1":0,"7.0-7.1":0.100624824742,"8":0,"8.1-8.4":0.111805360825,"9.0-9.2":0.517099793814,"9.3":0.356845443299,"10.0-10.2":2.1829996701,"10.3":5.94897690722},"android":{"2.1":0,"2.2":0,"2.3":0,"3":0,"4":0,"4.1":0.0917234397077,"4.2-4.3":0.269978426309,"4.4":0.674946065773,"4.4.3-4.4.4":0.38420006821,"56":null},"op_mob":{"10":0,"11":0,"11.1":0,"11.5":0,"12":0,"12.1":0,"0":0.0357658536585},"ie":{"5.5":null,"6":0.00317223529412,"7":0.00317223529412,"8":0.130061647059,"9":0.187161882353,"10":0.231573176471,"11":2.45848235294},"edge":{"12":0.028224,"13":0.10976,"14":1.00352,"15":null},"bb":{"7":0.015444,"10":null},"samsung":{"4":3.335904,"5":null},"ie_mob":{"10":0.0305246117647,"11":0.154803388235},"op_mini":{"0":8.02943414634},"and_chr":{"0":23.189008},"baidu":{"0":null},"and_ff":{"0":0.03432},"and_qq":{"1.2":null},"and_uc":{"0":23.255232}},"total":98.9600115294}