{"id":"RE","name":"Reunion","month":"2017-05","access_date":"2017-06-04","data":{"chrome":{"4":null,"5":null,"6":null,"7":null,"8":null,"9":null,"10":null,"11":0.031605,"12":null,"13":null,"14":null,"15":null,"16":null,"17":null,"18":null,"19":null,"20":null,"21":null,"22":0.006321,"23":0.012642,"24":0.037926,"25":null,"26":0.018963,"27":null,"28":0.006321,"29":0.012642,"30":0.044247,"31":0.018963,"32":null,"33":0.012642,"34":0.031605,"35":0.031605,"36":0.101136,"37":null,"38":0.025284,"39":0.031605,"40":0.031605,"41":0.006321,"42":null,"43":0.044247,"44":0.18963,"45":0.031605,"46":0.037926,"47":0.037926,"48":0.056889,"49":0.916545,"50":0.037926,"51":0.107457,"52":0.031605,"53":0.158025,"54":0.682668,"55":0.410865,"56":0.581532,"57":6.984705,"58":21.150066,"59":0.132741,"60":0.056889,"61":null},"firefox":{"2":null,"3":null,"3.5":null,"3.6":0.018963,"4":null,"5":null,"6":null,"7":null,"8":null,"9":null,"10":null,"11":0.012642,"12":0.006321,"13":0.012642,"14":null,"15":0.069531,"16":0.031605,"17":null,"18":null,"19":0.018963,"20":0.012642,"21":null,"22":null,"23":0.075852,"24":0.025284,"25":null,"26":0.018963,"27":null,"28":0.012642,"29":null,"30":0.006321,"31":0.069531,"32":0.183309,"33":0.012642,"34":0.050568,"35":0.037926,"36":0.006321,"37":0.031605,"38":0.151704,"39":0.006321,"40":0.069531,"41":0.398223,"42":0.075852,"43":0.107457,"44":0.082173,"45":0.208593,"46":0.018963,"47":0.132741,"48":0.549927,"49":0.619458,"50":0.240198,"51":0.195951,"52":1.042965,"53":11.169207,"54":0.050568,"55":null,"56":null},"opera":{"9":null,"9.5-9.6":null,"10.0-10.1":0,"10.5":null,"10.6":null,"11":null,"11.1":null,"11.5":null,"11.6":null,"12":null,"12.1":0.018963,"15":null,"16":null,"17":null,"18":null,"19":null,"20":null,"21":null,"22":null,"23":null,"24":null,"25":null,"26":null,"27":null,"28":null,"29":null,"30":null,"31":null,"32":null,"33":null,"34":null,"35":null,"36":0.113778,"37":null,"38":null,"39":null,"40":null,"41":null,"42":null,"43":0.202272,"44":0.18963,"45":0.309729,"46":0.006321},"safari":{"3.1":null,"3.2":null,"4":0,"5":0.044247,"5.1":0.158025,"6":0.018963,"6.1":0.113778,"7":0.018963,"7.1":0.031605,"8":0.151704,"9":0.120099,"9.1":0.581532,"10":1.112496,"10.1":2.743314,"0":null},"ios_saf":{"3.2":0,"4.0-4.1":0,"4.2-4.3":0,"5.0-5.1":0,"6.0-6.1":0,"7.0-7.1":0.0875062086113,"8":0,"8.1-8.4":0.0972291206792,"9.0-9.2":0.449684683141,"9.3":0.310322943501,"10.0-10.2":1.89839858126,"10.3":5.17339946281},"android":{"2.1":0,"2.2":0,"2.3":0,"3":0,"4":0,"4.1":0.0983247478685,"4.2-4.3":0.289408691839,"4.4":0.723521729598,"4.4.3-4.4.4":0.411850830694,"56":null},"op_mob":{"10":0,"11":0,"11.1":0,"11.5":0,"12":0,"12.1":0,"0":0.000750483370288},"ie":{"5.5":null,"6":null,"7":null,"8":0.108184699774,"9":0.089093282167,"10":0.0763656704289,"11":2.54552234763},"edge":{"12":0.094815,"13":0.284445,"14":2.895018,"15":null},"bb":{"7":0.003679,"10":null},"samsung":{"4":4.289714,"5":null},"ie_mob":{"10":0.0539298117647,"11":0.273501188235},"op_mini":{"0":0.16848351663},"and_chr":{"0":23.340868},"baidu":{"0":null},"and_ff":{"0":0.066222},"and_qq":{"1.2":null},"and_uc":{"0":0.158197}},"total":97.86864}