{"id":"RO","name":"Romania","month":"2017-05","access_date":"2017-06-04","data":{"chrome":{"4":null,"5":null,"6":null,"7":null,"8":null,"9":null,"10":null,"11":0.01318,"12":null,"13":null,"14":null,"15":null,"16":0.00659,"17":null,"18":null,"19":null,"20":null,"21":null,"22":0.01977,"23":null,"24":null,"25":null,"26":0.01318,"27":null,"28":null,"29":0.01318,"30":0.01977,"31":0.01977,"32":0.00659,"33":0.00659,"34":0.05272,"35":0.00659,"36":0.03954,"37":0.01977,"38":0.02636,"39":0.03295,"40":0.03295,"41":0.03954,"42":0.05272,"43":0.08567,"44":0.02636,"45":0.01977,"46":0.01977,"47":0.05931,"48":0.12521,"49":3.06435,"50":0.03954,"51":0.3295,"52":0.07908,"53":0.13839,"54":0.57333,"55":0.5931,"56":0.5931,"57":7.47965,"58":28.22497,"59":0.10544,"60":0.05272,"61":null},"firefox":{"2":null,"3":0.02636,"3.5":null,"3.6":0.00659,"4":null,"5":null,"6":null,"7":null,"8":null,"9":null,"10":null,"11":null,"12":0.00659,"13":null,"14":null,"15":null,"16":0.00659,"17":null,"18":null,"19":null,"20":null,"21":null,"22":null,"23":null,"24":0.00659,"25":null,"26":null,"27":null,"28":null,"29":0.01318,"30":null,"31":0.01318,"32":null,"33":0.01318,"34":0.01318,"35":0.01977,"36":0.00659,"37":0.00659,"38":0.03954,"39":0.01318,"40":0.01318,"41":0.86329,"42":0.01977,"43":0.0659,"44":0.01977,"45":0.8567,"46":0.03295,"47":0.17793,"48":0.78421,"49":0.15157,"50":0.15816,"51":0.1318,"52":1.54206,"53":7.17651,"54":0.09885,"55":null,"56":null},"opera":{"9":null,"9.5-9.6":null,"10.0-10.1":0,"10.5":null,"10.6":null,"11":null,"11.1":null,"11.5":null,"11.6":null,"12":null,"12.1":0.05931,"15":null,"16":null,"17":null,"18":null,"19":null,"20":null,"21":null,"22":null,"23":null,"24":null,"25":null,"26":null,"27":null,"28":null,"29":null,"30":null,"31":null,"32":null,"33":null,"34":null,"35":null,"36":0.1318,"37":0.00659,"38":0.03954,"39":null,"40":0.00659,"41":0.01977,"42":0.03954,"43":0.73149,"44":0.73808,"45":1.00827,"46":0.01318},"safari":{"3.1":null,"3.2":null,"4":0.01977,"5":null,"5.1":0.01977,"6":null,"6.1":null,"7":0.00659,"7.1":null,"8":0.01977,"9":0.09226,"9.1":0.07249,"10":0.12521,"10.1":0.48766,"0":null},"ios_saf":{"3.2":0,"4.0-4.1":0,"4.2-4.3":0,"5.0-5.1":0,"6.0-6.1":0,"7.0-7.1":0.0575460764099,"8":0,"8.1-8.4":0.0639400848999,"9.0-9.2":0.295722892662,"9.3":0.204075437639,"10.0-10.2":1.24843015767,"10.3":3.40214535072},"android":{"2.1":0,"2.2":0,"2.3":0,"3":0,"4":0,"4.1":0.102142168088,"4.2-4.3":0.300644872107,"4.4":0.751612180268,"4.4.3-4.4.4":0.427840779537,"56":null},"op_mob":{"10":0,"11":0,"11.1":0,"11.5":0,"12":0,"12.1":0,"0":0.00204146341463},"ie":{"5.5":null,"6":0.0139567680608,"7":0.0209351520913,"8":0.579205874525,"9":0.1605028327,"10":0.418703041825,"11":2.4773263308},"edge":{"12":0.0659,"13":0.10544,"14":0.95555,"15":null},"bb":{"7":0.0161975,"10":null},"samsung":{"4":3.41,"5":null},"ie_mob":{"10":0.104466352941,"11":0.529793647059},"op_mini":{"0":0.458308536585},"and_chr":{"0":23.33779},"baidu":{"0":null},"and_ff":{"0":0.07161},"and_qq":{"1.2":null},"and_uc":{"0":0.1705}},"total":97.7047875}