{"id":"RS","name":"Serbia","month":"2017-05","access_date":"2017-06-04","data":{"chrome":{"4":null,"5":null,"6":null,"7":null,"8":null,"9":null,"10":null,"11":0.020316,"12":null,"13":null,"14":null,"15":null,"16":null,"17":null,"18":0.006772,"19":null,"20":null,"21":null,"22":0.040632,"23":null,"24":null,"25":null,"26":0.047404,"27":null,"28":null,"29":0.027088,"30":0.006772,"31":0.047404,"32":0.006772,"33":0.027088,"34":0.074492,"35":0.006772,"36":0.060948,"37":0.020316,"38":0.03386,"39":0.040632,"40":0.020316,"41":0.020316,"42":0.020316,"43":0.060948,"44":0.03386,"45":0.020316,"46":0.020316,"47":0.040632,"48":0.040632,"49":3.28442,"50":0.060948,"51":0.142212,"52":0.03386,"53":0.10158,"54":0.115124,"55":0.433408,"56":0.446952,"57":8.234752,"58":30.074452,"59":0.148984,"60":0.13544,"61":null},"firefox":{"2":null,"3":0.013544,"3.5":null,"3.6":0.047404,"4":null,"5":null,"6":null,"7":null,"8":null,"9":null,"10":null,"11":null,"12":0.013544,"13":null,"14":null,"15":null,"16":0.006772,"17":null,"18":null,"19":null,"20":0.013544,"21":null,"22":0.006772,"23":null,"24":0.006772,"25":null,"26":0.013544,"27":null,"28":0.013544,"29":0.006772,"30":0.013544,"31":0.027088,"32":0.006772,"33":0.027088,"34":0.013544,"35":0.027088,"36":0.020316,"37":0.020316,"38":0.054176,"39":0.027088,"40":0.03386,"41":0.040632,"42":0.040632,"43":0.115124,"44":0.03386,"45":0.108352,"46":0.027088,"47":0.230248,"48":0.264108,"49":0.196388,"50":0.230248,"51":0.23702,"52":2.024828,"53":9.44694,"54":0.250564,"55":null,"56":null},"opera":{"9":null,"9.5-9.6":null,"10.0-10.1":0,"10.5":null,"10.6":null,"11":null,"11.1":null,"11.5":null,"11.6":0.006772,"12":0.006772,"12.1":0.1693,"15":null,"16":null,"17":null,"18":null,"19":null,"20":null,"21":null,"22":null,"23":null,"24":null,"25":null,"26":null,"27":null,"28":null,"29":null,"30":0.006772,"31":null,"32":null,"33":null,"34":null,"35":0.013544,"36":0.243792,"37":0.013544,"38":0.006772,"39":0.006772,"40":0.027088,"41":0.020316,"42":0.054176,"43":0.934536,"44":1.090292,"45":1.367944,"46":0.013544},"safari":{"3.1":null,"3.2":null,"4":0.013544,"5":null,"5.1":0.03386,"6":null,"6.1":0.006772,"7":0.006772,"7.1":null,"8":0.020316,"9":0.027088,"9.1":0.074492,"10":0.108352,"10.1":0.40632,"0":null},"ios_saf":{"3.2":0,"4.0-4.1":0,"4.2-4.3":0,"5.0-5.1":0,"6.0-6.1":0,"7.0-7.1":0.0318180181928,"8":0,"8.1-8.4":0.0353533535476,"9.0-9.2":0.163509260158,"9.3":0.112836120073,"10.0-10.2":0.690274228017,"10.3":1.88109302001},"android":{"2.1":0,"2.2":0,"2.3":0,"3":0,"4":0,"4.1":0.128156711328,"4.2-4.3":0.377215980512,"4.4":0.943039951279,"4.4.3-4.4.4":0.536807356882,"56":null},"op_mob":{"10":0,"11":0,"11.1":0,"11.5":0,"12":0,"12.1":0,"0":0.0039079556541},"ie":{"5.5":null,"6":0.0214479765396,"7":0.0071493255132,"8":0.386063577713,"9":0.150135835777,"10":0.128687859238,"11":1.74443542522},"edge":{"12":0.027088,"13":0.081264,"14":0.74492,"15":null},"bb":{"7":0.011298,"10":null},"samsung":{"4":2.040096,"5":null},"ie_mob":{"10":0.116435858824,"11":0.590496141176},"op_mini":{"0":0.877336044346},"and_chr":{"0":23.595504},"baidu":{"0":null},"and_ff":{"0":0.01614},"and_qq":{"1.2":null},"and_uc":{"0":0.142032}},"total":97.88017}