{"id":"RU","name":"Russian Federation","month":"2017-05","access_date":"2017-06-04","data":{"chrome":{"4":0.007789,"5":null,"6":null,"7":null,"8":null,"9":0.007789,"10":0.007789,"11":0.031156,"12":0.015578,"13":0.015578,"14":0.015578,"15":0.023367,"16":0.015578,"17":0.031156,"18":0.062312,"19":0.023367,"20":0.015578,"21":0.046734,"22":0.046734,"23":0.023367,"24":0.038945,"25":0.023367,"26":0.031156,"27":0.046734,"28":0.054523,"29":0.062312,"30":0.015578,"31":0.303771,"32":0.015578,"33":0.023367,"34":0.038945,"35":0.031156,"36":0.023367,"37":0.023367,"38":0.031156,"39":0.070101,"40":0.124624,"41":0.093468,"42":0.023367,"43":0.171358,"44":0.046734,"45":0.194725,"46":0.046734,"47":0.085679,"48":0.303771,"49":1.768103,"50":0.101257,"51":0.475129,"52":0.109046,"53":0.179147,"54":0.303771,"55":0.529652,"56":0.919102,"57":7.500807,"58":24.994901,"59":0.062312,"60":0.15578,"61":null},"firefox":{"2":0.007789,"3":0.062312,"3.5":0.046734,"3.6":0.171358,"4":0.015578,"5":null,"6":null,"7":null,"8":0.023367,"9":null,"10":0.015578,"11":0.015578,"12":0.038945,"13":null,"14":0.007789,"15":0.046734,"16":0.007789,"17":0.007789,"18":0.007789,"19":0.015578,"20":0.015578,"21":0.023367,"22":0.015578,"23":0.015578,"24":0.031156,"25":0.163569,"26":0.015578,"27":null,"28":0.015578,"29":null,"30":null,"31":0.015578,"32":0.015578,"33":0.015578,"34":0.015578,"35":0.054523,"36":0.031156,"37":0.015578,"38":0.038945,"39":0.015578,"40":0.023367,"41":0.015578,"42":0.031156,"43":0.101257,"44":0.023367,"45":0.319349,"46":0.038945,"47":0.202514,"48":0.249248,"49":0.093468,"50":0.179147,"51":0.171358,"52":1.152772,"53":5.53019,"54":0.046734,"55":null,"56":null},"opera":{"9":null,"9.5-9.6":0.007789,"10.0-10.1":0,"10.5":0.007789,"10.6":0.023367,"11":0.015578,"11.1":0.007789,"11.5":0.023367,"11.6":0.070101,"12":0.07789,"12.1":0.654276,"15":null,"16":0.007789,"17":0.007789,"18":0.070101,"19":0.007789,"20":0.015578,"21":0.007789,"22":null,"23":null,"24":null,"25":0.007789,"26":0.007789,"27":0.038945,"28":0.023367,"29":0.007789,"30":0.023367,"31":0.007789,"32":0.015578,"33":0.023367,"34":0.023367,"35":0.038945,"36":0.428395,"37":0.054523,"38":0.046734,"39":0.031156,"40":0.023367,"41":0.038945,"42":0.147991,"43":1.744736,"44":1.596745,"45":2.251021,"46":0.023367},"safari":{"3.1":null,"3.2":null,"4":0.070101,"5":0.038945,"5.1":0.046734,"6":0.015578,"6.1":0.023367,"7":0.015578,"7.1":null,"8":0.054523,"9":0.062312,"9.1":0.225881,"10":0.428395,"10.1":1.331919,"0":null},"ios_saf":{"3.2":0,"4.0-4.1":0,"4.2-4.3":0,"5.0-5.1":0,"6.0-6.1":0,"7.0-7.1":0.0619091716192,"8":0,"8.1-8.4":0.0687879684657,"9.0-9.2":0.318144354154,"9.3":0.21954826602,"10.0-10.2":1.34308508429,"10.3":3.66009315545},"android":{"2.1":0,"2.2":0,"2.3":0,"3":0,"4":0,"4.1":0.0596889744214,"4.2-4.3":0.175688302071,"4.4":0.439220755177,"4.4.3-4.4.4":0.250017968331,"56":null},"op_mob":{"10":0,"11":0,"11.1":0,"11.5":0,"12":0,"12.1":0,"0":0.00337440354767},"ie":{"5.5":null,"6":0.0801340427509,"7":0.0801340427509,"8":1.06845390335,"9":0.347247518587,"10":0.560938299257,"11":2.65332719331},"edge":{"12":0.046734,"13":0.116835,"14":1.01257,"15":null},"bb":{"7":0.009401,"10":null},"samsung":{"4":1.232084,"5":null},"ie_mob":{"10":0.0528277647059,"11":0.267912235294},"op_mini":{"0":0.757553596452},"and_chr":{"0":11.727053},"baidu":{"0":null},"and_ff":{"0":0.017696},"and_qq":{"1.2":null},"and_uc":{"0":0.789684}},"total":85.938901}