{"id":"RW","name":"Rwanda","month":"2017-05","access_date":"2017-06-04","data":{"chrome":{"4":null,"5":null,"6":0.003521,"7":null,"8":null,"9":null,"10":null,"11":0.017605,"12":0.010563,"13":null,"14":null,"15":0.003521,"16":null,"17":null,"18":0.021126,"19":null,"20":null,"21":null,"22":0.014084,"23":0.010563,"24":null,"25":0.007042,"26":null,"27":0.102109,"28":0.056336,"29":0.059857,"30":0.017605,"31":0.042252,"32":0.049294,"33":0.049294,"34":0.014084,"35":0.063378,"36":0.482377,"37":0.042252,"38":0.028168,"39":null,"40":0.03521,"41":0.542234,"42":0.003521,"43":0.552797,"44":0.003521,"45":0.119714,"46":0.003521,"47":0.010563,"48":0.024647,"49":0.197176,"50":0.017605,"51":0.014084,"52":0.024647,"53":0.084504,"54":0.038731,"55":0.408436,"56":0.172529,"57":2.813279,"58":12.545323,"59":0.024647,"60":0.066899,"61":null},"firefox":{"2":null,"3":0.031689,"3.5":0.010563,"3.6":0.014084,"4":0.028168,"5":0.021126,"6":0.028168,"7":0.007042,"8":0.014084,"9":0.010563,"10":0.007042,"11":0.042252,"12":0.031689,"13":0.045773,"14":0.03521,"15":0.010563,"16":0.017605,"17":0.014084,"18":0.017605,"19":0.017605,"20":0.165487,"21":0.066899,"22":0.010563,"23":0.07042,"24":0.024647,"25":0.017605,"26":0.003521,"27":0.007042,"28":0.028168,"29":0.049294,"30":0.031689,"31":0.077462,"32":0.014084,"33":0.017605,"34":0.066899,"35":0.024647,"36":0.021126,"37":0.073941,"38":0.024647,"39":0.014084,"40":0.07042,"41":0.07042,"42":0.024647,"43":0.14084,"44":0.119714,"45":0.116193,"46":0.024647,"47":0.295764,"48":0.144361,"49":0.095067,"50":0.130277,"51":0.169008,"52":0.552797,"53":5.770919,"54":0.771099,"55":null,"56":null},"opera":{"9":null,"9.5-9.6":null,"10.0-10.1":0,"10.5":null,"10.6":0.007042,"11":0.007042,"11.1":null,"11.5":null,"11.6":0.066899,"12":0.130277,"12.1":0.056336,"15":0.014084,"16":null,"17":0.003521,"18":null,"19":null,"20":null,"21":null,"22":0.003521,"23":null,"24":null,"25":null,"26":null,"27":null,"28":0.612654,"29":null,"30":null,"31":null,"32":null,"33":null,"34":null,"35":null,"36":0.014084,"37":0.010563,"38":0.007042,"39":0.003521,"40":0.010563,"41":0.003521,"42":0.052815,"43":0.267596,"44":0.21126,"45":0.235907,"46":0.007042},"safari":{"3.1":null,"3.2":null,"4":0,"5":0.042252,"5.1":0.066899,"6":null,"6.1":0.010563,"7":0.024647,"7.1":0.017605,"8":0.028168,"9":0.112672,"9.1":0.144361,"10":0.154924,"10.1":0.285201,"0":null},"ios_saf":{"3.2":0,"4.0-4.1":0,"4.2-4.3":0,"5.0-5.1":0,"6.0-6.1":0,"7.0-7.1":0.0172563784112,"8":0,"8.1-8.4":0.0191737537902,"9.0-9.2":0.0886786112796,"9.3":0.061196230847,"10.0-10.2":0.374367542753,"10.3":1.02020348292},"android":{"2.1":0,"2.2":0,"2.3":0,"3":0,"4":0,"4.1":0.141788298417,"4.2-4.3":0.417339142509,"4.4":1.04334785627,"4.4.3-4.4.4":0.593905702801,"56":null},"op_mob":{"10":0,"11":0,"11.1":0,"11.5":0,"12":0,"12.1":0,"0":0.163512146341},"ie":{"5.5":null,"6":null,"7":0.00353404074074,"8":0.197906281481,"9":0.180236077778,"10":0.247382851852,"11":1.27932274815},"edge":{"12":0.14084,"13":0.295764,"14":0.24647,"15":null},"bb":{"7":0.1198615,"10":null},"samsung":{"4":1.321716,"5":null},"ie_mob":{"10":0.201687458824,"11":1.02284354118},"op_mini":{"0":36.7084768537},"and_chr":{"0":11.608232},"baidu":{"0":null},"and_ff":{"0":0.071269},"and_qq":{"1.2":null},"and_uc":{"0":9.323281}},"total":98.0317115}