{"id":"SA","name":"Saudi Arabia","month":"2017-05","access_date":"2017-06-04","data":{"chrome":{"4":null,"5":null,"6":null,"7":null,"8":null,"9":null,"10":null,"11":0.007306,"12":null,"13":null,"14":null,"15":null,"16":null,"17":null,"18":null,"19":0.105937,"20":null,"21":0.003653,"22":0.007306,"23":null,"24":0.434707,"25":0.003653,"26":0.003653,"27":0.003653,"28":0.003653,"29":0.014612,"30":0.142467,"31":0.047489,"32":0.007306,"33":0.062101,"34":0.018265,"35":0.244751,"36":0.025571,"37":0.003653,"38":0.021918,"39":0.014612,"40":0.014612,"41":0.007306,"42":0.014612,"43":0.405483,"44":0.014612,"45":0.021918,"46":0.014612,"47":0.021918,"48":0.025571,"49":0.664846,"50":0.014612,"51":0.051142,"52":0.018265,"53":0.043836,"54":0.069407,"55":0.281281,"56":0.252057,"57":5.282238,"58":16.661333,"59":0.087672,"60":0.116896,"61":null},"firefox":{"2":0.131508,"3":0.010959,"3.5":null,"3.6":null,"4":null,"5":null,"6":null,"7":null,"8":null,"9":null,"10":null,"11":null,"12":null,"13":null,"14":null,"15":0.157079,"16":null,"17":null,"18":0.131508,"19":null,"20":null,"21":0.127855,"22":null,"23":0.131508,"24":null,"25":0.277628,"26":null,"27":null,"28":null,"29":null,"30":null,"31":0.003653,"32":null,"33":0.003653,"34":null,"35":0.003653,"36":null,"37":0.003653,"38":0.007306,"39":0.003653,"40":0.003653,"41":0.003653,"42":0.007306,"43":0.025571,"44":0.010959,"45":0.032877,"46":0.010959,"47":0.058448,"48":0.065754,"49":0.029224,"50":0.043836,"51":0.047489,"52":0.226486,"53":2.199106,"54":0.091325,"55":null,"56":null},"opera":{"9":null,"9.5-9.6":null,"10.0-10.1":0.160732,"10.5":null,"10.6":null,"11":null,"11.1":null,"11.5":null,"11.6":null,"12":null,"12.1":0.003653,"15":null,"16":null,"17":null,"18":null,"19":null,"20":null,"21":null,"22":null,"23":null,"24":null,"25":null,"26":null,"27":null,"28":null,"29":null,"30":null,"31":null,"32":null,"33":null,"34":null,"35":null,"36":0.003653,"37":null,"38":null,"39":null,"40":0.010959,"41":null,"42":0.014612,"43":0.029224,"44":0.025571,"45":0.014612,"46":null},"safari":{"3.1":null,"3.2":null,"4":0,"5":0.135161,"5.1":0.014612,"6":null,"6.1":0.010959,"7":0.018265,"7.1":null,"8":0.087672,"9":0.065754,"9.1":0.197262,"10":0.431054,"10.1":0.935168,"0":null},"ios_saf":{"3.2":0,"4.0-4.1":0,"4.2-4.3":0,"5.0-5.1":0,"6.0-6.1":0,"7.0-7.1":0.157477961189,"8":0,"8.1-8.4":0.174975512432,"9.0-9.2":0.809261744997,"9.3":0.558463510511,"10.0-10.2":3.41639688023,"10.3":9.31015539064},"android":{"2.1":0,"2.2":0,"2.3":0,"3":0,"4":0,"4.1":0.127017308161,"4.2-4.3":0.37386226553,"4.4":0.934655663825,"4.4.3-4.4.4":0.532034762485,"56":null},"op_mob":{"10":0,"11":0,"11.1":0,"11.5":0,"12":0,"12.1":0,"0":0.00253317073171},"ie":{"5.5":null,"6":null,"7":0.00369717170496,"8":0.443660604595,"9":0.343836968561,"10":0.428871917775,"11":1.83009999395},"edge":{"12":0.040183,"13":0.091325,"14":0.774436,"15":null},"bb":{"7":0.019041,"10":null},"samsung":{"4":4.112856,"5":null},"ie_mob":{"10":0.0135900470588,"11":0.0689209529412},"op_mini":{"0":0.568696829268},"and_chr":{"0":24.68513},"baidu":{"0":null},"and_ff":{"0":0.025388},"and_qq":{"1.2":null},"and_uc":{"0":17.543108}},"total":98.6593556566}