{"id":"SB","name":"Solomon Islands","month":"2017-05","access_date":"2017-06-04","data":{"chrome":{"4":null,"5":null,"6":null,"7":null,"8":0.009678,"9":null,"10":null,"11":0.01613,"12":null,"13":null,"14":null,"15":null,"16":null,"17":null,"18":null,"19":null,"20":null,"21":0.009678,"22":null,"23":null,"24":null,"25":null,"26":null,"27":null,"28":null,"29":0.006452,"30":null,"31":null,"32":null,"33":null,"34":null,"35":null,"36":null,"37":null,"38":0.019356,"39":null,"40":null,"41":null,"42":null,"43":0.009678,"44":0.003226,"45":null,"46":0.012904,"47":0.003226,"48":0.006452,"49":0.100006,"50":0.006452,"51":0.012904,"52":0.041938,"53":0.051616,"54":0.045164,"55":0.06452,"56":0.087102,"57":1.100066,"58":4.280902,"59":0.003226,"60":0.006452,"61":null},"firefox":{"2":null,"3":0.103232,"3.5":null,"3.6":null,"4":0.006452,"5":0.058068,"6":0.041938,"7":null,"8":null,"9":null,"10":null,"11":0.009678,"12":null,"13":null,"14":null,"15":0.003226,"16":null,"17":0.009678,"18":null,"19":0.019356,"20":null,"21":0.003226,"22":null,"23":0.012904,"24":0.009678,"25":0.009678,"26":null,"27":null,"28":null,"29":0.019356,"30":0.006452,"31":0.006452,"32":null,"33":0.006452,"34":null,"35":0.009678,"36":0.009678,"37":0.041938,"38":0.006452,"39":0.01613,"40":0.003226,"41":0.01613,"42":0.003226,"43":0.087102,"44":0.029034,"45":0.025808,"46":0.01613,"47":0.170978,"48":0.038712,"49":0.025808,"50":0.103232,"51":0.087102,"52":0.358086,"53":2.042058,"54":0.170978,"55":null,"56":null},"opera":{"9":null,"9.5-9.6":null,"10.0-10.1":0,"10.5":null,"10.6":null,"11":null,"11.1":null,"11.5":null,"11.6":null,"12":null,"12.1":null,"15":null,"16":null,"17":null,"18":null,"19":0.141944,"20":null,"21":null,"22":null,"23":null,"24":null,"25":null,"26":null,"27":null,"28":null,"29":0.01613,"30":null,"31":null,"32":null,"33":0.003226,"34":null,"35":0.003226,"36":null,"37":0.041938,"38":0.006452,"39":null,"40":null,"41":0.006452,"42":0.019356,"43":0.045164,"44":0.035486,"45":0.083876,"46":null},"safari":{"3.1":null,"3.2":null,"4":0,"5":null,"5.1":0.01613,"6":0.009678,"6.1":0.022582,"7":null,"7.1":null,"8":0.009678,"9":0.196786,"9.1":0.054842,"10":0.045164,"10.1":0.08065,"0":null},"ios_saf":{"3.2":0,"4.0-4.1":0,"4.2-4.3":0,"5.0-5.1":0,"6.0-6.1":0,"7.0-7.1":0.018411805943,"8":0,"8.1-8.4":0.0204575621589,"9.0-9.2":0.0946162249848,"9.3":0.0652937192238,"10.0-10.2":0.399433901152,"10.3":1.08851278654},"android":{"2.1":0,"2.2":0,"2.3":0,"3":0,"4":0,"4.1":0.335407885505,"4.2-4.3":0.987238304507,"4.4":2.46809576127,"4.4.3-4.4.4":1.40491604872,"56":null},"op_mob":{"10":0,"11":0,"11.1":0,"11.5":0,"12":0,"12.1":0,"0":0.0585177472284},"ie":{"5.5":null,"6":null,"7":0.006452,"8":0.116136,"9":0.03226,"10":0.219368,"11":19.449554},"edge":{"12":0.180656,"13":0.264532,"14":0.20969,"15":null},"bb":{"7":0,"10":null},"samsung":{"4":3.055074,"5":null},"ie_mob":{"10":0.0937202823529,"11":0.475295717647},"op_mini":{"0":13.1372342528},"and_chr":{"0":25.248738},"baidu":{"0":null},"and_ff":{"0":0.013548},"and_qq":{"1.2":null},"and_uc":{"0":19.082358}},"total":98.848718}