{"id":"SC","name":"Seychelles","month":"2017-05","access_date":"2017-06-04","data":{"chrome":{"4":null,"5":null,"6":null,"7":0.05083,"8":null,"9":null,"10":null,"11":null,"12":0.060996,"13":null,"14":null,"15":null,"16":null,"17":null,"18":0.005083,"19":null,"20":null,"21":null,"22":null,"23":null,"24":null,"25":null,"26":null,"27":null,"28":0.030498,"29":0.066079,"30":0.005083,"31":0.015249,"32":0.015249,"33":0.010166,"34":0.167739,"35":0.010166,"36":0.091494,"37":null,"38":0.010166,"39":0.030498,"40":null,"41":0.025415,"42":null,"43":0.086411,"44":0.005083,"45":0.055913,"46":0.066079,"47":0.030498,"48":null,"49":0.548964,"50":0.020332,"51":1.428323,"52":0.066079,"53":0.635375,"54":2.277184,"55":1.087762,"56":2.114528,"57":4.193475,"58":12.082291,"59":0.025415,"60":0.071162,"61":null},"firefox":{"2":null,"3":0.015249,"3.5":null,"3.6":null,"4":null,"5":0.010166,"6":0.010166,"7":null,"8":null,"9":null,"10":null,"11":null,"12":0.005083,"13":0.010166,"14":0.005083,"15":null,"16":0.010166,"17":0.010166,"18":null,"19":null,"20":0.020332,"21":0.015249,"22":0.010166,"23":null,"24":0.040664,"25":null,"26":null,"27":null,"28":0.010166,"29":0.132158,"30":null,"31":0.015249,"32":0.010166,"33":null,"34":0.005083,"35":0.010166,"36":0.05083,"37":0.030498,"38":0.086411,"39":0.086411,"40":0.015249,"41":0.010166,"42":0.076245,"43":0.05083,"44":0.167739,"45":2.775318,"46":0.030498,"47":0.208403,"48":0.447304,"49":0.233818,"50":0.396474,"51":0.096577,"52":1.082679,"53":7.334769,"54":0.543881,"55":0.020332,"56":null},"opera":{"9":null,"9.5-9.6":null,"10.0-10.1":0,"10.5":null,"10.6":null,"11":null,"11.1":null,"11.5":null,"11.6":null,"12":null,"12.1":0.020332,"15":null,"16":0.010166,"17":null,"18":null,"19":null,"20":null,"21":null,"22":null,"23":null,"24":null,"25":null,"26":null,"27":null,"28":null,"29":null,"30":null,"31":null,"32":null,"33":null,"34":null,"35":null,"36":null,"37":null,"38":null,"39":0.010166,"40":null,"41":null,"42":0.020332,"43":0.320229,"44":0.111826,"45":0.177905,"46":null},"safari":{"3.1":null,"3.2":null,"4":0.020332,"5":null,"5.1":null,"6":null,"6.1":0.040664,"7":0.025415,"7.1":null,"8":0.020332,"9":0.055913,"9.1":0.198237,"10":0.635375,"10.1":0.721786,"0":null},"ios_saf":{"3.2":0,"4.0-4.1":0,"4.2-4.3":0,"5.0-5.1":0,"6.0-6.1":0,"7.0-7.1":0.0684861467556,"8":0,"8.1-8.4":0.0760957186173,"9.0-9.2":0.351942698605,"9.3":0.242872168587,"10.0-10.2":1.485768906,"10.3":4.04892636143},"android":{"2.1":0,"2.2":0,"2.3":0,"3":0,"4":0,"4.1":0.143155969549,"4.2-4.3":0.42136474056,"4.4":1.0534118514,"4.4.3-4.4.4":0.59963443849,"56":null},"op_mob":{"10":0,"11":0,"11.1":0,"11.5":0,"12":0,"12.1":0,"0":0.00963775609756},"ie":{"5.5":null,"6":0.00544798838437,"7":null,"8":0.779062338965,"9":0.29963936114,"10":1.08959767687,"11":2.98549763464},"edge":{"12":0.223652,"13":0.376142,"14":0.96577,"15":null},"bb":{"7":0.03810675,"10":null},"samsung":{"4":5.492289,"5":null},"ie_mob":{"10":0.0720774352941,"11":0.365535564706},"op_mini":{"0":2.1636762439},"and_chr":{"0":22.030467},"baidu":{"0":null},"and_ff":{"0":0.063921},"and_qq":{"1.2":null},"and_uc":{"0":10.71906}},"total":98.03990975}