{"id":"SD","name":"Sudan","month":"2017-05","access_date":"2017-06-04","data":{"chrome":{"4":0.004959,"5":0.024795,"6":0.004959,"7":0.001653,"8":0.004959,"9":0.023142,"10":0.006612,"11":0.054549,"12":0.001653,"13":null,"14":0.003306,"15":null,"16":0.003306,"17":0.006612,"18":0.003306,"19":0.01653,"20":0.003306,"21":0.051243,"22":0.018183,"23":0.018183,"24":0.004959,"25":0.023142,"26":0.028101,"27":0.028101,"28":0.018183,"29":0.100833,"30":0.013224,"31":0.104139,"32":0.021489,"33":0.079344,"34":0.008265,"35":0.011571,"36":0.023142,"37":0.004959,"38":0.028101,"39":0.009918,"40":0.023142,"41":0.008265,"42":0.009918,"43":0.509124,"44":0.009918,"45":0.054549,"46":0.028101,"47":0.018183,"48":0.01653,"49":0.038019,"50":0.028101,"51":0.03306,"52":0.023142,"53":0.029754,"54":0.026448,"55":0.221502,"56":0.077691,"57":0.89262,"58":2.449746,"59":0.008265,"60":0.023142,"61":null},"firefox":{"2":null,"3":0.087609,"3.5":0.003306,"3.6":0.018183,"4":0.003306,"5":0.004959,"6":0.004959,"7":0.003306,"8":0.003306,"9":0.019836,"10":0.006612,"11":0.009918,"12":0.011571,"13":0.008265,"14":0.003306,"15":0.009918,"16":0.019836,"17":0.013224,"18":0.006612,"19":0.009918,"20":0.004959,"21":0.009918,"22":0.006612,"23":0.006612,"24":0.011571,"25":0.009918,"26":0.008265,"27":0.004959,"28":0.008265,"29":0.014877,"30":0.021489,"31":0.009918,"32":0.023142,"33":0.042978,"34":0.051243,"35":0.024795,"36":0.038019,"37":0.021489,"38":0.01653,"39":0.028101,"40":0.024795,"41":0.028101,"42":0.023142,"43":0.107445,"44":0.061161,"45":0.067773,"46":0.038019,"47":0.257868,"48":0.332253,"49":0.08265,"50":0.123975,"51":0.107445,"52":0.548796,"53":4.241598,"54":0.325641,"55":null,"56":null},"opera":{"9":null,"9.5-9.6":null,"10.0-10.1":0,"10.5":null,"10.6":0.003306,"11":0.001653,"11.1":0.003306,"11.5":0.057855,"11.6":0.009918,"12":0.003306,"12.1":0.041325,"15":null,"16":null,"17":null,"18":0.009918,"19":null,"20":null,"21":null,"22":null,"23":null,"24":0.001653,"25":0.003306,"26":0.001653,"27":null,"28":null,"29":null,"30":null,"31":null,"32":null,"33":0.006612,"34":0.003306,"35":0.006612,"36":0.021489,"37":0.004959,"38":0.004959,"39":0.006612,"40":0.008265,"41":0.009918,"42":0.11571,"43":0.271092,"44":0.229767,"45":0.259521,"46":0.004959},"safari":{"3.1":null,"3.2":null,"4":0,"5":0.001653,"5.1":0.009918,"6":null,"6.1":0.001653,"7":0.011571,"7.1":null,"8":0.034713,"9":0.031407,"9.1":0.11571,"10":0.152076,"10.1":0.176871,"0":null},"ios_saf":{"3.2":0,"4.0-4.1":0,"4.2-4.3":0,"5.0-5.1":0,"6.0-6.1":0,"7.0-7.1":0.0224112116434,"8":0,"8.1-8.4":0.0249013462705,"9.0-9.2":0.115168726501,"9.3":0.0794767968466,"10.0-10.2":0.486198785931,"10.3":1.32495913281},"android":{"2.1":0,"2.2":0,"2.3":0,"3":0,"4":0,"4.1":0.593196270402,"4.2-4.3":1.74601166382,"4.4":4.36502915956,"4.4.3-4.4.4":2.48470890621,"56":null},"op_mob":{"10":0,"11":0,"11.1":0,"11.5":0,"12":0,"12.1":0,"0":0.133128878049},"ie":{"5.5":null,"6":0.00669353811659,"7":0.0033467690583,"8":0.381531672646,"9":0.0552216894619,"10":0.135544146861,"11":0.910321183857},"edge":{"12":0.076038,"13":0.133893,"14":0.180177,"15":null},"bb":{"7":0.0062595,"10":null},"samsung":{"4":5.166174,"5":null},"ie_mob":{"10":0.0261180705882,"11":0.132455929412},"op_mini":{"0":29.887433122},"and_chr":{"0":22.089837},"baidu":{"0":null},"and_ff":{"0":0.025038},"and_qq":{"1.2":null},"and_uc":{"0":14.263314}},"total":98.7513585}