{"id":"SE","name":"Sweden","month":"2017-05","access_date":"2017-06-04","data":{"chrome":{"4":null,"5":null,"6":null,"7":null,"8":null,"9":null,"10":null,"11":null,"12":null,"13":null,"14":null,"15":null,"16":null,"17":null,"18":null,"19":null,"20":null,"21":null,"22":0.011078,"23":null,"24":null,"25":null,"26":null,"27":null,"28":null,"29":0.011078,"30":null,"31":0.011078,"32":null,"33":0.005539,"34":0.022156,"35":0.011078,"36":0.011078,"37":0.005539,"38":0.033234,"39":0.088624,"40":0.011078,"41":0.016617,"42":null,"43":0.033234,"44":0.022156,"45":0.027695,"46":0.027695,"47":0.016617,"48":0.033234,"49":0.692375,"50":0.038773,"51":0.155092,"52":0.044312,"53":0.066468,"54":0.094163,"55":0.210482,"56":0.515127,"57":9.621243,"58":19.076316,"59":0.072007,"60":0.022156,"61":null},"firefox":{"2":null,"3":null,"3.5":null,"3.6":null,"4":null,"5":null,"6":null,"7":null,"8":null,"9":null,"10":null,"11":null,"12":null,"13":null,"14":null,"15":null,"16":null,"17":null,"18":null,"19":null,"20":null,"21":null,"22":null,"23":null,"24":0.005539,"25":null,"26":0.005539,"27":null,"28":null,"29":null,"30":null,"31":0.011078,"32":null,"33":null,"34":null,"35":0.005539,"36":null,"37":0.016617,"38":0.027695,"39":0.011078,"40":0.011078,"41":0.016617,"42":0.005539,"43":0.022156,"44":0.011078,"45":0.376652,"46":0.038773,"47":0.060929,"48":0.138475,"49":0.038773,"50":0.072007,"51":0.088624,"52":0.509588,"53":5.012795,"54":0.049851,"55":null,"56":null},"opera":{"9":null,"9.5-9.6":null,"10.0-10.1":0,"10.5":null,"10.6":null,"11":null,"11.1":null,"11.5":null,"11.6":null,"12":null,"12.1":0.022156,"15":null,"16":null,"17":null,"18":null,"19":null,"20":null,"21":null,"22":null,"23":null,"24":null,"25":null,"26":null,"27":null,"28":null,"29":null,"30":null,"31":null,"32":null,"33":null,"34":null,"35":null,"36":0.016617,"37":null,"38":0.005539,"39":null,"40":null,"41":null,"42":null,"43":0.199404,"44":0.149553,"45":0.210482,"46":null},"safari":{"3.1":null,"3.2":null,"4":0,"5":0.022156,"5.1":0.060929,"6":0.011078,"6.1":0.072007,"7":0.05539,"7.1":0.016617,"8":0.592673,"9":0.437581,"9.1":0.780999,"10":0.991481,"10.1":2.847046,"0":null},"ios_saf":{"3.2":0,"4.0-4.1":0,"4.2-4.3":0,"5.0-5.1":0,"6.0-6.1":0,"7.0-7.1":0.252239927229,"8":0,"8.1-8.4":0.28026658581,"9.0-9.2":1.29623295937,"9.3":0.894517519709,"10.0-10.2":5.47220508793,"10.3":14.91251792},"android":{"2.1":0,"2.2":0,"2.3":0,"3":0,"4":0,"4.1":0.0348457892814,"4.2-4.3":0.102564964677,"4.4":0.256412411693,"4.4.3-4.4.4":0.145957834348,"56":null},"op_mob":{"10":0,"11":0,"11.1":0,"11.5":0,"12":0,"12.1":0,"0":0.000613263858093},"ie":{"5.5":null,"6":null,"7":0.00554357768595,"8":0.0609793545455,"9":0.133045864463,"10":0.144133019835,"11":6.36402718347},"edge":{"12":0.049851,"13":0.177248,"14":3.090762,"15":null},"bb":{"7":0.0022305,"10":null},"samsung":{"4":5.094462,"5":null},"ie_mob":{"10":0.0205730823529,"11":0.104334917647},"op_mini":{"0":0.137677736142},"and_chr":{"0":15.372492},"baidu":{"0":null},"and_ff":{"0":0.13383},"and_qq":{"1.2":null},"and_uc":{"0":0.093681}},"total":98.6682955}