{"id":"SG","name":"Singapore","month":"2017-05","access_date":"2017-06-04","data":{"chrome":{"4":null,"5":null,"6":null,"7":null,"8":null,"9":null,"10":null,"11":0.016988,"12":null,"13":null,"14":null,"15":null,"16":null,"17":null,"18":null,"19":null,"20":null,"21":null,"22":0.008494,"23":null,"24":null,"25":null,"26":0.008494,"27":0.008494,"28":0.004247,"29":0.016988,"30":0.008494,"31":0.04247,"32":0.021235,"33":0.008494,"34":0.038223,"35":0.021235,"36":0.04247,"37":0.016988,"38":0.029729,"39":0.029729,"40":0.008494,"41":0.038223,"42":0.012741,"43":0.080693,"44":0.055211,"45":0.152892,"46":0.029729,"47":0.046717,"48":0.050964,"49":0.696508,"50":0.12741,"51":0.203856,"52":0.046717,"53":0.080693,"54":0.131657,"55":0.33976,"56":0.403465,"57":6.608332,"58":18.083726,"59":0.080693,"60":0.050964,"61":null},"firefox":{"2":0.008494,"3":0.016988,"3.5":null,"3.6":null,"4":null,"5":null,"6":null,"7":null,"8":null,"9":null,"10":null,"11":null,"12":null,"13":null,"14":null,"15":null,"16":0.008494,"17":0.008494,"18":null,"19":null,"20":null,"21":0.012741,"22":null,"23":null,"24":null,"25":null,"26":null,"27":null,"28":null,"29":0.004247,"30":0.004247,"31":0.008494,"32":null,"33":0.004247,"34":0.008494,"35":null,"36":0.004247,"37":0.012741,"38":0.021235,"39":0.008494,"40":0.008494,"41":0.008494,"42":0.012741,"43":0.04247,"44":0.008494,"45":0.093434,"46":0.012741,"47":0.097681,"48":0.178374,"49":0.04247,"50":0.097681,"51":0.050964,"52":0.377983,"53":3.125792,"54":0.059458,"55":null,"56":null},"opera":{"9":null,"9.5-9.6":null,"10.0-10.1":0,"10.5":null,"10.6":null,"11":null,"11.1":null,"11.5":null,"11.6":null,"12":null,"12.1":0.008494,"15":null,"16":null,"17":null,"18":null,"19":null,"20":null,"21":null,"22":null,"23":null,"24":null,"25":null,"26":null,"27":null,"28":0.021235,"29":null,"30":null,"31":null,"32":null,"33":null,"34":null,"35":null,"36":0.008494,"37":0.004247,"38":0.008494,"39":null,"40":null,"41":null,"42":0.004247,"43":0.123163,"44":0.106175,"45":0.161386,"46":0.012741},"safari":{"3.1":null,"3.2":null,"4":0.008494,"5":0.012741,"5.1":0.04247,"6":0.004247,"6.1":0.038223,"7":0.021235,"7.1":null,"8":0.140151,"9":0.114669,"9.1":0.445935,"10":0.556357,"10.1":1.473709,"0":null},"ios_saf":{"3.2":0,"4.0-4.1":0,"4.2-4.3":0,"5.0-5.1":0,"6.0-6.1":0,"7.0-7.1":0.1851286792,"8":0,"8.1-8.4":0.205698532444,"9.0-9.2":0.951355712553,"9.3":0.656521149383,"10.0-10.2":4.01626384597,"10.3":10.9448760805},"android":{"2.1":0,"2.2":0,"2.3":0,"3":0,"4":0,"4.1":0.0683352691839,"4.2-4.3":0.201137773447,"4.4":0.502844433618,"4.4.3-4.4.4":0.286234523752,"56":null},"op_mob":{"10":0,"11":0,"11.1":0,"11.5":0,"12":0,"12.1":0,"0":0.00806185365854},"ie":{"5.5":null,"6":0.0131502398287,"7":0.0131502398287,"8":0.131502398287,"9":0.144652638116,"10":0.192870184154,"11":3.58563205996},"edge":{"12":0.029729,"13":0.093434,"14":1.346299,"15":null},"bb":{"7":1.06574325,"10":null},"samsung":{"4":5.609175,"5":null},"ie_mob":{"10":0.0113706352941,"11":0.0576653647059},"op_mini":{"0":1.80988614634},"and_chr":{"0":21.069356},"baidu":{"0":null},"and_ff":{"0":0.05753},"and_qq":{"1.2":null},"and_uc":{"0":6.437607}},"total":95.0132630102}