{"id":"SI","name":"Slovenia","month":"2017-05","access_date":"2017-06-04","data":{"chrome":{"4":null,"5":null,"6":null,"7":null,"8":null,"9":null,"10":null,"11":0.014244,"12":null,"13":null,"14":null,"15":null,"16":null,"17":null,"18":null,"19":0.007122,"20":0.007122,"21":null,"22":0.014244,"23":0.007122,"24":0.007122,"25":null,"26":null,"27":null,"28":null,"29":0.014244,"30":0.014244,"31":0.028488,"32":null,"33":null,"34":0.028488,"35":0.014244,"36":0.128196,"37":0.021366,"38":0.03561,"39":0.028488,"40":0.007122,"41":0.028488,"42":0.028488,"43":0.042732,"44":0.03561,"45":0.014244,"46":0.085464,"47":0.03561,"48":0.03561,"49":1.559718,"50":0.028488,"51":0.256392,"52":0.049854,"53":0.064098,"54":0.128196,"55":0.199416,"56":0.363222,"57":8.674596,"58":28.34556,"59":0.113952,"60":0.078342,"61":null},"firefox":{"2":null,"3":null,"3.5":null,"3.6":0.042732,"4":null,"5":0.007122,"6":null,"7":null,"8":null,"9":0.007122,"10":null,"11":null,"12":0.014244,"13":0.007122,"14":null,"15":null,"16":null,"17":0.03561,"18":null,"19":0.007122,"20":0.014244,"21":0.014244,"22":null,"23":null,"24":0.014244,"25":null,"26":0.028488,"27":null,"28":0.03561,"29":0.007122,"30":0.014244,"31":0.056976,"32":0.014244,"33":0.021366,"34":0.007122,"35":null,"36":0.028488,"37":0.028488,"38":0.042732,"39":0.021366,"40":0.021366,"41":0.021366,"42":0.021366,"43":0.078342,"44":0.021366,"45":0.156684,"46":0.028488,"47":0.185172,"48":0.163806,"49":0.220782,"50":0.206538,"51":0.227904,"52":1.680792,"53":12.157254,"54":0.078342,"55":0.007122,"56":null},"opera":{"9":null,"9.5-9.6":null,"10.0-10.1":0,"10.5":null,"10.6":null,"11":null,"11.1":null,"11.5":null,"11.6":null,"12":null,"12.1":0.056976,"15":null,"16":null,"17":null,"18":null,"19":null,"20":null,"21":null,"22":null,"23":null,"24":null,"25":null,"26":null,"27":null,"28":0.007122,"29":null,"30":null,"31":null,"32":null,"33":null,"34":null,"35":null,"36":0.021366,"37":null,"38":0.014244,"39":null,"40":null,"41":null,"42":0.014244,"43":0.270636,"44":0.334734,"45":0.441564,"46":0.03561},"safari":{"3.1":null,"3.2":null,"4":0,"5":0.014244,"5.1":0.049854,"6":null,"6.1":0.03561,"7":0.021366,"7.1":0.014244,"8":0.07122,"9":0.092586,"9.1":0.263514,"10":0.49854,"10.1":1.63806,"0":null},"ios_saf":{"3.2":0,"4.0-4.1":0,"4.2-4.3":0,"5.0-5.1":0,"6.0-6.1":0,"7.0-7.1":0.0586100848999,"8":0,"8.1-8.4":0.0651223165555,"9.0-9.2":0.301190714069,"9.3":0.207848727006,"10.0-10.2":1.27151323075,"10.3":3.46504992672},"android":{"2.1":0,"2.2":0,"2.3":0,"3":0,"4":0,"4.1":0.0518535602923,"4.2-4.3":0.152625573691,"4.4":0.381563934227,"4.4.3-4.4.4":0.21719793179,"56":null},"op_mob":{"10":0,"11":0,"11.1":0,"11.5":0,"12":0,"12.1":0,"0":0.000804332594235},"ie":{"5.5":null,"6":0.0142717660819,"7":0.00713588304094,"8":0.14985354386,"9":0.142717660819,"10":0.214076491228,"11":6.79336065497},"edge":{"12":0.042732,"13":0.156684,"14":1.972794,"15":null},"bb":{"7":0.0100765,"10":null},"samsung":{"4":3.299334,"5":null},"ie_mob":{"10":0.0597477176471,"11":0.303006282353},"op_mini":{"0":0.180572667406},"and_chr":{"0":18.655019},"baidu":{"0":null},"and_ff":{"0":0.025911},"and_qq":{"1.2":null},"and_uc":{"0":0.051822}},"total":98.4405175}