{"id":"SK","name":"Slovakia (Slovak Republic)","month":"2017-05","access_date":"2017-06-04","data":{"chrome":{"4":null,"5":null,"6":null,"7":null,"8":null,"9":null,"10":null,"11":0.014682,"12":null,"13":null,"14":null,"15":null,"16":null,"17":null,"18":null,"19":null,"20":null,"21":null,"22":0.029364,"23":null,"24":null,"25":null,"26":0.014682,"27":0.007341,"28":null,"29":null,"30":null,"31":0.014682,"32":null,"33":null,"34":0.044046,"35":0.007341,"36":0.022023,"37":0.014682,"38":0.036705,"39":0.036705,"40":0.007341,"41":0.029364,"42":null,"43":0.088092,"44":0.029364,"45":0.014682,"46":0.036705,"47":0.029364,"48":0.036705,"49":1.952706,"50":0.022023,"51":0.110115,"52":0.044046,"53":0.088092,"54":0.102774,"55":0.359709,"56":0.433119,"57":8.669721,"58":29.576889,"59":0.095433,"60":0.051387,"61":null},"firefox":{"2":null,"3":0.022023,"3.5":null,"3.6":0.014682,"4":null,"5":null,"6":null,"7":null,"8":null,"9":null,"10":null,"11":null,"12":0.022023,"13":null,"14":null,"15":null,"16":0.022023,"17":null,"18":null,"19":null,"20":null,"21":0.007341,"22":null,"23":null,"24":0.007341,"25":0.007341,"26":null,"27":null,"28":0.007341,"29":0.007341,"30":0.007341,"31":0.014682,"32":0.007341,"33":0.022023,"34":0.029364,"35":0.014682,"36":0.022023,"37":1.24797,"38":0.051387,"39":0.022023,"40":0.022023,"41":0.022023,"42":0.029364,"43":0.110115,"44":0.014682,"45":0.462483,"46":0.022023,"47":0.249594,"48":0.205548,"49":0.088092,"50":0.198207,"51":0.198207,"52":1.673748,"53":11.319822,"54":0.095433,"55":0.007341,"56":null},"opera":{"9":null,"9.5-9.6":null,"10.0-10.1":0,"10.5":null,"10.6":null,"11":null,"11.1":null,"11.5":null,"11.6":null,"12":0.007341,"12.1":0.264276,"15":null,"16":null,"17":null,"18":null,"19":null,"20":null,"21":null,"22":null,"23":null,"24":null,"25":null,"26":0.014682,"27":null,"28":0.014682,"29":null,"30":0.007341,"31":null,"32":null,"33":null,"34":null,"35":null,"36":0.154161,"37":0.014682,"38":null,"39":null,"40":0.007341,"41":0.007341,"42":0.066069,"43":1.10115,"44":1.10115,"45":1.585656,"46":0.029364},"safari":{"3.1":null,"3.2":null,"4":0.014682,"5":null,"5.1":0.036705,"6":null,"6.1":0.014682,"7":0.007341,"7.1":null,"8":0.044046,"9":0.080751,"9.1":0.227571,"10":0.396414,"10.1":1.644384,"0":null},"ios_saf":{"3.2":0,"4.0-4.1":0,"4.2-4.3":0,"5.0-5.1":0,"6.0-6.1":0,"7.0-7.1":0.0455690357793,"8":0,"8.1-8.4":0.050632261977,"9.0-9.2":0.234174211643,"9.3":0.16160130281,"10.0-10.2":0.9885949151,"10.3":2.69405827269},"android":{"2.1":0,"2.2":0,"2.3":0,"3":0,"4":0,"4.1":0.0741540365408,"4.2-4.3":0.218264711328,"4.4":0.545661778319,"4.4.3-4.4.4":0.310607473812,"56":null},"op_mob":{"10":0,"11":0,"11.1":0,"11.5":0,"12":0,"12.1":0,"0":0.00220502439024},"ie":{"5.5":null,"6":null,"7":0.00744643626571,"8":0.268071705566,"9":0.119142980251,"10":0.119142980251,"11":3.63386089767},"edge":{"12":0.036705,"13":0.124797,"14":1.659066,"15":null},"bb":{"7":0.01661875,"10":null},"samsung":{"4":1.949047,"5":null},"ie_mob":{"10":0.0547441176471,"11":0.277630882353},"op_mini":{"0":0.49502797561},"and_chr":{"0":18.351024},"baidu":{"0":null},"and_ff":{"0":0.031908},"and_qq":{"1.2":null},"and_uc":{"0":0.07977}},"total":97.68621975}