{"id":"SL","name":"Sierra Leone","month":"2017-05","access_date":"2017-06-04","data":{"chrome":{"4":null,"5":null,"6":null,"7":null,"8":0.002168,"9":null,"10":null,"11":0.047696,"12":null,"13":null,"14":null,"15":null,"16":null,"17":null,"18":null,"19":null,"20":null,"21":null,"22":0.004336,"23":null,"24":0.002168,"25":0.015176,"26":0.019512,"27":null,"28":0.039024,"29":0.002168,"30":0.008672,"31":0.01084,"32":0.004336,"33":0.015176,"34":null,"35":0.002168,"36":null,"37":null,"38":null,"39":0.002168,"40":0.008672,"41":0.006504,"42":0.01084,"43":0.375064,"44":0.008672,"45":0.073712,"46":0.019512,"47":0.013008,"48":0.015176,"49":0.080216,"50":0.01084,"51":0.023848,"52":0.017344,"53":0.08672,"54":0.015176,"55":0.268832,"56":0.123576,"57":2.137648,"58":4.847648,"59":0.047696,"60":0.047696,"61":null},"firefox":{"2":null,"3":0.002168,"3.5":0.013008,"3.6":0.02168,"4":0.019512,"5":0.002168,"6":0.002168,"7":0.002168,"8":0.006504,"9":0.013008,"10":0.006504,"11":0.01084,"12":0.04336,"13":0.013008,"14":0.004336,"15":0.023848,"16":0.023848,"17":0.004336,"18":0.004336,"19":0.006504,"20":0.006504,"21":0.008672,"22":null,"23":null,"24":0.019512,"25":0.058536,"26":0.004336,"27":0.008672,"28":null,"29":0.013008,"30":0.028184,"31":0.019512,"32":0.013008,"33":0.01084,"34":0.008672,"35":0.004336,"36":0.015176,"37":0.023848,"38":0.013008,"39":0.006504,"40":0.062872,"41":0.04336,"42":0.019512,"43":0.134416,"44":0.121408,"45":0.17344,"46":0.04336,"47":0.559344,"48":0.080216,"49":0.099728,"50":0.07588,"51":0.067208,"52":0.318696,"53":3.496984,"54":0.685088,"55":null,"56":null},"opera":{"9":null,"9.5-9.6":null,"10.0-10.1":0,"10.5":null,"10.6":null,"11":0.030352,"11.1":null,"11.5":0.006504,"11.6":0.015176,"12":0.002168,"12.1":0.006504,"15":0.013008,"16":0.004336,"17":null,"18":0.006504,"19":null,"20":null,"21":null,"22":0.004336,"23":0.002168,"24":null,"25":null,"26":null,"27":null,"28":null,"29":0.006504,"30":0.002168,"31":0.004336,"32":null,"33":null,"34":0.004336,"35":null,"36":0.017344,"37":0.028184,"38":null,"39":null,"40":0.028184,"41":0.006504,"42":0.110568,"43":0.442272,"44":0.127912,"45":0.3252,"46":null},"safari":{"3.1":null,"3.2":null,"4":0,"5":0.004336,"5.1":0.039024,"6":null,"6.1":null,"7":null,"7.1":null,"8":0.017344,"9":0.01084,"9.1":0.091056,"10":0.080216,"10.1":0.331704,"0":null},"ios_saf":{"3.2":0,"4.0-4.1":0,"4.2-4.3":0,"5.0-5.1":0,"6.0-6.1":0,"7.0-7.1":0.0196631170406,"8":0,"8.1-8.4":0.0218479078229,"9.0-9.2":0.101046573681,"9.3":0.0697312391348,"10.0-10.2":0.426580400243,"10.3":1.16249076208},"android":{"2.1":0,"2.2":0,"2.3":0,"3":0,"4":0,"4.1":0.106175590743,"4.2-4.3":0.31251683313,"4.4":0.781292082826,"4.4.3-4.4.4":0.444735493301,"56":null},"op_mob":{"10":0,"11":0,"11.1":0,"11.5":0,"12":0,"12.1":0,"0":0.235585170732},"ie":{"5.5":null,"6":null,"7":0.0021769291598,"8":0.306947011532,"9":0.021769291598,"10":0.0936079538715,"11":2.16386758484},"edge":{"12":0.214632,"13":0.275336,"14":0.68292,"15":null},"bb":{"7":0.02937,"10":null},"samsung":{"4":1.190464,"5":null},"ie_mob":{"10":0.0632088470588,"11":0.320559152941},"op_mini":{"0":52.8888708293},"and_chr":{"0":9.821352},"baidu":{"0":null},"and_ff":{"0":null},"and_qq":{"1.2":null},"and_uc":{"0":9.860488}},"total":98.267474771}