{"id":"SM","name":"San Marino","month":"2017-05","access_date":"2017-06-04","data":{"chrome":{"4":null,"5":null,"6":null,"7":null,"8":null,"9":null,"10":null,"11":0.00799,"12":0.04794,"13":null,"14":null,"15":null,"16":null,"17":null,"18":null,"19":null,"20":null,"21":null,"22":null,"23":0.03196,"24":0.00799,"25":null,"26":null,"27":null,"28":null,"29":0.09588,"30":null,"31":null,"32":null,"33":null,"34":0.03995,"35":null,"36":1.03071,"37":null,"38":0.04794,"39":0.01598,"40":null,"41":null,"42":null,"43":null,"44":0.01598,"45":null,"46":0.01598,"47":null,"48":0.05593,"49":4.74606,"50":0.01598,"51":0.16779,"52":null,"53":0.12784,"54":0.02397,"55":0.07191,"56":0.37553,"57":9.48413,"58":33.31031,"59":0.01598,"60":null,"61":null},"firefox":{"2":null,"3":null,"3.5":null,"3.6":0.01598,"4":0.06392,"5":0.05593,"6":null,"7":null,"8":null,"9":null,"10":0.01598,"11":0.01598,"12":null,"13":null,"14":null,"15":null,"16":0.01598,"17":null,"18":null,"19":null,"20":null,"21":0.11186,"22":null,"23":null,"24":0.01598,"25":null,"26":null,"27":null,"28":null,"29":null,"30":null,"31":null,"32":null,"33":null,"34":null,"35":null,"36":null,"37":0.01598,"38":null,"39":null,"40":0.14382,"41":null,"42":null,"43":0.07191,"44":null,"45":0.01598,"46":null,"47":0.06392,"48":0.31161,"49":0.11186,"50":0.07191,"51":0.02397,"52":0.78302,"53":12.25666,"54":null,"55":null,"56":null},"opera":{"9":null,"9.5-9.6":null,"10.0-10.1":0,"10.5":null,"10.6":null,"11":null,"11.1":null,"11.5":null,"11.6":null,"12":null,"12.1":null,"15":null,"16":null,"17":null,"18":null,"19":null,"20":null,"21":null,"22":null,"23":null,"24":null,"25":null,"26":null,"27":null,"28":null,"29":null,"30":null,"31":null,"32":null,"33":null,"34":null,"35":null,"36":null,"37":null,"38":null,"39":null,"40":null,"41":null,"42":null,"43":0.27166,"44":0.09588,"45":0.26367,"46":null},"safari":{"3.1":null,"3.2":null,"4":0,"5":0.15181,"5.1":0.1598,"6":null,"6.1":0.04794,"7":0.04794,"7.1":null,"8":0.11186,"9":0.17578,"9.1":0.97478,"10":0.78302,"10.1":4.11485,"0":null},"ios_saf":{"3.2":0,"4.0-4.1":0,"4.2-4.3":0,"5.0-5.1":0,"6.0-6.1":0,"7.0-7.1":0.0858973317162,"8":0,"8.1-8.4":0.0954414796847,"9.0-9.2":0.441416843542,"9.3":0.304617389327,"10.0-10.2":1.86349489084,"10.3":5.07828206489},"android":{"2.1":0,"2.2":0,"2.3":0,"3":0,"4":0,"4.1":0.0672138124239,"4.2-4.3":0.197836881851,"4.4":0.494592204629,"4.4.3-4.4.4":0.281537101096,"56":null},"op_mob":{"10":0,"11":0,"11.1":0,"11.5":0,"12":0,"12.1":0,"0":7.13082039911e-5},"ie":{"5.5":null,"6":null,"7":null,"8":2.30161260173,"9":0.53731025894,"10":0.176430234279,"11":3.48850690506},"edge":{"12":0.01598,"13":0.05593,"14":1.33433,"15":null},"bb":{"7":0,"10":null},"samsung":{"4":2.10447,"5":null},"ie_mob":{"10":0.0231741176471,"11":0.117525882353},"op_mini":{"0":0.016008691796},"and_chr":{"0":8.98405},"baidu":{"0":null},"and_ff":{"0":0.00603},"and_qq":{"1.2":null},"and_uc":{"0":null}},"total":99.20673}