{"id":"SN","name":"Senegal","month":"2017-05","access_date":"2017-06-04","data":{"chrome":{"4":null,"5":0.008782,"6":0.021955,"7":null,"8":0.008782,"9":0.004391,"10":0.008782,"11":0.08782,"12":0.021955,"13":0.021955,"14":0.017564,"15":0.008782,"16":0.052692,"17":0.030737,"18":0.008782,"19":0.008782,"20":0.013173,"21":null,"22":0.013173,"23":null,"24":null,"25":0.008782,"26":0.017564,"27":0.004391,"28":0.030737,"29":0.021955,"30":0.021955,"31":0.035128,"32":0.061474,"33":0.021955,"34":0.017564,"35":0.008782,"36":0.127339,"37":0.004391,"38":0.021955,"39":0.030737,"40":0.030737,"41":0.004391,"42":0.013173,"43":0.272242,"44":0.021955,"45":0.065865,"46":0.017564,"47":0.100993,"48":0.030737,"49":1.699317,"50":0.035128,"51":0.035128,"52":0.048301,"53":0.070256,"54":0.100993,"55":0.698169,"56":0.254678,"57":5.133079,"58":16.360866,"59":0.079038,"60":0.04391,"61":null},"firefox":{"2":null,"3":0.030737,"3.5":0.008782,"3.6":0.030737,"4":null,"5":null,"6":0.004391,"7":null,"8":0.004391,"9":null,"10":0.008782,"11":0.017564,"12":0.030737,"13":0.004391,"14":0.008782,"15":0.04391,"16":0.017564,"17":0.013173,"18":0.004391,"19":null,"20":0.008782,"21":0.021955,"22":0.004391,"23":0.008782,"24":null,"25":0.013173,"26":0.008782,"27":0.013173,"28":0.013173,"29":0.013173,"30":0.017564,"31":0.030737,"32":0.021955,"33":0.013173,"34":0.013173,"35":0.04391,"36":0.048301,"37":0.021955,"38":0.061474,"39":0.026346,"40":0.039519,"41":0.030737,"42":0.021955,"43":0.171249,"44":0.052692,"45":0.070256,"46":0.065865,"47":0.338107,"48":0.237114,"49":0.180031,"50":0.210768,"51":0.215159,"52":0.785989,"53":7.135375,"54":0.149294,"55":null,"56":null},"opera":{"9":null,"9.5-9.6":null,"10.0-10.1":0,"10.5":null,"10.6":null,"11":null,"11.1":null,"11.5":null,"11.6":null,"12":null,"12.1":0.008782,"15":null,"16":null,"17":null,"18":null,"19":null,"20":null,"21":null,"22":null,"23":null,"24":null,"25":null,"26":null,"27":null,"28":null,"29":null,"30":null,"31":null,"32":null,"33":null,"34":null,"35":0.004391,"36":0.04391,"37":0.021955,"38":null,"39":0.017564,"40":0.008782,"41":0.013173,"42":0.065865,"43":0.35128,"44":0.289806,"45":0.355671,"46":0.008782},"safari":{"3.1":null,"3.2":null,"4":0.004391,"5":0.017564,"5.1":0.039519,"6":0.013173,"6.1":0.026346,"7":0.030737,"7.1":0.013173,"8":0.114166,"9":0.074647,"9.1":0.215159,"10":0.228332,"10.1":0.540093,"0":null},"ios_saf":{"3.2":0,"4.0-4.1":0,"4.2-4.3":0,"5.0-5.1":0,"6.0-6.1":0,"7.0-7.1":0.0531348647665,"8":0,"8.1-8.4":0.0590387386295,"9.0-9.2":0.273054166161,"9.3":0.188431974126,"10.0-10.2":1.15273137174,"10.3":3.14135288458},"android":{"2.1":0,"2.2":0,"2.3":0,"3":0,"4":0,"4.1":0.383386377588,"4.2-4.3":1.12845801705,"4.4":2.82114504263,"4.4.3-4.4.4":1.60588256273,"56":null},"op_mob":{"10":0,"11":0,"11.1":0,"11.5":0,"12":0,"12.1":0,"0":0.0143495166297},"ie":{"5.5":null,"6":0.008782,"7":0.008782,"8":0.210768,"9":0.083429,"10":0.180031,"11":2.134026},"edge":{"12":0.158076,"13":0.162467,"14":0.627913,"15":null},"bb":{"7":0.053276,"10":null},"samsung":{"4":4.480792,"5":null},"ie_mob":{"10":0.387941647059,"11":1.96741835294},"op_mini":{"0":3.22146648337},"and_chr":{"0":33.873764},"baidu":{"0":null},"and_ff":{"0":0.745864},"and_qq":{"1.2":null},"and_uc":{"0":0.790728}},"total":98.649501}