{"id":"SO","name":"Somalia","month":"2017-05","access_date":"2017-06-04","data":{"chrome":{"4":null,"5":null,"6":null,"7":null,"8":null,"9":0.01353,"10":0.00246,"11":0.01476,"12":0.0123,"13":null,"14":null,"15":null,"16":null,"17":0.00123,"18":null,"19":null,"20":0.01968,"21":0.02337,"22":0.00246,"23":0.02706,"24":0.00123,"25":0.00861,"26":0.04305,"27":0.00246,"28":0.00492,"29":0.01107,"30":0.00369,"31":0.03075,"32":0.00123,"33":0.09225,"34":0.00369,"35":0.00369,"36":0.00246,"37":0.00123,"38":0.00369,"39":0.01476,"40":0.00984,"41":0.00492,"42":0.00615,"43":1.84131,"44":0.00369,"45":0.03936,"46":0.00369,"47":0.00492,"48":0.00369,"49":0.14022,"50":0.02829,"51":0.06642,"52":0.0123,"53":0.02583,"54":0.02091,"55":0.08856,"56":0.13284,"57":1.63467,"58":4.49319,"59":0.01968,"60":0.02583,"61":null},"firefox":{"2":null,"3":0.04551,"3.5":null,"3.6":0.00369,"4":0.00369,"5":null,"6":null,"7":null,"8":null,"9":null,"10":null,"11":0.00492,"12":0.00246,"13":null,"14":null,"15":0.00369,"16":0.00123,"17":null,"18":0.00246,"19":0.00369,"20":null,"21":null,"22":0.00246,"23":0.00861,"24":0.00246,"25":0.00123,"26":0.00123,"27":null,"28":null,"29":0.01476,"30":0.00861,"31":0.00246,"32":0.00123,"33":0.00246,"34":0.00246,"35":0.01107,"36":0.00984,"37":0.01353,"38":0.00738,"39":0.00123,"40":0.00246,"41":0.00615,"42":null,"43":0.05535,"44":0.03198,"45":0.01599,"46":0.01107,"47":0.07626,"48":0.0246,"49":0.01845,"50":0.01476,"51":0.01476,"52":0.12669,"53":0.84009,"54":0.16359,"55":null,"56":null},"opera":{"9":null,"9.5-9.6":null,"10.0-10.1":0,"10.5":null,"10.6":0.00123,"11":null,"11.1":null,"11.5":null,"11.6":null,"12":0.00123,"12.1":0.00369,"15":null,"16":null,"17":null,"18":null,"19":null,"20":null,"21":0.00123,"22":null,"23":null,"24":null,"25":null,"26":null,"27":null,"28":0.00123,"29":null,"30":null,"31":null,"32":null,"33":null,"34":null,"35":0.00492,"36":0.00246,"37":null,"38":0.01107,"39":null,"40":0.00492,"41":0.00369,"42":0.0369,"43":0.08241,"44":0.07749,"45":0.11562,"46":0.00246},"safari":{"3.1":null,"3.2":null,"4":0,"5":null,"5.1":0.00246,"6":null,"6.1":null,"7":null,"7.1":null,"8":0.00369,"9":0.00369,"9.1":0.01845,"10":0.03198,"10.1":0.29028,"0":null},"ios_saf":{"3.2":0,"4.0-4.1":0,"4.2-4.3":0,"5.0-5.1":0,"6.0-6.1":0,"7.0-7.1":0.00880722862341,"8":0,"8.1-8.4":0.00978580958156,"9.0-9.2":0.0452593693147,"9.3":0.0312330422478,"10.0-10.2":0.19106793208,"10.3":0.520686618152},"android":{"2.1":0,"2.2":0,"2.3":0,"3":0,"4":0,"4.1":0.327235298417,"4.2-4.3":0.963183142509,"4.4":2.40795785627,"4.4.3-4.4.4":1.3706837028,"56":null},"op_mob":{"10":0,"11":0,"11.1":0,"11.5":0,"12":0,"12.1":0,"0":0.0520366297118},"ie":{"5.5":null,"6":null,"7":null,"8":0.0458186872587,"9":0.00381822393822,"10":0.0280003088803,"11":0.252002779923},"edge":{"12":0.07626,"13":0.07011,"14":0.15129,"15":null},"bb":{"7":0.030695,"10":null},"samsung":{"4":1.81539,"5":null},"ie_mob":{"10":0.0404451764706,"11":0.205114823529},"op_mini":{"0":11.6822233703},"and_chr":{"0":26.63546},"baidu":{"0":null},"and_ff":{"0":null},"and_qq":{"1.2":null},"and_uc":{"0":41.06114}},"total":99.243305}