{"id":"SR","name":"Suriname","month":"2017-05","access_date":"2017-06-04","data":{"chrome":{"4":null,"5":null,"6":null,"7":null,"8":null,"9":null,"10":null,"11":0.024815,"12":null,"13":null,"14":null,"15":null,"16":null,"17":null,"18":null,"19":null,"20":0.009926,"21":null,"22":0.134001,"23":null,"24":null,"25":null,"26":0.019852,"27":null,"28":0.024815,"29":0.004963,"30":null,"31":0.04963,"32":null,"33":null,"34":0.034741,"35":0.004963,"36":0.486374,"37":0.004963,"38":0.258076,"39":0.024815,"40":null,"41":null,"42":0.009926,"43":0.034741,"44":0.009926,"45":0.094297,"46":null,"47":0.004963,"48":null,"49":1.464085,"50":0.034741,"51":0.019852,"52":0.014889,"53":0.019852,"54":0.039704,"55":0.44667,"56":0.292817,"57":6.476715,"58":20.512079,"59":0.074445,"60":0.337484,"61":null},"firefox":{"2":null,"3":null,"3.5":null,"3.6":null,"4":null,"5":null,"6":null,"7":null,"8":null,"9":null,"10":null,"11":null,"12":null,"13":null,"14":null,"15":null,"16":null,"17":null,"18":null,"19":0.009926,"20":null,"21":null,"22":null,"23":null,"24":null,"25":null,"26":null,"27":null,"28":0.009926,"29":null,"30":null,"31":null,"32":null,"33":null,"34":null,"35":null,"36":0.009926,"37":null,"38":0.009926,"39":0.014889,"40":null,"41":0.009926,"42":null,"43":0.014889,"44":null,"45":0.019852,"46":null,"47":0.04963,"48":0.039704,"49":0.024815,"50":0.079408,"51":0.114149,"52":0.377188,"53":4.446848,"54":1.196083,"55":0.004963,"56":null},"opera":{"9":null,"9.5-9.6":null,"10.0-10.1":0,"10.5":null,"10.6":null,"11":null,"11.1":null,"11.5":null,"11.6":null,"12":null,"12.1":0.014889,"15":null,"16":null,"17":null,"18":null,"19":null,"20":null,"21":null,"22":null,"23":null,"24":null,"25":null,"26":null,"27":null,"28":null,"29":null,"30":null,"31":null,"32":null,"33":null,"34":null,"35":null,"36":0.014889,"37":0.009926,"38":null,"39":null,"40":null,"41":null,"42":0.109186,"43":0.203483,"44":0.431781,"45":0.421855,"46":0.044667},"safari":{"3.1":null,"3.2":null,"4":0,"5":null,"5.1":null,"6":null,"6.1":null,"7":null,"7.1":0.014889,"8":0.014889,"9":0.029778,"9.1":0.223335,"10":0.104223,"10.1":0.585634,"0":null},"ios_saf":{"3.2":0,"4.0-4.1":0,"4.2-4.3":0,"5.0-5.1":0,"6.0-6.1":0,"7.0-7.1":0.0624050394178,"8":0,"8.1-8.4":0.0693389326865,"9.0-9.2":0.320692563675,"9.3":0.221306760158,"10.0-10.2":1.3538426607,"10.3":3.68940904336},"android":{"2.1":0,"2.2":0,"2.3":0,"3":0,"4":0,"4.1":0.315410682095,"4.2-4.3":0.928378611449,"4.4":2.32094652862,"4.4.3-4.4.4":1.32115417783,"56":null},"op_mob":{"10":0,"11":0,"11.1":0,"11.5":0,"12":0,"12.1":0,"0":0.00643306430155},"ie":{"5.5":null,"6":null,"7":null,"8":0.199034300518,"9":0.308503165803,"10":0.129372295337,"11":3.20445223834},"edge":{"12":0.208446,"13":0.44667,"14":2.441796,"15":null},"bb":{"7":0.18007275,"10":null},"samsung":{"4":11.524656,"5":null},"ie_mob":{"10":0.0589032705882,"11":0.298723729412},"op_mini":{"0":1.4442229357},"and_chr":{"0":26.611907},"baidu":{"0":null},"and_ff":{"0":0.010074},"and_qq":{"1.2":null},"and_uc":{"0":0.826068}},"total":98.12681175}