{"id":"ST","name":"Sao Tome and Principe","month":"2017-05","access_date":"2017-06-04","data":{"chrome":{"4":null,"5":null,"6":null,"7":null,"8":null,"9":null,"10":null,"11":0.011214,"12":null,"13":null,"14":0.016821,"15":null,"16":0.011214,"17":null,"18":null,"19":null,"20":null,"21":null,"22":0.022428,"23":null,"24":null,"25":0.016821,"26":0.039249,"27":null,"28":0.005607,"29":null,"30":null,"31":0.016821,"32":0.011214,"33":0.05607,"34":null,"35":null,"36":0.095319,"37":0.028035,"38":0.16821,"39":0.117747,"40":0.044856,"41":0.028035,"42":null,"43":7.692804,"44":null,"45":0.145782,"46":null,"47":null,"48":0.151389,"49":1.28961,"50":0.072891,"51":0.173817,"52":0.084105,"53":0.039249,"54":0.022428,"55":0.869085,"56":0.89712,"57":7.978761,"58":21.345849,"59":0.050463,"60":0.022428,"61":null},"firefox":{"2":null,"3":0.016821,"3.5":null,"3.6":null,"4":null,"5":null,"6":null,"7":null,"8":null,"9":null,"10":null,"11":null,"12":0.005607,"13":null,"14":null,"15":null,"16":null,"17":null,"18":null,"19":null,"20":null,"21":null,"22":0.005607,"23":null,"24":0.011214,"25":null,"26":null,"27":null,"28":0.011214,"29":null,"30":null,"31":null,"32":null,"33":null,"34":null,"35":null,"36":null,"37":0.005607,"38":0.005607,"39":null,"40":0.022428,"41":0.016821,"42":0.022428,"43":0.022428,"44":0.028035,"45":0.039249,"46":null,"47":0.173817,"48":null,"49":0.106533,"50":0.05607,"51":0.016821,"52":0.302778,"53":3.509982,"54":0.016821,"55":null,"56":null},"opera":{"9":null,"9.5-9.6":null,"10.0-10.1":0,"10.5":null,"10.6":null,"11":null,"11.1":null,"11.5":null,"11.6":null,"12":null,"12.1":null,"15":null,"16":null,"17":null,"18":null,"19":null,"20":null,"21":null,"22":null,"23":null,"24":null,"25":null,"26":null,"27":null,"28":null,"29":null,"30":null,"31":null,"32":null,"33":null,"34":null,"35":null,"36":0.016821,"37":null,"38":null,"39":null,"40":0.005607,"41":null,"42":0.011214,"43":0.179424,"44":0.162603,"45":0.364455,"46":null},"safari":{"3.1":null,"3.2":null,"4":0.016821,"5":null,"5.1":null,"6":null,"6.1":0.005607,"7":null,"7.1":0.005607,"8":0.016821,"9":0.016821,"9.1":0.252315,"10":0.016821,"10.1":1.704528,"0":null},"ios_saf":{"3.2":0,"4.0-4.1":0,"4.2-4.3":0,"5.0-5.1":0,"6.0-6.1":0,"7.0-7.1":0.0222500521528,"8":0,"8.1-8.4":0.0247222801698,"9.0-9.2":0.114340545785,"9.3":0.0789052775419,"10.0-10.2":0.482702520315,"10.3":1.31543132403},"android":{"2.1":0,"2.2":0,"2.3":0,"3":0,"4":0,"4.1":0.433895700365,"4.2-4.3":1.27712696711,"4.4":3.19281741778,"4.4.3-4.4.4":1.81744991474,"56":null},"op_mob":{"10":0,"11":0,"11.1":0,"11.5":0,"12":0,"12.1":0,"0":0.0109289268293},"ie":{"5.5":null,"6":null,"7":0.00562646875,"8":0.13503525,"9":0.02813234375,"10":0.73706740625,"11":2.33498453125},"edge":{"12":0.061677,"13":0.285957,"14":1.368108,"15":null},"bb":{"7":0.00329475,"10":null},"samsung":{"4":0.799526,"5":null},"ie_mob":{"10":0.0738024,"11":0.3742836},"op_mini":{"0":2.45354407317},"and_chr":{"0":28.654471},"baidu":{"0":null},"and_ff":{"0":0.04393},"and_qq":{"1.2":null},"and_uc":{"0":3.611046}},"total":98.43785175}