{"id":"SV","name":"El Salvador","month":"2017-05","access_date":"2017-06-04","data":{"chrome":{"4":null,"5":null,"6":null,"7":null,"8":null,"9":null,"10":null,"11":0.022012,"12":null,"13":null,"14":null,"15":null,"16":null,"17":null,"18":null,"19":null,"20":null,"21":0.011006,"22":0.044024,"23":null,"24":null,"25":null,"26":null,"27":null,"28":null,"29":null,"30":null,"31":0.022012,"32":null,"33":0.005503,"34":0.022012,"35":0.016509,"36":0.05503,"37":0.022012,"38":0.027515,"39":0.038521,"40":0.016509,"41":0.005503,"42":0.011006,"43":0.049527,"44":0.027515,"45":0.027515,"46":0.022012,"47":0.082545,"48":0.027515,"49":1.287702,"50":0.022012,"51":0.071539,"52":0.071539,"53":0.077042,"54":0.115563,"55":0.264144,"56":0.462252,"57":9.162495,"58":28.654121,"59":0.060533,"60":0.060533,"61":null},"firefox":{"2":null,"3":0.049527,"3.5":null,"3.6":0.005503,"4":null,"5":null,"6":null,"7":null,"8":null,"9":null,"10":null,"11":null,"12":null,"13":null,"14":null,"15":0.016509,"16":null,"17":null,"18":null,"19":null,"20":0.011006,"21":null,"22":null,"23":null,"24":null,"25":null,"26":null,"27":null,"28":0.005503,"29":0.011006,"30":null,"31":0.022012,"32":null,"33":0.011006,"34":0.016509,"35":0.011006,"36":0.005503,"37":0.011006,"38":0.016509,"39":0.016509,"40":0.082545,"41":0.022012,"42":0.011006,"43":0.071539,"44":0.027515,"45":0.132072,"46":0.038521,"47":0.115563,"48":0.170593,"49":0.093551,"50":0.154084,"51":0.11006,"52":0.533791,"53":4.534472,"54":0.038521,"55":null,"56":null},"opera":{"9":null,"9.5-9.6":null,"10.0-10.1":0,"10.5":null,"10.6":null,"11":null,"11.1":null,"11.5":null,"11.6":null,"12":null,"12.1":0.005503,"15":null,"16":null,"17":null,"18":null,"19":null,"20":null,"21":null,"22":null,"23":null,"24":null,"25":null,"26":null,"27":null,"28":null,"29":0.005503,"30":null,"31":null,"32":null,"33":null,"34":0.005503,"35":null,"36":0.016509,"37":null,"38":null,"39":null,"40":0.016509,"41":0.005503,"42":0.011006,"43":0.209114,"44":0.225623,"45":0.286156,"46":null},"safari":{"3.1":null,"3.2":null,"4":0,"5":0.033018,"5.1":0.027515,"6":null,"6.1":null,"7":0.005503,"7.1":null,"8":0.088048,"9":0.126569,"9.1":0.379707,"10":0.709887,"10.1":1.062079,"0":null},"ios_saf":{"3.2":0,"4.0-4.1":0,"4.2-4.3":0,"5.0-5.1":0,"6.0-6.1":0,"7.0-7.1":0.0263111315949,"8":0,"8.1-8.4":0.029234590661,"9.0-9.2":0.135209981807,"9.3":0.0933070685264,"10.0-10.2":0.570805382656,"10.3":1.55552384475},"android":{"2.1":0,"2.2":0,"2.3":0,"3":0,"4":0,"4.1":0.254017509135,"4.2-4.3":0.747674177832,"4.4":1.86918544458,"4.4.3-4.4.4":1.06399786845,"56":null},"op_mob":{"10":0,"11":0,"11.1":0,"11.5":0,"12":0,"12.1":0,"0":0.00695988026608},"ie":{"5.5":null,"6":null,"7":null,"8":0.13273236,"9":0.06636618,"10":0.082957725,"11":0.824046735},"edge":{"12":0.077042,"13":0.088048,"14":0.577815,"15":null},"bb":{"7":0.01911225,"10":null},"samsung":{"4":2.284476,"5":null},"ie_mob":{"10":0.0503664,"11":0.2554296},"op_mini":{"0":1.56249311973},"and_chr":{"0":33.943391},"baidu":{"0":null},"and_ff":{"0":0.035976},"and_qq":{"1.2":null},"and_uc":{"0":2.342937}},"total":99.12490825}