{"id":"SY","name":"Syrian Arab Republic","month":"2017-05","access_date":"2017-06-04","data":{"chrome":{"4":null,"5":0.002891,"6":null,"7":null,"8":null,"9":null,"10":null,"11":0.02891,"12":0.002891,"13":0.005782,"14":0.002891,"15":0.002891,"16":null,"17":0.005782,"18":null,"19":0.002891,"20":0.002891,"21":null,"22":0.005782,"23":0.008673,"24":0.002891,"25":0.008673,"26":0.011564,"27":0.011564,"28":0.011564,"29":0.008673,"30":0.008673,"31":0.060711,"32":0.023128,"33":0.043365,"34":0.014455,"35":0.002891,"36":0.02891,"37":0.011564,"38":0.026019,"39":0.017346,"40":0.043365,"41":0.020237,"42":0.011564,"43":0.60711,"44":0.034692,"45":0.02891,"46":0.020237,"47":0.069384,"48":0.031801,"49":0.474124,"50":0.069384,"51":0.095403,"52":0.063602,"53":0.089621,"54":0.089621,"55":0.586873,"56":0.20237,"57":3.405598,"58":10.881724,"59":0.043365,"60":0.05782,"61":null},"firefox":{"2":null,"3":0.031801,"3.5":null,"3.6":0.008673,"4":0.008673,"5":0.011564,"6":0.005782,"7":null,"8":0.002891,"9":null,"10":0.023128,"11":0.023128,"12":0.037583,"13":0.005782,"14":null,"15":0.008673,"16":0.005782,"17":0.005782,"18":0.005782,"19":0.011564,"20":null,"21":0.011564,"22":0.005782,"23":0.005782,"24":0.005782,"25":0.005782,"26":0.008673,"27":0.011564,"28":0.005782,"29":0.02891,"30":0.020237,"31":0.008673,"32":0.011564,"33":0.011564,"34":0.017346,"35":0.031801,"36":0.106967,"37":0.017346,"38":0.052038,"39":0.02891,"40":0.023128,"41":0.034692,"42":0.023128,"43":0.147441,"44":0.040474,"45":0.069384,"46":0.092512,"47":0.430759,"48":0.2891,"49":0.147441,"50":0.164787,"51":0.112749,"52":0.682276,"53":5.26162,"54":0.14455,"55":null,"56":null},"opera":{"9":null,"9.5-9.6":null,"10.0-10.1":0,"10.5":null,"10.6":null,"11":null,"11.1":null,"11.5":null,"11.6":0.005782,"12":null,"12.1":0.011564,"15":null,"16":null,"17":null,"18":null,"19":null,"20":0.002891,"21":null,"22":null,"23":null,"24":null,"25":null,"26":null,"27":null,"28":null,"29":null,"30":null,"31":null,"32":null,"33":null,"34":null,"35":0.002891,"36":0.020237,"37":null,"38":null,"39":null,"40":0.017346,"41":0.002891,"42":0.063602,"43":0.185024,"44":0.208152,"45":0.2891,"46":null},"safari":{"3.1":null,"3.2":null,"4":0,"5":null,"5.1":0.005782,"6":null,"6.1":0.008673,"7":null,"7.1":null,"8":0.005782,"9":0.014455,"9.1":0.040474,"10":0.031801,"10.1":0.098294,"0":null},"ios_saf":{"3.2":0,"4.0-4.1":0,"4.2-4.3":0,"5.0-5.1":0,"6.0-6.1":0,"7.0-7.1":0.0207162207398,"8":0,"8.1-8.4":0.0230180230443,"9.0-9.2":0.10645835658,"9.3":0.073465856883,"10.0-10.2":0.449426899939,"10.3":1.22475064281},"android":{"2.1":0,"2.2":0,"2.3":0,"3":0,"4":0,"4.1":0.874587020706,"4.2-4.3":2.57425613642,"4.4":6.43564034105,"4.4.3-4.4.4":3.66336450183,"56":null},"op_mob":{"10":0,"11":0,"11.1":0,"11.5":0,"12":0,"12.1":0,"0":0.0240505720621},"ie":{"5.5":null,"6":0.0503795266458,"7":0.0029635015674,"8":0.257824636364,"9":0.0622335329154,"10":0.0355620188088,"11":0.536393783699},"edge":{"12":0.049147,"13":0.049147,"14":0.205261,"15":null},"bb":{"7":0.003554,"10":null},"samsung":{"4":7.243052,"5":null},"ie_mob":{"10":0.00936583529412,"11":0.0474981647059},"op_mini":{"0":5.39935342794},"and_chr":{"0":38.257646},"baidu":{"0":null},"and_ff":{"0":0.021324},"and_qq":{"1.2":null},"and_uc":{"0":4.065776}},"total":98.328724}