{"id":"SZ","name":"Swaziland","month":"2017-05","access_date":"2017-06-04","data":{"chrome":{"4":null,"5":null,"6":null,"7":null,"8":null,"9":0.002573,"10":null,"11":0.010292,"12":0.002573,"13":null,"14":null,"15":null,"16":0.005146,"17":null,"18":0.005146,"19":null,"20":null,"21":null,"22":null,"23":null,"24":null,"25":0.012865,"26":0.015438,"27":null,"28":null,"29":null,"30":0.007719,"31":0.012865,"32":null,"33":0.012865,"34":null,"35":null,"36":0.061752,"37":0.005146,"38":0.015438,"39":null,"40":0.048887,"41":null,"42":0.005146,"43":0.048887,"44":null,"45":0.005146,"46":0.002573,"47":0.007719,"48":null,"49":0.200694,"50":0.038595,"51":0.030876,"52":0.015438,"53":0.010292,"54":0.028303,"55":0.056606,"56":0.133796,"57":2.686212,"58":7.011425,"59":0.010292,"60":0.010292,"61":null},"firefox":{"2":null,"3":0.002573,"3.5":0.002573,"3.6":0.005146,"4":null,"5":null,"6":null,"7":null,"8":null,"9":null,"10":0.010292,"11":0.033449,"12":0.007719,"13":null,"14":0.012865,"15":0.007719,"16":0.012865,"17":null,"18":0.007719,"19":null,"20":null,"21":0.061752,"22":null,"23":null,"24":null,"25":0.018011,"26":null,"27":0.005146,"28":null,"29":0.010292,"30":null,"31":0.136369,"32":null,"33":null,"34":null,"35":0.018011,"36":0.010292,"37":0.005146,"38":0.174964,"39":null,"40":0.002573,"41":0.010292,"42":0.010292,"43":0.079763,"44":0.082336,"45":1.268489,"46":0.087482,"47":0.213559,"48":0.046314,"49":0.072044,"50":0.020584,"51":0.056606,"52":0.684418,"53":2.67592,"54":0.141515,"55":null,"56":null},"opera":{"9":null,"9.5-9.6":null,"10.0-10.1":0,"10.5":null,"10.6":null,"11":null,"11.1":null,"11.5":null,"11.6":0.007719,"12":null,"12.1":0.005146,"15":null,"16":null,"17":null,"18":null,"19":null,"20":null,"21":null,"22":null,"23":null,"24":0.095201,"25":null,"26":null,"27":null,"28":null,"29":null,"30":null,"31":null,"32":null,"33":null,"34":0.005146,"35":null,"36":0.012865,"37":0.010292,"38":0.005146,"39":null,"40":0.005146,"41":0.018011,"42":0.113212,"43":0.329344,"44":0.46314,"45":0.43741,"46":null},"safari":{"3.1":null,"3.2":null,"4":0,"5":null,"5.1":0.030876,"6":0.007719,"6.1":null,"7":null,"7.1":0.010292,"8":0.110639,"9":0.082336,"9.1":0.020584,"10":0.313906,"10.1":0.162099,"0":null},"ios_saf":{"3.2":0,"4.0-4.1":0,"4.2-4.3":0,"5.0-5.1":0,"6.0-6.1":0,"7.0-7.1":0.0133767070952,"8":0,"8.1-8.4":0.0148630078836,"9.0-9.2":0.0687414114615,"9.3":0.0474377668284,"10.0-10.2":0.290200228927,"10.3":0.790835877805},"android":{"2.1":0,"2.2":0,"2.3":0,"3":0,"4":0,"4.1":0.160137337393,"4.2-4.3":0.471347634592,"4.4":1.17836908648,"4.4.3-4.4.4":0.670763941535,"56":null},"op_mob":{"10":0,"11":0,"11.1":0,"11.5":0,"12":0,"12.1":0,"0":0.232097866962},"ie":{"5.5":null,"6":null,"7":0.00778939860515,"8":0.615362489807,"9":0.464767450107,"10":0.462170983906,"11":3.28972267758},"edge":{"12":0.512027,"13":0.303614,"14":0.465713,"15":null},"bb":{"7":0.20981275,"10":null},"samsung":{"4":2.837114,"5":null},"ie_mob":{"10":0.276459152941,"11":1.40204284706},"op_mini":{"0":52.105971133},"and_chr":{"0":10.503166},"baidu":{"0":null},"and_ff":{"0":0.007427},"and_qq":{"1.2":null},"and_uc":{"0":1.968155}},"total":98.13180175}