{"id":"TC","name":"Turks and Caicos Islands","month":"2017-05","access_date":"2017-06-04","data":{"chrome":{"4":null,"5":null,"6":null,"7":null,"8":null,"9":null,"10":null,"11":null,"12":0.0101,"13":null,"14":null,"15":null,"16":null,"17":null,"18":null,"19":null,"20":null,"21":null,"22":null,"23":null,"24":null,"25":null,"26":null,"27":null,"28":null,"29":0.02525,"30":null,"31":null,"32":null,"33":null,"34":null,"35":null,"36":2.323,"37":null,"38":0.01515,"39":0.01515,"40":null,"41":null,"42":null,"43":0.05555,"44":0.0202,"45":null,"46":0.02525,"47":0.1616,"48":0.0101,"49":0.71205,"50":0.0303,"51":0.0505,"52":0.00505,"53":0.0303,"54":0.56055,"55":0.5757,"56":0.1616,"57":5.9186,"58":19.31625,"59":0.07575,"60":0.35855,"61":0.06565},"firefox":{"2":null,"3":null,"3.5":null,"3.6":null,"4":null,"5":null,"6":null,"7":null,"8":null,"9":null,"10":null,"11":0.0808,"12":null,"13":null,"14":null,"15":null,"16":null,"17":null,"18":0.0101,"19":null,"20":null,"21":null,"22":null,"23":null,"24":null,"25":null,"26":null,"27":null,"28":null,"29":0.00505,"30":null,"31":0.0101,"32":null,"33":null,"34":null,"35":null,"36":null,"37":null,"38":null,"39":null,"40":null,"41":null,"42":null,"43":0.0101,"44":0.02525,"45":0.0101,"46":null,"47":0.01515,"48":0.08585,"49":0.0202,"50":0.0303,"51":0.04545,"52":0.3333,"53":2.81285,"54":0.02525,"55":null,"56":null},"opera":{"9":null,"9.5-9.6":null,"10.0-10.1":0,"10.5":null,"10.6":null,"11":null,"11.1":null,"11.5":null,"11.6":null,"12":null,"12.1":null,"15":null,"16":null,"17":null,"18":null,"19":null,"20":null,"21":null,"22":null,"23":null,"24":null,"25":null,"26":null,"27":null,"28":null,"29":null,"30":null,"31":null,"32":null,"33":null,"34":null,"35":null,"36":null,"37":null,"38":null,"39":null,"40":null,"41":null,"42":0.0101,"43":0.05555,"44":0.07575,"45":0.03535,"46":null},"safari":{"3.1":null,"3.2":null,"4":0,"5":null,"5.1":0.18685,"6":0.0101,"6.1":0.0202,"7":null,"7.1":null,"8":0.03535,"9":0.1111,"9.1":0.44945,"10":0.6666,"10.1":1.90385,"0":null},"ios_saf":{"3.2":0,"4.0-4.1":0,"4.2-4.3":0,"5.0-5.1":0,"6.0-6.1":0,"7.0-7.1":0.22358750758,"8":0,"8.1-8.4":0.248430563978,"9.0-9.2":1.1489913584,"9.3":0.79290755003,"10.0-10.2":4.85060676167,"10.3":13.2185762583},"android":{"2.1":0,"2.2":0,"2.3":0,"3":0,"4":0,"4.1":0.11248136419,"4.2-4.3":0.331077222899,"4.4":0.827693057247,"4.4.3-4.4.4":0.471148355664,"56":null},"op_mob":{"10":0,"11":0,"11.1":0,"11.5":0,"12":0,"12.1":0,"0":0.00169024390244},"ie":{"5.5":null,"6":null,"7":null,"8":0.04545,"9":0.0404,"10":0.06565,"11":5.03485},"edge":{"12":0.0606,"13":0.38885,"14":4.6662,"15":null},"bb":{"7":0.0779625,"10":null},"samsung":{"4":4.44015,"5":null},"ie_mob":{"10":0.0105988235294,"11":0.0537511764706},"op_mini":{"0":0.379459756098},"and_chr":{"0":22.73565},"baidu":{"0":null},"and_ff":{"0":0.00495},"and_qq":{"1.2":null},"and_uc":{"0":0.2574}},"total":98.0914125}