{"id":"TD","name":"Chad","month":"2017-05","access_date":"2017-06-04","data":{"chrome":{"4":null,"5":null,"6":null,"7":null,"8":null,"9":null,"10":0.000681,"11":0.005448,"12":0.002043,"13":null,"14":0.007491,"15":null,"16":0.000681,"17":null,"18":null,"19":null,"20":null,"21":null,"22":null,"23":null,"24":null,"25":0.000681,"26":0.004767,"27":0.002724,"28":0.002724,"29":null,"30":null,"31":0.000681,"32":0.00681,"33":0.002724,"34":0.001362,"35":0.003405,"36":null,"37":null,"38":null,"39":0.017706,"40":0.000681,"41":null,"42":0.001362,"43":0.002724,"44":0.000681,"45":0.030645,"46":0.000681,"47":0.008853,"48":null,"49":0.021111,"50":0.003405,"51":0.004086,"52":null,"53":0.00681,"54":null,"55":0.022473,"56":0.057885,"57":0.316665,"58":1.093005,"59":0.001362,"60":null,"61":null},"firefox":{"2":null,"3":1.447125,"3.5":0.001362,"3.6":0.002724,"4":0.00681,"5":null,"6":0.011577,"7":0.001362,"8":null,"9":0.004086,"10":null,"11":0.002724,"12":0.017025,"13":null,"14":null,"15":0.011577,"16":0.00681,"17":0.002724,"18":0.002724,"19":0.002043,"20":null,"21":0.002724,"22":null,"23":null,"24":0.012939,"25":0.002724,"26":null,"27":0.002724,"28":0.003405,"29":0.008172,"30":0.01362,"31":0.004767,"32":0.001362,"33":null,"34":0.011577,"35":0.002043,"36":0.009534,"37":0.004086,"38":0.011577,"39":0.009534,"40":0.011577,"41":0.00681,"42":0.014982,"43":0.067419,"44":0.018387,"45":0.012939,"46":0.170931,"47":0.128709,"48":0.044946,"49":0.018387,"50":0.011577,"51":0.035412,"52":0.155949,"53":1.177449,"54":0.023154,"55":null,"56":null},"opera":{"9":null,"9.5-9.6":null,"10.0-10.1":0,"10.5":0.000681,"10.6":null,"11":0.000681,"11.1":0.001362,"11.5":0.002043,"11.6":0.017025,"12":0.000681,"12.1":0.00681,"15":null,"16":null,"17":null,"18":null,"19":0.000681,"20":0.001362,"21":null,"22":0.002724,"23":null,"24":null,"25":null,"26":null,"27":null,"28":null,"29":null,"30":null,"31":null,"32":0.001362,"33":null,"34":null,"35":0.000681,"36":0.023154,"37":0.002043,"38":null,"39":null,"40":null,"41":null,"42":0.033369,"43":0.028602,"44":0.065376,"45":0.017706,"46":null},"safari":{"3.1":null,"3.2":null,"4":0,"5":null,"5.1":null,"6":0.004767,"6.1":0.017025,"7":0.001362,"7.1":0.000681,"8":0.003405,"9":0.003405,"9.1":0.017706,"10":0.18387,"10.1":0.030645,"0":null},"ios_saf":{"3.2":0,"4.0-4.1":0,"4.2-4.3":0,"5.0-5.1":0,"6.0-6.1":0,"7.0-7.1":0.014546456034,"8":0,"8.1-8.4":0.0161627289266,"9.0-9.2":0.0747526212856,"9.3":0.0515860431575,"10.0-10.2":0.315577282292,"10.3":0.859991868304},"android":{"2.1":0,"2.2":0,"2.3":0,"3":0,"4":0,"4.1":0.113700880633,"4.2-4.3":0.334666742996,"4.4":0.836666857491,"4.4.3-4.4.4":0.476256518879,"56":null},"op_mob":{"10":0,"11":0,"11.1":0,"11.5":0,"12":0,"12.1":0,"0":0.274032323725},"ie":{"5.5":null,"6":null,"7":0.00616892833876,"8":0.0534640456026,"9":0.0212485309446,"10":0.0616892833876,"11":0.699145211726},"edge":{"12":0.010215,"13":0.005448,"14":0.143691,"15":null},"bb":{"7":0.01630825,"10":null},"samsung":{"4":1.174194,"5":null},"ie_mob":{"10":0.0276280941176,"11":0.140113905882},"op_mini":{"0":61.5202566763},"and_chr":{"0":9.923014},"baidu":{"0":null},"and_ff":{"0":0.046595},"and_qq":{"1.2":null},"and_uc":{"0":16.503949}},"total":99.34272425}