{"id":"TG","name":"Togo","month":"2017-05","access_date":"2017-06-04","data":{"chrome":{"4":null,"5":null,"6":null,"7":null,"8":null,"9":null,"10":null,"11":0.03085,"12":null,"13":null,"14":0.00617,"15":null,"16":0.01234,"17":0.003085,"18":null,"19":0.00617,"20":null,"21":null,"22":0.00617,"23":0.00617,"24":0.00617,"25":0.01851,"26":0.015425,"27":0.01234,"28":0.01234,"29":0.317755,"30":0.01234,"31":0.08021,"32":0.021595,"33":0.212865,"34":0.00617,"35":null,"36":null,"37":0.03085,"38":0.015425,"39":0.01234,"40":0.021595,"41":0.009255,"42":0.003085,"43":0.428815,"44":0.03702,"45":0.08638,"46":0.101805,"47":0.021595,"48":0.03702,"49":0.330095,"50":0.09872,"51":0.052445,"52":0.015425,"53":0.052445,"54":0.16042,"55":0.29616,"56":0.49977,"57":1.693665,"58":5.747355,"59":0.021595,"60":0.009255,"61":null},"firefox":{"2":0.00617,"3":0.453495,"3.5":null,"3.6":0.01234,"4":0.00617,"5":null,"6":null,"7":null,"8":0.003085,"9":0.00617,"10":0.033935,"11":0.00617,"12":0.021595,"13":0.00617,"14":null,"15":0.009255,"16":0.009255,"17":null,"18":0.003085,"19":0.009255,"20":0.01851,"21":0.015425,"22":0.06787,"23":0.02468,"24":0.01234,"25":0.003085,"26":0.00617,"27":0.015425,"28":0.01234,"29":0.09872,"30":0.06787,"31":0.06787,"32":0.058615,"33":0.027765,"34":0.52445,"35":0.05553,"36":0.03085,"37":0.077125,"38":0.101805,"39":0.052445,"40":0.19127,"41":0.040105,"42":0.120315,"43":0.453495,"44":0.138825,"45":0.1851,"46":0.10489,"47":0.62934,"48":0.28382,"49":0.397965,"50":0.286905,"51":1.36357,"52":1.292615,"53":6.38595,"54":0.274565,"55":null,"56":null},"opera":{"9":null,"9.5-9.6":0.00617,"10.0-10.1":0,"10.5":null,"10.6":null,"11":null,"11.1":null,"11.5":null,"11.6":0.009255,"12":0.01851,"12.1":0.00617,"15":null,"16":null,"17":0.009255,"18":null,"19":null,"20":null,"21":null,"22":0.003085,"23":null,"24":null,"25":null,"26":null,"27":0.015425,"28":0.00617,"29":0.003085,"30":null,"31":null,"32":0.01234,"33":0.00617,"34":null,"35":0.243715,"36":0.01234,"37":null,"38":0.009255,"39":null,"40":0.01234,"41":null,"42":0.107975,"43":0.293075,"44":0.1234,"45":0.169675,"46":null},"safari":{"3.1":null,"3.2":null,"4":0.06787,"5":null,"5.1":null,"6":null,"6.1":0.01234,"7":0.021595,"7.1":null,"8":0.02468,"9":0.03085,"9.1":0.015425,"10":0.064785,"10.1":0.157335,"0":null},"ios_saf":{"3.2":0,"4.0-4.1":0,"4.2-4.3":0,"5.0-5.1":0,"6.0-6.1":0,"7.0-7.1":0.0101131400849,"8":0,"8.1-8.4":0.0112368223166,"9.0-9.2":0.0519703032141,"9.3":0.035864191227,"10.0-10.2":0.219398955731,"10.3":0.597892587427},"android":{"2.1":0,"2.2":0,"2.3":0,"3":0,"4":0,"4.1":0.474455354446,"4.2-4.3":1.39651009988,"4.4":3.4912752497,"4.4.3-4.4.4":1.98734129598,"56":null},"op_mob":{"10":0,"11":0,"11.1":0,"11.5":0,"12":0,"12.1":0,"0":0.068128195122},"ie":{"5.5":null,"6":0.00832307291667,"7":0.012484609375,"8":1.48150697917,"9":0.233046041667,"10":0.47441515625,"11":0.986284140625},"edge":{"12":0.1851,"13":0.089465,"14":0.25297,"15":null},"bb":{"7":0.051855,"10":null},"samsung":{"4":1.14081,"5":null},"ie_mob":{"10":0.207257317647,"11":1.05109068235},"op_mini":{"0":15.2947798049},"and_chr":{"0":23.330632},"baidu":{"0":null},"and_ff":{"0":0.041484},"and_qq":{"1.2":null},"and_uc":{"0":19.490566}},"total":98.781526}