{"id":"TH","name":"Thailand","month":"2017-05","access_date":"2017-06-04","data":{"chrome":{"4":null,"5":null,"6":null,"7":null,"8":null,"9":null,"10":0.005386,"11":0.043088,"12":0.010772,"13":0.002693,"14":null,"15":null,"16":0.005386,"17":null,"18":null,"19":null,"20":null,"21":0.008079,"22":0.02693,"23":null,"24":null,"25":0.010772,"26":0.013465,"27":0.005386,"28":0.002693,"29":0.005386,"30":0.005386,"31":0.035009,"32":0.010772,"33":0.018851,"34":0.029623,"35":0.010772,"36":0.013465,"37":0.008079,"38":0.043088,"39":0.021544,"40":0.024237,"41":0.008079,"42":0.010772,"43":1.082586,"44":0.018851,"45":0.016158,"46":0.032316,"47":0.024237,"48":0.02693,"49":0.697487,"50":0.02693,"51":0.091562,"52":0.032316,"53":0.048474,"54":0.075404,"55":0.196589,"56":0.288151,"57":4.058351,"58":13.750458,"59":0.08079,"60":0.070018,"61":null},"firefox":{"2":null,"3":null,"3.5":null,"3.6":0.002693,"4":null,"5":null,"6":null,"7":null,"8":null,"9":null,"10":null,"11":null,"12":0.005386,"13":null,"14":null,"15":null,"16":null,"17":null,"18":null,"19":null,"20":null,"21":null,"22":null,"23":null,"24":null,"25":null,"26":0.008079,"27":null,"28":null,"29":0.002693,"30":0.010772,"31":0.005386,"32":null,"33":0.005386,"34":0.005386,"35":0.002693,"36":0.002693,"37":0.005386,"38":0.005386,"39":0.008079,"40":0.005386,"41":0.005386,"42":0.005386,"43":0.018851,"44":0.005386,"45":0.010772,"46":0.016158,"47":0.040395,"48":0.048474,"49":0.021544,"50":0.035009,"51":0.040395,"52":0.21544,"53":1.583484,"54":0.051167,"55":null,"56":null},"opera":{"9":null,"9.5-9.6":null,"10.0-10.1":0,"10.5":null,"10.6":null,"11":null,"11.1":null,"11.5":null,"11.6":null,"12":null,"12.1":null,"15":null,"16":null,"17":null,"18":null,"19":null,"20":null,"21":null,"22":null,"23":null,"24":null,"25":null,"26":null,"27":null,"28":0.002693,"29":null,"30":null,"31":null,"32":null,"33":null,"34":null,"35":null,"36":0.002693,"37":0.010772,"38":null,"39":null,"40":null,"41":null,"42":0.002693,"43":0.048474,"44":0.056553,"45":0.072711,"46":null},"safari":{"3.1":null,"3.2":null,"4":0.002693,"5":null,"5.1":0.008079,"6":null,"6.1":0.005386,"7":0.005386,"7.1":null,"8":0.02693,"9":0.021544,"9.1":0.078097,"10":0.131957,"10.1":0.301616,"0":null},"ios_saf":{"3.2":0,"4.0-4.1":0,"4.2-4.3":0,"5.0-5.1":0,"6.0-6.1":0,"7.0-7.1":0.136231902971,"8":0,"8.1-8.4":0.151368781079,"9.0-9.2":0.700080612492,"9.3":0.483118692945,"10.0-10.2":2.95547545058,"10.3":8.05408055994},"android":{"2.1":0,"2.2":0,"2.3":0,"3":0,"4":0,"4.1":0.174059682095,"4.2-4.3":0.512326611449,"4.4":1.28081652862,"4.4.3-4.4.4":0.729080177832,"56":null},"op_mob":{"10":0,"11":0,"11.1":0,"11.5":0,"12":0,"12.1":0,"0":0.00349958314856},"ie":{"5.5":null,"6":null,"7":null,"8":0.126576867102,"9":0.14583856427,"10":0.101811827887,"11":0.888789740741},"edge":{"12":0.016158,"13":0.032316,"14":0.258528,"15":null},"bb":{"7":0,"10":null},"samsung":{"4":5.947898,"5":null},"ie_mob":{"10":0.0385121882353,"11":0.195311811765},"op_mini":{"0":0.785656416851},"and_chr":{"0":50.454692},"baidu":{"0":null},"and_ff":{"0":0.029228},"and_qq":{"1.2":null},"and_uc":{"0":1.015673}},"total":99.165978}