{"id":"TJ","name":"Tajikistan","month":"2017-05","access_date":"2017-06-04","data":{"chrome":{"4":null,"5":0.018384,"6":null,"7":null,"8":0.012256,"9":null,"10":0.012256,"11":0.018384,"12":0.058216,"13":0.009192,"14":0.006128,"15":0.009192,"16":0.128688,"17":0.01532,"18":0.006128,"19":null,"20":0.009192,"21":0.009192,"22":null,"23":0.01532,"24":0.006128,"25":0.009192,"26":0.01532,"27":0.027576,"28":0.009192,"29":0.006128,"30":0.012256,"31":0.052088,"32":0.01532,"33":0.012256,"34":0.003064,"35":0.03064,"36":0.033704,"37":null,"38":0.006128,"39":0.055152,"40":0.027576,"41":0.088856,"42":0.042896,"43":0.027576,"44":0.395256,"45":0.312528,"46":0.012256,"47":0.033704,"48":0.042896,"49":1.663752,"50":0.033704,"51":0.021448,"52":0.01532,"53":0.024512,"54":0.021448,"55":0.174648,"56":0.21448,"57":3.532792,"58":11.128448,"59":0.070472,"60":0.042896,"61":null},"firefox":{"2":null,"3":0.04596,"3.5":0.012256,"3.6":0.10724,"4":null,"5":null,"6":0.003064,"7":null,"8":null,"9":0.009192,"10":null,"11":null,"12":null,"13":0.009192,"14":0.003064,"15":0.009192,"16":0.006128,"17":null,"18":null,"19":null,"20":null,"21":0.006128,"22":0.006128,"23":0.009192,"24":0.003064,"25":null,"26":null,"27":null,"28":0.009192,"29":0.003064,"30":0.024512,"31":0.01532,"32":0.012256,"33":null,"34":0.456536,"35":0.009192,"36":0.024512,"37":null,"38":0.006128,"39":null,"40":null,"41":null,"42":0.006128,"43":0.06128,"44":0.009192,"45":0.012256,"46":null,"47":0.281888,"48":0.027576,"49":0.036768,"50":0.042896,"51":0.052088,"52":0.235928,"53":1.737288,"54":0.018384,"55":null,"56":null},"opera":{"9":null,"9.5-9.6":0.18384,"10.0-10.1":0.006128,"10.5":0.018384,"10.6":0.012256,"11":0.012256,"11.1":0.01532,"11.5":0.009192,"11.6":0.027576,"12":0.024512,"12.1":0.346232,"15":null,"16":0.009192,"17":null,"18":0.052088,"19":0.01532,"20":null,"21":null,"22":null,"23":null,"24":null,"25":0.021448,"26":null,"27":null,"28":null,"29":null,"30":0.012256,"31":null,"32":0.01532,"33":0.033704,"34":0.006128,"35":0.018384,"36":0.174648,"37":0.006128,"38":0.012256,"39":0.006128,"40":0.006128,"41":0.055152,"42":0.113368,"43":0.82728,"44":0.303336,"45":0.588288,"46":0.006128},"safari":{"3.1":null,"3.2":null,"4":0.006128,"5":0.039832,"5.1":0.009192,"6":0.003064,"6.1":null,"7":0.003064,"7.1":null,"8":0.009192,"9":0.006128,"9.1":0.027576,"10":0.104176,"10.1":0.156264,"0":null},"ios_saf":{"3.2":0,"4.0-4.1":0,"4.2-4.3":0,"5.0-5.1":0,"6.0-6.1":0,"7.0-7.1":0.0433068865979,"8":0,"8.1-8.4":0.0481187628866,"9.0-9.2":0.222549278351,"9.3":0.153579051546,"10.0-10.2":0.939518845361,"10.3":2.56031917526},"android":{"2.1":0,"2.2":0,"2.3":0,"3":0,"4":0,"4.1":0.359548384896,"4.2-4.3":1.05829335932,"4.4":2.64573339829,"4.4.3-4.4.4":1.50603285749,"56":null},"op_mob":{"10":0,"11":0,"11.1":0,"11.5":0,"12":0,"12.1":0,"0":0.117988895787},"ie":{"5.5":0.00659638216561,"6":0.00989457324841,"7":0.00989457324841,"8":0.230873375796,"9":0.0659638216561,"10":0.0989457324841,"11":0.613463541401},"edge":{"12":0.049024,"13":0.039832,"14":0.79664,"15":null},"bb":{"7":0.005202,"10":null},"samsung":{"4":4.71648,"5":null},"ie_mob":{"10":0.0479808,"11":0.2433312},"op_mini":{"0":26.4885071042},"and_chr":{"0":20.883224},"baidu":{"0":null},"and_ff":{"0":0.027744},"and_qq":{"1.2":null},"and_uc":{"0":6.332568}},"total":95.485786}