{"id":"TK","name":"Tokelau","month":"2017-05","access_date":"2017-06-04","data":{"chrome":{"4":null,"5":null,"6":null,"7":null,"8":null,"9":null,"10":null,"11":null,"12":null,"13":null,"14":null,"15":null,"16":null,"17":null,"18":null,"19":null,"20":null,"21":null,"22":null,"23":null,"24":null,"25":null,"26":null,"27":null,"28":null,"29":null,"30":null,"31":null,"32":null,"33":0.139395,"34":null,"35":null,"36":0.408892,"37":null,"38":null,"39":null,"40":null,"41":null,"42":null,"43":null,"44":null,"45":null,"46":null,"47":null,"48":null,"49":null,"50":null,"51":0.139395,"52":null,"53":0.139395,"54":0.269497,"55":1.496173,"56":3.53134,"57":4.349124,"58":39.811212,"59":null,"60":null,"61":null},"firefox":{"2":null,"3":null,"3.5":null,"3.6":null,"4":null,"5":null,"6":null,"7":null,"8":null,"9":null,"10":null,"11":null,"12":null,"13":null,"14":null,"15":null,"16":null,"17":null,"18":null,"19":null,"20":null,"21":null,"22":null,"23":null,"24":null,"25":null,"26":null,"27":null,"28":null,"29":null,"30":null,"31":null,"32":null,"33":null,"34":null,"35":null,"36":null,"37":null,"38":null,"39":null,"40":null,"41":null,"42":null,"43":null,"44":null,"45":null,"46":null,"47":null,"48":null,"49":null,"50":1.76567,"51":0.678389,"52":2.713556,"53":10.185128,"54":null,"55":null,"56":null},"opera":{"9":null,"9.5-9.6":null,"10.0-10.1":0,"10.5":null,"10.6":null,"11":null,"11.1":null,"11.5":null,"11.6":null,"12":null,"12.1":null,"15":null,"16":null,"17":null,"18":null,"19":null,"20":null,"21":null,"22":null,"23":null,"24":null,"25":null,"26":null,"27":null,"28":null,"29":null,"30":null,"31":null,"32":null,"33":null,"34":0.139395,"35":null,"36":null,"37":null,"38":null,"39":null,"40":null,"41":null,"42":null,"43":null,"44":null,"45":null,"46":null},"safari":{"3.1":null,"3.2":null,"4":0,"5":null,"5.1":null,"6":null,"6.1":null,"7":null,"7.1":null,"8":null,"9":null,"9.1":null,"10":null,"10.1":0.269497,"0":null},"ios_saf":{"3.2":0,"4.0-4.1":0,"4.2-4.3":0,"5.0-5.1":0,"6.0-6.1":0,"7.0-7.1":0.00335707095209,"8":0,"8.1-8.4":0.00373007883566,"9.0-9.2":0.0172516146149,"9.3":0.0119051682838,"10.0-10.2":0.0728297892662,"10.3":0.198471278047},"android":{"2.1":0,"2.2":0,"2.3":0,"3":0,"4":0,"4.1":0.158738292326,"4.2-4.3":0.467229690621,"4.4":1.16807422655,"4.4.3-4.4.4":0.664903790499,"56":null},"op_mob":{"10":0,"11":0,"11.1":0,"11.5":0,"12":0,"12.1":0,"0":0},"ie":{"5.5":null,"6":null,"7":null,"8":null,"9":null,"10":0.139395,"11":7.741069},"edge":{"12":null,"13":1.496173,"14":0.408892,"15":null},"bb":{"7":0,"10":null},"samsung":{"4":0.921928,"5":null},"ie_mob":{"10":0,"11":0},"op_mini":{"0":0},"and_chr":{"0":20.499287},"baidu":{"0":null},"and_ff":{"0":null},"and_qq":{"1.2":null},"and_uc":{"0":null}},"total":100.009293}