{"id":"TL","name":"Timor-Leste","month":"2017-05","access_date":"2017-06-04","data":{"chrome":{"4":0.009824,"5":null,"6":0.002456,"7":0.002456,"8":null,"9":0.004912,"10":0.002456,"11":0.017192,"12":0.002456,"13":null,"14":null,"15":null,"16":null,"17":null,"18":null,"19":0.002456,"20":null,"21":null,"22":null,"23":null,"24":null,"25":0.004912,"26":0.01228,"27":0.027016,"28":0.014736,"29":0.014736,"30":0.019648,"31":0.105608,"32":0.029472,"33":0.022104,"34":0.017192,"35":0.01228,"36":0.002456,"37":0.004912,"38":0.007368,"39":0.007368,"40":0.03684,"41":null,"42":0.007368,"43":0.753992,"44":0.019648,"45":0.07368,"46":0.014736,"47":0.027016,"48":0.01228,"49":0.25788,"50":0.014736,"51":0.108064,"52":0.014736,"53":0.007368,"54":0.029472,"55":0.115432,"56":0.139992,"57":2.141632,"58":4.96112,"59":0.046664,"60":0.127712,"61":null},"firefox":{"2":null,"3":0.058944,"3.5":0.044208,"3.6":0.206304,"4":0.213672,"5":0.068768,"6":0.03684,"7":0.076136,"8":0.041752,"9":0.02456,"10":0.201392,"11":0.058944,"12":0.14736,"13":0.04912,"14":0.044208,"15":0.031928,"16":0.1228,"17":0.04912,"18":0.039296,"19":0.044208,"20":0.093328,"21":0.130168,"22":0.01228,"23":0.034384,"24":0.041752,"25":0.014736,"26":0.029472,"27":0.017192,"28":0.01228,"29":0.063856,"30":0.054032,"31":0.029472,"32":0.056488,"33":0.027016,"34":0.066312,"35":0.083504,"36":0.063856,"37":0.029472,"38":0.11052,"39":0.1228,"40":0.15964,"41":0.125256,"42":0.022104,"43":0.307,"44":0.235776,"45":0.0614,"46":0.083504,"47":0.488744,"48":0.238232,"49":0.115432,"50":0.275072,"51":0.083504,"52":0.459272,"53":4.71552,"54":0.604176,"55":0.01228,"56":null},"opera":{"9":null,"9.5-9.6":null,"10.0-10.1":0.002456,"10.5":0.004912,"10.6":0.004912,"11":0.002456,"11.1":null,"11.5":0.004912,"11.6":0.004912,"12":null,"12.1":0.009824,"15":0.004912,"16":null,"17":null,"18":null,"19":0.03684,"20":null,"21":null,"22":0.002456,"23":null,"24":null,"25":null,"26":null,"27":null,"28":null,"29":null,"30":0.191568,"31":null,"32":null,"33":null,"34":null,"35":0.007368,"36":0.01228,"37":0.027016,"38":0.009824,"39":null,"40":0.004912,"41":null,"42":0.027016,"43":0.157184,"44":0.103152,"45":0.081048,"46":null},"safari":{"3.1":null,"3.2":null,"4":0,"5":0.009824,"5.1":0.022104,"6":0.031928,"6.1":0.004912,"7":0.019648,"7.1":0.01228,"8":0.076136,"9":0.019648,"9.1":0.09824,"10":0.115432,"10.1":0.297176,"0":null},"ios_saf":{"3.2":0,"4.0-4.1":0,"4.2-4.3":0,"5.0-5.1":0,"6.0-6.1":0,"7.0-7.1":0.0316216664645,"8":0,"8.1-8.4":0.0351351849606,"9.0-9.2":0.162500230443,"9.3":0.112139798666,"10.0-10.2":0.686014486355,"10.3":1.86948463311},"android":{"2.1":0,"2.2":0,"2.3":0,"3":0,"4":0,"4.1":0.319963001218,"4.2-4.3":0.941777890378,"4.4":2.35444472594,"4.4.3-4.4.4":1.34022238246,"56":null},"op_mob":{"10":0,"11":0,"11.1":0,"11.5":0,"12":0,"12.1":0,"0":0.068816},"ie":{"5.5":null,"6":null,"7":0.00987591017173,"8":0.533299149273,"9":0.0864142140026,"10":0.26911855218,"11":0.96783919683},"edge":{"12":0.144904,"13":0.095784,"14":0.14736,"15":null},"bb":{"7":0.005658,"10":null},"samsung":{"4":4.594296,"5":null},"ie_mob":{"10":0.0509441882353,"11":0.258359811765},"op_mini":{"0":15.449192},"and_chr":{"0":38.443504},"baidu":{"0":null},"and_ff":{"0":0.022632},"and_qq":{"1.2":null},"and_uc":{"0":8.6756}},"total":98.9802450225}