{"id":"TM","name":"Turkmenistan","month":"2017-05","access_date":"2017-06-04","data":{"chrome":{"4":0.002331,"5":0.002331,"6":0.002331,"7":null,"8":0.041958,"9":0.016317,"10":0.004662,"11":0.048951,"12":0.020979,"13":0.004662,"14":0.004662,"15":0.018648,"16":0.04662,"17":0.011655,"18":0.041958,"19":0.006993,"20":0.013986,"21":0.016317,"22":0.02331,"23":0.037296,"24":0.002331,"25":0.002331,"26":0.004662,"27":0.004662,"28":null,"29":null,"30":0.027972,"31":0.121212,"32":0.002331,"33":0.02331,"34":0.002331,"35":null,"36":0.004662,"37":0.006993,"38":0.030303,"39":0.013986,"40":0.018648,"41":0.006993,"42":0.002331,"43":0.032634,"44":0.039627,"45":0.065268,"46":0.009324,"47":0.037296,"48":0.009324,"49":0.841491,"50":0.020979,"51":0.13986,"52":0.020979,"53":0.205128,"54":0.044289,"55":0.083916,"56":0.244755,"57":2.403261,"58":8.027964,"59":0.009324,"60":0.011655,"61":null},"firefox":{"2":0.020979,"3":0.041958,"3.5":0.020979,"3.6":0.079254,"4":0.011655,"5":null,"6":null,"7":null,"8":null,"9":0.006993,"10":0.004662,"11":0.002331,"12":0.006993,"13":null,"14":0.004662,"15":0.006993,"16":0.002331,"17":0.100233,"18":null,"19":null,"20":null,"21":0.006993,"22":null,"23":0.004662,"24":0.009324,"25":0.011655,"26":0.018648,"27":0.004662,"28":null,"29":0.009324,"30":null,"31":null,"32":0.002331,"33":0.034965,"34":null,"35":0.004662,"36":0.067599,"37":0.006993,"38":0.006993,"39":null,"40":0.004662,"41":0.009324,"42":0.020979,"43":0.020979,"44":0.002331,"45":0.011655,"46":0.006993,"47":0.079254,"48":0.013986,"49":0.037296,"50":0.060606,"51":0.067599,"52":0.156177,"53":0.475524,"54":0.013986,"55":0.006993,"56":null},"opera":{"9":null,"9.5-9.6":null,"10.0-10.1":0.025641,"10.5":0.004662,"10.6":0.002331,"11":0.006993,"11.1":0.004662,"11.5":0.009324,"11.6":0.037296,"12":0.013986,"12.1":0.174825,"15":null,"16":0.006993,"17":null,"18":0.319347,"19":null,"20":null,"21":null,"22":null,"23":null,"24":null,"25":0.004662,"26":null,"27":0.011655,"28":null,"29":null,"30":null,"31":0.004662,"32":null,"33":0.004662,"34":0.004662,"35":null,"36":0.016317,"37":0.004662,"38":null,"39":0.009324,"40":0.002331,"41":null,"42":0.18648,"43":0.04662,"44":0.100233,"45":0.158508,"46":0.02331},"safari":{"3.1":null,"3.2":null,"4":0.02331,"5":0.018648,"5.1":0.013986,"6":0.016317,"6.1":null,"7":null,"7.1":null,"8":0.034965,"9":0.044289,"9.1":0.065268,"10":0.051282,"10.1":0.181818,"0":null},"ios_saf":{"3.2":0,"4.0-4.1":0,"4.2-4.3":0,"5.0-5.1":0,"6.0-6.1":0,"7.0-7.1":0.10305015282,"8":0,"8.1-8.4":0.1145001698,"9.0-9.2":0.529563285324,"9.3":0.365446375278,"10.0-10.2":2.23561581534,"10.3":6.09236320144},"android":{"2.1":0,"2.2":0,"2.3":0,"3":0,"4":0,"4.1":0.763406448234,"4.2-4.3":2.24700765895,"4.4":5.61751914738,"4.4.3-4.4.4":3.19766474543,"56":null},"op_mob":{"10":0,"11":0,"11.1":0,"11.5":0,"12":0,"12.1":0,"0":0.0033328691796},"ie":{"5.5":null,"6":0.00946018305745,"7":0.0307455949367,"8":0.378407322298,"9":0.111157150925,"10":0.198663844206,"11":1.69810285881},"edge":{"12":0.016317,"13":0.048951,"14":0.076923,"15":null},"bb":{"7":0.01342075,"10":null},"samsung":{"4":15.245972,"5":null},"ie_mob":{"10":0.0353676235294,"11":0.179364376471},"op_mini":{"0":0.74822913082},"and_chr":{"0":36.458332},"baidu":{"0":null},"and_ff":{"0":0.061352},"and_qq":{"1.2":null},"and_uc":{"0":1.702518}},"total":94.2920617042}