{"id":"TN","name":"Tunisia","month":"2017-05","access_date":"2017-06-04","data":{"chrome":{"4":null,"5":null,"6":null,"7":0.013386,"8":0.006693,"9":null,"10":0.013386,"11":0.033465,"12":0.013386,"13":null,"14":0.006693,"15":null,"16":0.013386,"17":null,"18":null,"19":null,"20":0.006693,"21":0.020079,"22":0.006693,"23":0.013386,"24":0.020079,"25":null,"26":0.020079,"27":0.013386,"28":0.013386,"29":0.053544,"30":0.040158,"31":0.087009,"32":0.026772,"33":0.026772,"34":0.033465,"35":0.013386,"36":0.060237,"37":0.020079,"38":0.026772,"39":0.026772,"40":0.040158,"41":0.033465,"42":0.013386,"43":0.321264,"44":0.040158,"45":0.026772,"46":0.053544,"47":0.053544,"48":0.147246,"49":3.3465,"50":0.073623,"51":0.46851,"52":0.073623,"53":0.655914,"54":0.368115,"55":0.749616,"56":0.729537,"57":10.280448,"58":34.53588,"59":0.321264,"60":0.046851,"61":null},"firefox":{"2":null,"3":0.040158,"3.5":null,"3.6":0.020079,"4":null,"5":null,"6":null,"7":null,"8":null,"9":null,"10":null,"11":null,"12":0.013386,"13":null,"14":null,"15":null,"16":null,"17":null,"18":null,"19":null,"20":null,"21":null,"22":null,"23":null,"24":null,"25":null,"26":null,"27":null,"28":null,"29":null,"30":null,"31":null,"32":null,"33":0.006693,"34":0.006693,"35":0.006693,"36":null,"37":0.006693,"38":0.020079,"39":0.013386,"40":0.006693,"41":0.006693,"42":0.006693,"43":0.080316,"44":0.046851,"45":0.060237,"46":0.020079,"47":0.140553,"48":0.234255,"49":0.06693,"50":0.107088,"51":0.093702,"52":0.515361,"53":3.607527,"54":0.060237,"55":0.026772,"56":null},"opera":{"9":null,"9.5-9.6":null,"10.0-10.1":0,"10.5":null,"10.6":null,"11":null,"11.1":null,"11.5":null,"11.6":null,"12":null,"12.1":0.006693,"15":null,"16":null,"17":null,"18":null,"19":null,"20":null,"21":null,"22":null,"23":null,"24":null,"25":null,"26":null,"27":null,"28":null,"29":null,"30":null,"31":null,"32":null,"33":null,"34":null,"35":null,"36":0.120474,"37":null,"38":0.013386,"39":null,"40":0.013386,"41":0.026772,"42":0.053544,"43":0.475203,"44":0.568905,"45":0.649221,"46":0.013386},"safari":{"3.1":null,"3.2":null,"4":0.033465,"5":0.013386,"5.1":0.040158,"6":0.013386,"6.1":null,"7":0.033465,"7.1":null,"8":0.13386,"9":0.053544,"9.1":0.187404,"10":0.274413,"10.1":0.414966,"0":null},"ios_saf":{"3.2":0,"4.0-4.1":0,"4.2-4.3":0,"5.0-5.1":0,"6.0-6.1":0,"7.0-7.1":0.0184101030928,"8":0,"8.1-8.4":0.0204556701031,"9.0-9.2":0.0946074742268,"9.3":0.0652876804124,"10.0-10.2":0.399396958763,"10.3":1.0884121134},"android":{"2.1":0,"2.2":0,"2.3":0,"3":0,"4":0,"4.1":0.192776751523,"4.2-4.3":0.567418362972,"4.4":1.41854590743,"4.4.3-4.4.4":0.807479978076,"56":null},"op_mob":{"10":0,"11":0,"11.1":0,"11.5":0,"12":0,"12.1":0,"0":0.0108375742794},"ie":{"5.5":null,"6":0.0331517106383,"7":0.0331517106383,"8":0.729337634043,"9":0.165758553191,"10":0.290077468085,"11":0.696185923404},"edge":{"12":0.060237,"13":0.073623,"14":0.414966,"15":null},"bb":{"7":0.009921,"10":null},"samsung":{"4":2.252067,"5":null},"ie_mob":{"10":0.104034329412,"11":0.527602670588},"op_mini":{"0":2.43303542572},"and_chr":{"0":22.727159},"baidu":{"0":null},"and_ff":{"0":0.105824},"and_qq":{"1.2":null},"and_uc":{"0":0.638251}},"total":97.339436}