{"id":"TO","name":"Tonga","month":"2017-05","access_date":"2017-06-04","data":{"chrome":{"4":null,"5":null,"6":null,"7":null,"8":null,"9":null,"10":null,"11":null,"12":null,"13":null,"14":null,"15":null,"16":null,"17":null,"18":null,"19":null,"20":null,"21":0.028812,"22":0.007203,"23":null,"24":null,"25":null,"26":null,"27":null,"28":null,"29":0.007203,"30":null,"31":null,"32":null,"33":null,"34":null,"35":0.014406,"36":null,"37":null,"38":null,"39":0.014406,"40":0.014406,"41":0.014406,"42":0.028812,"43":0.050421,"44":null,"45":0.201684,"46":null,"47":0.014406,"48":null,"49":0.252105,"50":0.028812,"51":0.043218,"52":0.014406,"53":0.007203,"54":0.050421,"55":0.115248,"56":0.165669,"57":3.947244,"58":15.1263,"59":0.036015,"60":0.165669,"61":null},"firefox":{"2":null,"3":null,"3.5":null,"3.6":0.007203,"4":null,"5":null,"6":null,"7":null,"8":null,"9":null,"10":null,"11":null,"12":0.028812,"13":null,"14":null,"15":null,"16":0.115248,"17":null,"18":0.014406,"19":null,"20":null,"21":null,"22":null,"23":null,"24":null,"25":null,"26":0.014406,"27":null,"28":null,"29":0.028812,"30":0.007203,"31":0.007203,"32":0.079233,"33":null,"34":null,"35":0.036015,"36":null,"37":0.007203,"38":0.021609,"39":0.028812,"40":null,"41":0.007203,"42":0.014406,"43":0.086436,"44":0.158466,"45":null,"46":null,"47":0.187278,"48":1.00842,"49":0.043218,"50":0.244902,"51":0.07203,"52":0.381759,"53":34.869723,"54":1.707111,"55":0.014406,"56":null},"opera":{"9":null,"9.5-9.6":null,"10.0-10.1":0,"10.5":null,"10.6":null,"11":null,"11.1":null,"11.5":null,"11.6":null,"12":null,"12.1":null,"15":null,"16":null,"17":null,"18":null,"19":null,"20":null,"21":null,"22":null,"23":null,"24":null,"25":null,"26":null,"27":null,"28":null,"29":null,"30":null,"31":null,"32":null,"33":null,"34":null,"35":null,"36":null,"37":null,"38":null,"39":null,"40":null,"41":null,"42":null,"43":0.043218,"44":0.036015,"45":0.043218,"46":null},"safari":{"3.1":null,"3.2":null,"4":0,"5":null,"5.1":0.028812,"6":null,"6.1":null,"7":0.014406,"7.1":null,"8":0.021609,"9":0.036015,"9.1":0.468195,"10":0.093639,"10.1":0.237699,"0":null},"ios_saf":{"3.2":0,"4.0-4.1":0,"4.2-4.3":0,"5.0-5.1":0,"6.0-6.1":0,"7.0-7.1":0.0417667240752,"8":0,"8.1-8.4":0.0464074711947,"9.0-9.2":0.214634554275,"9.3":0.148117178896,"10.0-10.2":0.906105875076,"10.3":2.46926419648},"android":{"2.1":0,"2.2":0,"2.3":0,"3":0,"4":0,"4.1":0.208548544458,"4.2-4.3":0.613840998782,"4.4":1.53460249695,"4.4.3-4.4.4":0.873542959805,"56":null},"op_mob":{"10":0,"11":0,"11.1":0,"11.5":0,"12":0,"12.1":0,"0":0.00147602217295},"ie":{"5.5":null,"6":null,"7":0.0217610570758,"8":1.18960445348,"9":0.0435221141517,"10":0.174088456607,"11":7.84848791869},"edge":{"12":0.093639,"13":0.237699,"14":0.79233,"15":null},"bb":{"7":0.0013985,"10":null},"samsung":{"4":1.541147,"5":null},"ie_mob":{"10":0.199014776471,"11":1.00928922353},"op_mini":{"0":0.331366977827},"and_chr":{"0":17.256135},"baidu":{"0":null},"and_ff":{"0":0.025173},"and_qq":{"1.2":null},"and_uc":{"0":0.788754}},"total":99.1745415}