{"id":"TR","name":"Turkey","month":"2017-05","access_date":"2017-06-04","data":{"chrome":{"4":null,"5":null,"6":null,"7":null,"8":null,"9":null,"10":null,"11":0.023849,"12":null,"13":null,"14":null,"15":0.003407,"16":0.006814,"17":null,"18":0.003407,"19":null,"20":null,"21":0.003407,"22":0.149908,"23":0.003407,"24":null,"25":0.003407,"26":0.051105,"27":0.003407,"28":0.003407,"29":0.010221,"30":0.003407,"31":0.013628,"32":0.003407,"33":0.010221,"34":0.081768,"35":0.013628,"36":0.006814,"37":0.010221,"38":0.057919,"39":0.023849,"40":0.017035,"41":0.010221,"42":0.017035,"43":0.044291,"44":0.047698,"45":0.030663,"46":0.054512,"47":0.061326,"48":0.091989,"49":1.539964,"50":0.051105,"51":0.115838,"52":0.057919,"53":0.091989,"54":0.146501,"55":0.371363,"56":0.558748,"57":5.832784,"58":17.324595,"59":0.044291,"60":0.013628,"61":null},"firefox":{"2":null,"3":null,"3.5":null,"3.6":null,"4":null,"5":null,"6":null,"7":null,"8":null,"9":null,"10":null,"11":null,"12":null,"13":null,"14":null,"15":null,"16":null,"17":null,"18":null,"19":null,"20":null,"21":null,"22":null,"23":null,"24":null,"25":null,"26":null,"27":null,"28":null,"29":null,"30":null,"31":null,"32":null,"33":null,"34":0.003407,"35":null,"36":null,"37":0.003407,"38":0.006814,"39":0.006814,"40":0.003407,"41":0.003407,"42":0.010221,"43":0.017035,"44":0.013628,"45":0.013628,"46":0.006814,"47":0.030663,"48":0.030663,"49":0.017035,"50":0.030663,"51":0.023849,"52":0.139687,"53":1.05617,"54":0.010221,"55":null,"56":null},"opera":{"9":null,"9.5-9.6":null,"10.0-10.1":0,"10.5":null,"10.6":null,"11":null,"11.1":null,"11.5":null,"11.6":null,"12":null,"12.1":0.006814,"15":null,"16":null,"17":null,"18":null,"19":null,"20":null,"21":null,"22":null,"23":null,"24":null,"25":0.003407,"26":null,"27":null,"28":null,"29":null,"30":null,"31":0.017035,"32":null,"33":null,"34":null,"35":null,"36":0.010221,"37":null,"38":null,"39":null,"40":null,"41":0.003407,"42":0.010221,"43":0.109024,"44":0.126059,"45":0.163536,"46":0.006814},"safari":{"3.1":null,"3.2":null,"4":0,"5":null,"5.1":0.006814,"6":null,"6.1":0.003407,"7":0.003407,"7.1":null,"8":0.017035,"9":0.013628,"9.1":0.051105,"10":0.078361,"10.1":0.197606,"0":null},"ios_saf":{"3.2":0,"4.0-4.1":0,"4.2-4.3":0,"5.0-5.1":0,"6.0-6.1":0,"7.0-7.1":0.109406816252,"8":0,"8.1-8.4":0.121563129169,"9.0-9.2":0.562229472408,"9.3":0.387988987265,"10.0-10.2":2.37352009703,"10.3":6.46817149788},"android":{"2.1":0,"2.2":0,"2.3":0,"3":0,"4":0,"4.1":0.272434202192,"4.2-4.3":0.80188180268,"4.4":2.0047045067,"4.4.3-4.4.4":1.14113948843,"56":null},"op_mob":{"10":0,"11":0,"11.1":0,"11.5":0,"12":0,"12.1":0,"0":0.00307037694013},"ie":{"5.5":null,"6":null,"7":0.0034422795858,"8":0.141133463018,"9":0.134248903846,"10":0.13080662426,"11":1.9139074497},"edge":{"12":0.027256,"13":0.06814,"14":0.640516,"15":null},"bb":{"7":0.0049455,"10":null},"samsung":{"4":6.884136,"5":null},"ie_mob":{"10":0.0597338823529,"11":0.302936117647},"op_mini":{"0":0.68929962306},"and_chr":{"0":43.234884},"baidu":{"0":null},"and_ff":{"0":0.013188},"and_qq":{"1.2":null},"and_uc":{"0":0.217602}},"total":97.9818232204}