{"id":"TT","name":"Trinidad and Tobago","month":"2017-05","access_date":"2017-06-04","data":{"chrome":{"4":null,"5":null,"6":null,"7":null,"8":null,"9":null,"10":null,"11":0.016518,"12":0.005506,"13":null,"14":null,"15":null,"16":null,"17":null,"18":null,"19":null,"20":null,"21":null,"22":0.071578,"23":null,"24":null,"25":null,"26":0.016518,"27":null,"28":null,"29":null,"30":null,"31":0.011012,"32":null,"33":0.005506,"34":0.071578,"35":0.016518,"36":0.19271,"37":0.005506,"38":0.038542,"39":0.071578,"40":0.016518,"41":0.011012,"42":null,"43":0.038542,"44":0.044048,"45":0.02753,"46":0.011012,"47":0.033036,"48":0.016518,"49":0.958044,"50":0.033036,"51":0.176192,"52":0.02753,"53":0.093602,"54":0.13765,"55":0.46801,"56":0.38542,"57":8.903202,"58":24.578784,"59":0.104614,"60":0.126638,"61":null},"firefox":{"2":null,"3":null,"3.5":null,"3.6":null,"4":null,"5":null,"6":null,"7":null,"8":null,"9":null,"10":null,"11":null,"12":null,"13":null,"14":null,"15":null,"16":null,"17":null,"18":null,"19":null,"20":null,"21":null,"22":null,"23":null,"24":null,"25":null,"26":null,"27":null,"28":null,"29":null,"30":null,"31":null,"32":null,"33":null,"34":null,"35":null,"36":null,"37":0.005506,"38":0.011012,"39":null,"40":null,"41":null,"42":null,"43":0.044048,"44":0.005506,"45":0.049554,"46":0.011012,"47":0.049554,"48":0.236758,"49":0.02753,"50":0.038542,"51":0.060566,"52":0.390926,"53":4.04691,"54":0.121132,"55":null,"56":null},"opera":{"9":null,"9.5-9.6":null,"10.0-10.1":0,"10.5":null,"10.6":null,"11":null,"11.1":null,"11.5":null,"11.6":null,"12":null,"12.1":0.011012,"15":null,"16":null,"17":null,"18":null,"19":null,"20":null,"21":null,"22":null,"23":null,"24":null,"25":null,"26":null,"27":null,"28":null,"29":0.005506,"30":null,"31":null,"32":null,"33":null,"34":null,"35":null,"36":0.005506,"37":0.016518,"38":0.016518,"39":null,"40":null,"41":0.049554,"42":0.011012,"43":0.181698,"44":0.126638,"45":0.269794,"46":null},"safari":{"3.1":null,"3.2":null,"4":0,"5":0.038542,"5.1":0.060566,"6":null,"6.1":0.016518,"7":0.022024,"7.1":0.005506,"8":0.060566,"9":0.02753,"9.1":0.286312,"10":0.52307,"10.1":1.772932,"0":null},"ios_saf":{"3.2":0,"4.0-4.1":0,"4.2-4.3":0,"5.0-5.1":0,"6.0-6.1":0,"7.0-7.1":0.0747925106125,"8":0,"8.1-8.4":0.0831027895694,"9.0-9.2":0.384350401759,"9.3":0.265236403376,"10.0-10.2":1.62258196634,"10.3":4.42176092834},"android":{"2.1":0,"2.2":0,"2.3":0,"3":0,"4":0,"4.1":0.125880616322,"4.2-4.3":0.37051653106,"4.4":0.926291327649,"4.4.3-4.4.4":0.52727352497,"56":null},"op_mob":{"10":0,"11":0,"11.1":0,"11.5":0,"12":0,"12.1":0,"0":0.00528002217295},"ie":{"5.5":null,"6":null,"7":0.088096,"8":0.093602,"9":0.132144,"10":0.16518,"11":3.160444},"edge":{"12":0.093602,"13":0.214734,"14":2.604338,"15":null},"bb":{"7":0.0247115,"10":null},"samsung":{"4":4.955779,"5":null},"ie_mob":{"10":0.0562417882353,"11":0.285226211765},"op_mini":{"0":1.18536497783},"and_chr":{"0":30.423256},"baidu":{"0":null},"and_ff":{"0":0.035944},"and_qq":{"1.2":null},"and_uc":{"0":0.40437}},"total":98.0499865}