{"id":"TV","name":"Tuvalu","month":"2017-05","access_date":"2017-06-04","data":{"chrome":{"4":null,"5":null,"6":null,"7":null,"8":null,"9":null,"10":null,"11":null,"12":null,"13":null,"14":null,"15":null,"16":null,"17":null,"18":null,"19":null,"20":0.227043,"21":null,"22":null,"23":null,"24":null,"25":null,"26":null,"27":null,"28":null,"29":null,"30":null,"31":null,"32":null,"33":null,"34":null,"35":null,"36":null,"37":null,"38":null,"39":0.075681,"40":0.302724,"41":null,"42":null,"43":null,"44":null,"45":null,"46":null,"47":null,"48":0.75681,"49":null,"50":0.378405,"51":null,"52":null,"53":null,"54":0.302724,"55":null,"56":null,"57":5.356533,"58":49.545828,"59":0.302724,"60":null,"61":null},"firefox":{"2":null,"3":null,"3.5":null,"3.6":null,"4":null,"5":null,"6":null,"7":null,"8":null,"9":null,"10":null,"11":null,"12":null,"13":null,"14":null,"15":null,"16":null,"17":null,"18":null,"19":null,"20":null,"21":null,"22":null,"23":null,"24":null,"25":null,"26":null,"27":null,"28":null,"29":null,"30":null,"31":null,"32":0.075681,"33":null,"34":null,"35":null,"36":null,"37":null,"38":null,"39":null,"40":0.302724,"41":null,"42":null,"43":null,"44":0.075681,"45":0.075681,"46":null,"47":0.378405,"48":null,"49":null,"50":null,"51":0.075681,"52":0.302724,"53":8.148321,"54":null,"55":null,"56":null},"opera":{"9":null,"9.5-9.6":null,"10.0-10.1":0,"10.5":null,"10.6":null,"11":null,"11.1":null,"11.5":null,"11.6":null,"12":null,"12.1":null,"15":null,"16":null,"17":null,"18":null,"19":null,"20":null,"21":null,"22":null,"23":null,"24":null,"25":null,"26":null,"27":null,"28":null,"29":null,"30":null,"31":null,"32":null,"33":null,"34":null,"35":null,"36":null,"37":null,"38":null,"39":null,"40":null,"41":null,"42":null,"43":null,"44":null,"45":null,"46":null},"safari":{"3.1":null,"3.2":null,"4":0,"5":null,"5.1":null,"6":null,"6.1":null,"7":null,"7.1":null,"8":0.378405,"9":0.227043,"9.1":null,"10":0.151362,"10.1":0.227043,"0":null},"ios_saf":{"3.2":0,"4.0-4.1":0,"4.2-4.3":0,"5.0-5.1":0,"6.0-6.1":0,"7.0-7.1":0.000938401455428,"8":0,"8.1-8.4":0.00104266828381,"9.0-9.2":0.00482234081261,"9.3":0.00332784960582,"10.0-10.2":0.0203580982414,"10.3":0.055478641601},"android":{"2.1":0,"2.2":0,"2.3":0,"3":0,"4":0,"4.1":0.0220960292326,"4.2-4.3":0.0650373690621,"4.4":0.162593422655,"4.4.3-4.4.4":0.0925531790499,"56":null},"op_mob":{"10":0,"11":0,"11.1":0,"11.5":0,"12":0,"12.1":0,"0":0},"ie":{"5.5":null,"6":null,"7":null,"8":null,"9":null,"10":null,"11":15.085746},"edge":{"12":0.529767,"13":0.454086,"14":0.075681,"15":null},"bb":{"7":0,"10":null},"samsung":{"4":null,"5":null},"ie_mob":{"10":0,"11":0},"op_mini":{"0":0},"and_chr":{"0":14.112345},"baidu":{"0":null},"and_ff":{"0":null},"and_qq":{"1.2":null},"and_uc":{"0":1.455088}},"total":99.808184}