{"id":"TW","name":"Taiwan","month":"2017-05","access_date":"2017-06-04","data":{"chrome":{"4":null,"5":null,"6":null,"7":null,"8":null,"9":null,"10":null,"11":0.032088,"12":null,"13":null,"14":null,"15":null,"16":null,"17":null,"18":null,"19":null,"20":null,"21":null,"22":0.005348,"23":null,"24":null,"25":null,"26":0.005348,"27":0.010696,"28":0.005348,"29":0.016044,"30":0.010696,"31":0.02674,"32":0.010696,"33":0.032088,"34":0.021392,"35":0.010696,"36":0.02674,"37":0.016044,"38":0.08022,"39":0.02674,"40":0.010696,"41":0.042784,"42":0.010696,"43":0.069524,"44":0.037436,"45":0.16044,"46":0.048132,"47":0.08022,"48":0.058828,"49":2.03224,"50":0.117656,"51":0.203224,"52":0.064176,"53":0.085568,"54":0.128352,"55":0.304836,"56":0.61502,"57":8.374968,"58":25.408348,"59":0.069524,"60":0.058828,"61":null},"firefox":{"2":null,"3":null,"3.5":null,"3.6":null,"4":null,"5":null,"6":null,"7":null,"8":null,"9":null,"10":null,"11":null,"12":null,"13":null,"14":null,"15":null,"16":null,"17":null,"18":null,"19":null,"20":null,"21":0.021392,"22":null,"23":null,"24":null,"25":null,"26":null,"27":null,"28":0.005348,"29":0.005348,"30":null,"31":0.005348,"32":null,"33":null,"34":0.010696,"35":0.005348,"36":0.010696,"37":0.016044,"38":0.016044,"39":0.005348,"40":0.010696,"41":0.010696,"42":0.010696,"43":0.02674,"44":0.016044,"45":0.058828,"46":0.016044,"47":0.235312,"48":0.074872,"49":0.02674,"50":0.05348,"51":0.058828,"52":0.518756,"53":2.631216,"54":0.032088,"55":null,"56":null},"opera":{"9":null,"9.5-9.6":null,"10.0-10.1":0,"10.5":null,"10.6":null,"11":null,"11.1":null,"11.5":null,"11.6":null,"12":null,"12.1":0.010696,"15":null,"16":null,"17":null,"18":null,"19":null,"20":null,"21":null,"22":null,"23":null,"24":null,"25":null,"26":null,"27":null,"28":0.021392,"29":null,"30":null,"31":null,"32":0.005348,"33":null,"34":null,"35":null,"36":0.010696,"37":null,"38":0.010696,"39":null,"40":null,"41":null,"42":null,"43":0.096264,"44":0.069524,"45":0.096264,"46":null},"safari":{"3.1":null,"3.2":null,"4":0.005348,"5":0.010696,"5.1":0.021392,"6":0.005348,"6.1":0.016044,"7":0.016044,"7.1":null,"8":0.069524,"9":0.069524,"9.1":0.235312,"10":0.34762,"10.1":1.000076,"0":null},"ios_saf":{"3.2":0,"4.0-4.1":0,"4.2-4.3":0,"5.0-5.1":0,"6.0-6.1":0,"7.0-7.1":0.147737647059,"8":0,"8.1-8.4":0.164152941176,"9.0-9.2":0.759207352941,"9.3":0.523921470588,"10.0-10.2":3.20508617647,"10.3":8.73430441176},"android":{"2.1":0,"2.2":0,"2.3":0,"3":0,"4":0,"4.1":0.0765630511571,"4.2-4.3":0.225355395859,"4.4":0.563388489647,"4.4.3-4.4.4":0.320698063337,"56":null},"op_mob":{"10":0,"11":0,"11.1":0,"11.5":0,"12":0,"12.1":0,"0":0.00191815077605},"ie":{"5.5":null,"6":0.0216988894515,"7":0.0162741670886,"8":0.81370835443,"9":0.238687783966,"10":0.244112506329,"11":5.08838957637},"edge":{"12":0.032088,"13":0.10696,"14":1.058904,"15":null},"bb":{"7":0.0023255,"10":null},"samsung":{"4":2.967338,"5":null},"ie_mob":{"10":0.0114907058824,"11":0.0582742941176},"op_mini":{"0":0.430624849224},"and_chr":{"0":28.484978},"baidu":{"0":null},"and_ff":{"0":0.023255},"and_qq":{"1.2":null},"and_uc":{"0":0.288362}},"total":98.9286807776}