{"id":"TZ","name":"Tanzania","month":"2017-05","access_date":"2017-06-04","data":{"chrome":{"4":null,"5":null,"6":null,"7":null,"8":null,"9":0.001476,"10":0.002952,"11":0.02214,"12":null,"13":0.004428,"14":null,"15":null,"16":null,"17":null,"18":null,"19":null,"20":0.001476,"21":0.010332,"22":0.004428,"23":0.002952,"24":null,"25":0.002952,"26":0.004428,"27":null,"28":0.004428,"29":0.004428,"30":0.001476,"31":0.016236,"32":null,"33":0.01476,"34":0.002952,"35":null,"36":0.025092,"37":null,"38":0.004428,"39":0.001476,"40":0.005904,"41":0.002952,"42":0.001476,"43":0.072324,"44":0.002952,"45":0.030996,"46":0.005904,"47":0.00738,"48":0.00738,"49":0.129888,"50":0.026568,"51":0.017712,"52":0.010332,"53":0.025092,"54":0.019188,"55":0.20664,"56":0.067896,"57":1.272312,"58":4.419144,"59":0.01476,"60":0.017712,"61":null},"firefox":{"2":null,"3":0.00738,"3.5":0.002952,"3.6":0.008856,"4":0.019188,"5":0.004428,"6":0.016236,"7":0.004428,"8":0.005904,"9":0.002952,"10":0.011808,"11":0.013284,"12":0.0369,"13":0.02214,"14":0.008856,"15":0.01476,"16":0.017712,"17":0.010332,"18":0.011808,"19":0.011808,"20":0.011808,"21":0.013284,"22":0.004428,"23":0.023616,"24":0.005904,"25":0.00738,"26":0.011808,"27":0.005904,"28":0.010332,"29":0.042804,"30":0.02214,"31":0.011808,"32":0.016236,"33":0.017712,"34":0.019188,"35":0.017712,"36":0.017712,"37":0.020664,"38":0.017712,"39":0.017712,"40":0.030996,"41":0.013284,"42":0.01476,"43":0.091512,"44":0.0738,"45":0.039852,"46":0.025092,"47":0.1845,"48":0.094464,"49":0.091512,"50":0.097416,"51":0.067896,"52":0.276012,"53":2.510676,"54":0.447228,"55":null,"56":null},"opera":{"9":null,"9.5-9.6":null,"10.0-10.1":0.002952,"10.5":null,"10.6":0.004428,"11":0.001476,"11.1":0.001476,"11.5":0.002952,"11.6":0.011808,"12":0.001476,"12.1":0.013284,"15":0.001476,"16":null,"17":0.004428,"18":0.001476,"19":0.001476,"20":0.001476,"21":null,"22":0.002952,"23":null,"24":null,"25":null,"26":null,"27":null,"28":0.002952,"29":0.001476,"30":0.00738,"31":null,"32":null,"33":0.001476,"34":0.002952,"35":0.004428,"36":0.030996,"37":0.026568,"38":0.004428,"39":0.002952,"40":0.019188,"41":0.005904,"42":0.057564,"43":0.245016,"44":0.171216,"45":0.202212,"46":null},"safari":{"3.1":null,"3.2":null,"4":0.004428,"5":0.005904,"5.1":0.005904,"6":0.023616,"6.1":0.002952,"7":0.00738,"7.1":0.004428,"8":0.028044,"9":0.038376,"9.1":0.063468,"10":0.123984,"10.1":0.194832,"0":null},"ios_saf":{"3.2":0,"4.0-4.1":0,"4.2-4.3":0,"5.0-5.1":0,"6.0-6.1":0,"7.0-7.1":0.00967673013948,"8":0,"8.1-8.4":0.0107519223772,"9.0-9.2":0.0497276409945,"9.3":0.0343165522539,"10.0-10.2":0.209931284415,"10.3":0.57209186982},"android":{"2.1":0,"2.2":0,"2.3":0,"3":0,"4":0,"4.1":0.280087634592,"4.2-4.3":0.824408886724,"4.4":2.06102221681,"4.4.3-4.4.4":1.17319726188,"56":null},"op_mob":{"10":0,"11":0,"11.1":0,"11.5":0,"12":0,"12.1":0,"0":0.17660367184},"ie":{"5.5":null,"6":0.0045592,"7":0.00151973333333,"8":0.151973333333,"9":0.0136776,"10":0.0395130666667,"11":0.404249066667},"edge":{"12":0.064944,"13":0.045756,"14":0.197784,"15":null},"bb":{"7":0.02131,"10":null},"samsung":{"4":1.568416,"5":null},"ie_mob":{"10":0.110912282353,"11":0.562483717647},"op_mini":{"0":39.6475243282},"and_chr":{"0":15.701016},"baidu":{"0":null},"and_ff":{"0":null},"and_qq":{"1.2":null},"and_uc":{"0":20.8838}},"total":97.268362}