{"id":"UA","name":"Ukraine","month":"2017-05","access_date":"2017-06-04","data":{"chrome":{"4":0.016624,"5":0.016624,"6":0.008312,"7":null,"8":0.008312,"9":0.008312,"10":0.016624,"11":0.066496,"12":0.024936,"13":0.033248,"14":0.033248,"15":0.024936,"16":0.04156,"17":0.04156,"18":0.04156,"19":0.033248,"20":0.024936,"21":0.04156,"22":0.066496,"23":0.04156,"24":0.04156,"25":0.033248,"26":0.04156,"27":0.049872,"28":0.058184,"29":0.024936,"30":0.016624,"31":0.049872,"32":0.016624,"33":0.016624,"34":0.049872,"35":0.024936,"36":0.04156,"37":0.024936,"38":0.024936,"39":0.091432,"40":0.049872,"41":0.108056,"42":0.033248,"43":0.12468,"44":0.033248,"45":0.049872,"46":0.04156,"47":0.091432,"48":0.12468,"49":2.609968,"50":0.08312,"51":0.58184,"52":0.074808,"53":0.199488,"54":0.340792,"55":0.556904,"56":0.8312,"57":9.317752,"58":31.91808,"59":0.132992,"60":0.199488,"61":null},"firefox":{"2":0.016624,"3":0.049872,"3.5":0.08312,"3.6":0.265984,"4":0.016624,"5":0.008312,"6":null,"7":null,"8":null,"9":0.008312,"10":0.016624,"11":0.008312,"12":0.04156,"13":0.008312,"14":0.008312,"15":0.024936,"16":0.066496,"17":0.008312,"18":0.008312,"19":0.008312,"20":0.008312,"21":0.058184,"22":0.016624,"23":0.024936,"24":0.04156,"25":0.024936,"26":null,"27":null,"28":0.016624,"29":0.016624,"30":null,"31":0.024936,"32":0.016624,"33":0.024936,"34":0.033248,"35":0.033248,"36":0.016624,"37":0.049872,"38":0.074808,"39":0.016624,"40":0.024936,"41":0.033248,"42":0.024936,"43":0.108056,"44":0.024936,"45":0.856136,"46":0.058184,"47":0.216112,"48":0.265984,"49":0.141304,"50":0.216112,"51":0.2078,"52":1.629152,"53":6.234,"54":0.091432,"55":null,"56":null},"opera":{"9":null,"9.5-9.6":null,"10.0-10.1":0.049872,"10.5":0.016624,"10.6":0.04156,"11":0.016624,"11.1":0.016624,"11.5":0.033248,"11.6":0.2078,"12":0.116368,"12.1":2.460352,"15":0.008312,"16":0.008312,"17":null,"18":0.016624,"19":0.008312,"20":0.024936,"21":0.008312,"22":null,"23":null,"24":null,"25":0.008312,"26":0.008312,"27":0.058184,"28":0.066496,"29":0.016624,"30":0.024936,"31":0.016624,"32":0.024936,"33":0.024936,"34":0.016624,"35":0.024936,"36":0.698208,"37":0.066496,"38":0.058184,"39":0.04156,"40":0.033248,"41":0.066496,"42":0.199488,"43":2.03644,"44":2.019816,"45":2.684776,"46":0.033248},"safari":{"3.1":null,"3.2":null,"4":0.04156,"5":0.058184,"5.1":0.058184,"6":0.016624,"6.1":0.016624,"7":0.024936,"7.1":null,"8":0.024936,"9":0.058184,"9.1":0.182864,"10":0.37404,"10.1":1.28836,"0":null},"ios_saf":{"3.2":0,"4.0-4.1":0,"4.2-4.3":0,"5.0-5.1":0,"6.0-6.1":0,"7.0-7.1":0.0356721795027,"8":0,"8.1-8.4":0.039635755003,"9.0-9.2":0.183315366889,"9.3":0.126504118051,"10.0-10.2":0.773888116434,"10.3":2.10895246412},"android":{"2.1":0,"2.2":0,"2.3":0,"3":0,"4":0,"4.1":0.0648368818514,"4.2-4.3":0.190840633374,"4.4":0.477101583435,"4.4.3-4.4.4":0.27158090134,"56":null},"op_mob":{"10":0,"11":0,"11.1":0,"11.5":0,"12":0,"12.1":0,"0":0.00577887361419},"ie":{"5.5":null,"6":0.0174850039841,"7":0.0437125099602,"8":0.55952012749,"9":0.174850039841,"10":0.262275059761,"11":1.13652525896},"edge":{"12":0.04156,"13":0.074808,"14":0.573528,"15":null},"bb":{"7":0.016458,"10":null},"samsung":{"4":0.800112,"5":null},"ie_mob":{"10":0.0525464470588,"11":0.266485552941},"op_mini":{"0":1.29735712639},"and_chr":{"0":9.54732},"baidu":{"0":null},"and_ff":{"0":0.021944},"and_qq":{"1.2":null},"and_uc":{"0":0.570544}},"total":93.121786}