{"id":"UG","name":"Uganda","month":"2017-05","access_date":"2017-06-04","data":{"chrome":{"4":null,"5":0.00813,"6":null,"7":0.00271,"8":0.00271,"9":null,"10":null,"11":0.04607,"12":null,"13":0.00271,"14":null,"15":null,"16":null,"17":null,"18":0.00542,"19":0.00542,"20":0.00271,"21":null,"22":null,"23":0.00813,"24":0.00542,"25":0.01084,"26":0.00813,"27":0.00271,"28":0.01084,"29":0.00813,"30":0.00542,"31":0.02168,"32":0.00542,"33":0.01355,"34":0.00271,"35":0.00542,"36":0.00271,"37":null,"38":0.01084,"39":0.00813,"40":0.00813,"41":0.00542,"42":0.00542,"43":0.09756,"44":0.00813,"45":0.02439,"46":0.00542,"47":0.01626,"48":0.01084,"49":0.32791,"50":0.02439,"51":0.02439,"52":0.01897,"53":0.04607,"54":0.04336,"55":0.13279,"56":0.12737,"57":2.56095,"58":7.38475,"59":0.04065,"60":0.04336,"61":null},"firefox":{"2":null,"3":0.02168,"3.5":0.00271,"3.6":0.02168,"4":0.02168,"5":0.01084,"6":0.00542,"7":0.01626,"8":0.02168,"9":0.01626,"10":0.01084,"11":0.01897,"12":0.04065,"13":0.02439,"14":0.03523,"15":0.02439,"16":0.02168,"17":0.04336,"18":0.00813,"19":0.01897,"20":0.04065,"21":0.03794,"22":0.02168,"23":0.01355,"24":0.0271,"25":0.02168,"26":0.01355,"27":0.01084,"28":0.01897,"29":0.06233,"30":0.0542,"31":0.07046,"32":0.03523,"33":0.03794,"34":0.03252,"35":0.06233,"36":0.05149,"37":0.06233,"38":0.0542,"39":0.08943,"40":0.05962,"41":0.07859,"42":0.07588,"43":0.30352,"44":0.21951,"45":0.15176,"46":0.07588,"47":0.50135,"48":0.28726,"49":0.2439,"50":0.24661,"51":0.20867,"52":1.03251,"53":6.08937,"54":1.10026,"55":0.02168,"56":null},"opera":{"9":null,"9.5-9.6":null,"10.0-10.1":0,"10.5":null,"10.6":null,"11":null,"11.1":null,"11.5":null,"11.6":0.01084,"12":null,"12.1":0.00813,"15":null,"16":null,"17":null,"18":null,"19":null,"20":null,"21":null,"22":null,"23":null,"24":null,"25":null,"26":null,"27":null,"28":0.00813,"29":null,"30":null,"31":null,"32":null,"33":null,"34":0.00542,"35":0.00271,"36":0.02168,"37":0.01084,"38":null,"39":0.00542,"40":0.01355,"41":0.00542,"42":0.06775,"43":0.17615,"44":0.10569,"45":0.15718,"46":0.00813},"safari":{"3.1":null,"3.2":null,"4":0,"5":null,"5.1":0.00813,"6":null,"6.1":0.00271,"7":0.0271,"7.1":null,"8":0.01355,"9":0.06233,"9.1":0.06504,"10":0.08672,"10.1":0.15989,"0":null},"ios_saf":{"3.2":0,"4.0-4.1":0,"4.2-4.3":0,"5.0-5.1":0,"6.0-6.1":0,"7.0-7.1":0.0107412189206,"8":0,"8.1-8.4":0.0119346876895,"9.0-9.2":0.055197930564,"9.3":0.0380915448757,"10.0-10.2":0.233024777138,"10.3":0.635024840813},"android":{"2.1":0,"2.2":0,"2.3":0,"3":0,"4":0,"4.1":0.303501175396,"4.2-4.3":0.893324214373,"4.4":2.23331053593,"4.4.3-4.4.4":1.2712690743,"56":null},"op_mob":{"10":0,"11":0,"11.1":0,"11.5":0,"12":0,"12.1":0,"0":0.197982815965},"ie":{"5.5":null,"6":0.00554098214286,"7":0.00277049107143,"8":0.191163883929,"9":0.0304754017857,"10":0.0969671875,"11":0.914262053571},"edge":{"12":0.13008,"13":0.10298,"14":0.22222,"15":null},"bb":{"7":0.0400895,"10":null},"samsung":{"4":1.144373,"5":null},"ie_mob":{"10":0.175279011765,"11":0.888914988235},"op_mini":{"0":44.447142184},"and_chr":{"0":14.098979},"baidu":{"0":null},"and_ff":{"0":0.014578},"and_qq":{"1.2":null},"and_uc":{"0":5.97698}},"total":98.4608085}