{"id":"US","name":"United States of America","month":"2017-05","access_date":"2017-06-04","data":{"chrome":{"4":null,"5":null,"6":null,"7":null,"8":null,"9":null,"10":0.005239,"11":0.010478,"12":null,"13":null,"14":null,"15":null,"16":null,"17":null,"18":0.005239,"19":null,"20":null,"21":0.010478,"22":0.005239,"23":0.005239,"24":null,"25":0.015717,"26":null,"27":0.005239,"28":null,"29":0.015717,"30":null,"31":0.015717,"32":0.010478,"33":0.010478,"34":0.026195,"35":0.010478,"36":0.020956,"37":0.031434,"38":0.036673,"39":0.026195,"40":0.041912,"41":0.094302,"42":0.094302,"43":0.15717,"44":0.026195,"45":0.078585,"46":0.036673,"47":0.047151,"48":0.068107,"49":0.759655,"50":0.120497,"51":0.324818,"52":0.120497,"53":0.130975,"54":0.240994,"55":0.413881,"56":0.817284,"57":7.533682,"58":17.178681,"59":0.073346,"60":0.05239,"61":null},"firefox":{"2":null,"3":0.010478,"3.5":null,"3.6":0.010478,"4":null,"5":null,"6":null,"7":null,"8":null,"9":null,"10":0.005239,"11":0.010478,"12":null,"13":null,"14":null,"15":null,"16":0.005239,"17":null,"18":null,"19":null,"20":null,"21":0.005239,"22":null,"23":null,"24":0.010478,"25":null,"26":null,"27":null,"28":0.005239,"29":0.010478,"30":null,"31":0.020956,"32":null,"33":0.010478,"34":null,"35":0.015717,"36":0.026195,"37":0.010478,"38":0.05239,"39":0.010478,"40":0.010478,"41":0.020956,"42":0.010478,"43":0.031434,"44":0.015717,"45":0.235755,"46":0.05239,"47":0.130975,"48":0.214799,"49":0.10478,"50":0.162409,"51":0.167648,"52":0.754416,"53":4.212156,"54":0.041912,"55":null,"56":null},"opera":{"9":null,"9.5-9.6":null,"10.0-10.1":0,"10.5":null,"10.6":null,"11":null,"11.1":null,"11.5":null,"11.6":null,"12":null,"12.1":0.015717,"15":null,"16":null,"17":null,"18":null,"19":null,"20":null,"21":null,"22":null,"23":null,"24":null,"25":null,"26":null,"27":null,"28":0.010478,"29":null,"30":null,"31":null,"32":null,"33":null,"34":null,"35":null,"36":0.010478,"37":null,"38":0.005239,"39":null,"40":null,"41":null,"42":0.005239,"43":0.099541,"44":0.089063,"45":0.120497,"46":null},"safari":{"3.1":null,"3.2":null,"4":0.015717,"5":0.036673,"5.1":0.094302,"6":0.005239,"6.1":0.041912,"7":0.026195,"7.1":0.010478,"8":0.125736,"9":0.141453,"9.1":0.675831,"10":0.937781,"10.1":2.787148,"0":null},"ios_saf":{"3.2":0,"4.0-4.1":0,"4.2-4.3":0,"5.0-5.1":0,"6.0-6.1":0,"7.0-7.1":0.26634460279,"8":0,"8.1-8.4":0.295938447544,"9.0-9.2":1.36871531989,"9.3":0.944536878411,"10.0-10.2":5.7781981883,"10.3":15.7463915631},"android":{"2.1":0,"2.2":0,"2.3":0,"3":0,"4":0,"4.1":0.0368818026797,"4.2-4.3":0.108557758831,"4.4":0.271394397077,"4.4.3-4.4.4":0.154486041413,"56":null},"op_mob":{"10":0,"11":0,"11.1":0,"11.5":0,"12":0,"12.1":0,"0":0.000570053215078},"ie":{"5.5":null,"6":0.0478113781513,"7":0.0478113781513,"8":0.456864280112,"9":0.297493019608,"10":0.217807389356,"11":6.50234742857},"edge":{"12":0.05239,"13":0.15717,"14":2.703324,"15":null},"bb":{"7":0.01071225,"10":null},"samsung":{"4":3.027996,"5":null},"ie_mob":{"10":0.0219566117647,"11":0.111351388235},"op_mini":{"0":0.127976946785},"and_chr":{"0":18.99985},"baidu":{"0":null},"and_ff":{"0":0.061893},"and_qq":{"1.2":null},"and_uc":{"0":0.447534}},"total":98.5836481239}