{"id":"UY","name":"Uruguay","month":"2017-05","access_date":"2017-06-04","data":{"chrome":{"4":null,"5":0.052497,"6":null,"7":null,"8":null,"9":null,"10":null,"11":0.011666,"12":null,"13":null,"14":null,"15":null,"16":null,"17":null,"18":null,"19":null,"20":null,"21":null,"22":0.017499,"23":null,"24":null,"25":null,"26":0.017499,"27":0.029165,"28":null,"29":0.017499,"30":null,"31":0.023332,"32":null,"33":null,"34":0.023332,"35":0.011666,"36":0.192489,"37":0.011666,"38":0.029165,"39":0.046664,"40":0.011666,"41":0.011666,"42":0.029165,"43":0.05833,"44":0.034998,"45":0.017499,"46":0.478306,"47":0.040831,"48":1.989053,"49":2.140711,"50":0.256652,"51":0.128326,"52":0.046664,"53":0.081662,"54":0.139992,"55":0.297483,"56":0.396644,"57":8.877826,"58":27.852575,"59":0.087495,"60":0.046664,"61":null},"firefox":{"2":null,"3":0.029165,"3.5":null,"3.6":0.052497,"4":null,"5":null,"6":null,"7":null,"8":null,"9":null,"10":null,"11":null,"12":0.011666,"13":null,"14":null,"15":null,"16":0.011666,"17":0.075829,"18":null,"19":null,"20":0.034998,"21":null,"22":null,"23":null,"24":null,"25":0.367479,"26":null,"27":0.134159,"28":0.011666,"29":0.005833,"30":0.011666,"31":null,"32":0.005833,"33":0.355813,"34":0.005833,"35":0.046664,"36":0.005833,"37":0.011666,"38":0.11666,"39":0.011666,"40":0.093328,"41":0.011666,"42":0.011666,"43":0.128326,"44":0.011666,"45":0.17499,"46":0.023332,"47":0.122493,"48":0.145825,"49":0.052497,"50":0.087495,"51":0.075829,"52":0.787455,"53":4.077267,"54":0.029165,"55":null,"56":null},"opera":{"9":null,"9.5-9.6":null,"10.0-10.1":0,"10.5":null,"10.6":null,"11":null,"11.1":null,"11.5":null,"11.6":null,"12":null,"12.1":0.046664,"15":null,"16":null,"17":null,"18":null,"19":null,"20":null,"21":null,"22":null,"23":null,"24":null,"25":null,"26":null,"27":null,"28":null,"29":null,"30":null,"31":null,"32":null,"33":null,"34":null,"35":null,"36":0.017499,"37":null,"38":null,"39":null,"40":null,"41":0.017499,"42":0.011666,"43":0.215821,"44":0.239153,"45":0.338314,"46":null},"safari":{"3.1":null,"3.2":null,"4":0.011666,"5":null,"5.1":0.005833,"6":null,"6.1":0.023332,"7":null,"7.1":null,"8":0.093328,"9":0.046664,"9.1":0.192489,"10":0.274151,"10.1":0.939113,"0":null},"ios_saf":{"3.2":0,"4.0-4.1":0,"4.2-4.3":0,"5.0-5.1":0,"6.0-6.1":0,"7.0-7.1":0.0440302049727,"8":0,"8.1-8.4":0.0489224499697,"9.0-9.2":0.22626633111,"9.3":0.15614415282,"10.0-10.2":0.955210835658,"10.3":2.60308202547},"android":{"2.1":0,"2.2":0,"2.3":0,"3":0,"4":0,"4.1":0.0965718745432,"4.2-4.3":0.284249291108,"4.4":0.710623227771,"4.4.3-4.4.4":0.404508606577,"56":null},"op_mob":{"10":0,"11":0,"11.1":0,"11.5":0,"12":0,"12.1":0,"0":0.00330772949002},"ie":{"5.5":null,"6":0.00624816014235,"7":null,"8":0.331152487544,"9":0.0874742419929,"10":0.118715042705,"11":1.21214306762},"edge":{"12":0.05833,"13":0.087495,"14":0.764123,"15":null},"bb":{"7":0.00937575,"10":null},"samsung":{"4":2.371023,"5":null},"ie_mob":{"10":0.262177835294,"11":1.32961616471},"op_mini":{"0":0.74258527051},"and_chr":{"0":31.8091},"baidu":{"0":null},"and_ff":{"0":0.050004},"and_qq":{"1.2":null},"and_uc":{"0":0.195849}},"total":98.08945975}