{"id":"UZ","name":"Uzbekistan","month":"2017-05","access_date":"2017-06-04","data":{"chrome":{"4":0.015219,"5":0.010146,"6":0.010146,"7":0.030438,"8":0.020292,"9":0.005073,"10":0.010146,"11":0.045657,"12":0.091314,"13":0.076095,"14":0.020292,"15":0.015219,"16":0.258723,"17":0.035511,"18":0.035511,"19":0.015219,"20":0.020292,"21":0.015219,"22":0.065949,"23":0.025365,"24":0.035511,"25":0.005073,"26":0.025365,"27":0.020292,"28":0.015219,"29":0.010146,"30":0.020292,"31":0.045657,"32":0.020292,"33":0.030438,"34":0.020292,"35":0.055803,"36":0.010146,"37":0.015219,"38":0.030438,"39":0.126825,"40":0.055803,"41":0.020292,"42":0.020292,"43":0.055803,"44":0.015219,"45":0.10146,"46":0.05073,"47":0.040584,"48":0.096387,"49":2.135733,"50":0.040584,"51":0.10146,"52":0.05073,"53":0.091314,"54":0.258723,"55":0.481935,"56":0.471789,"57":6.660849,"58":20.718132,"59":0.086241,"60":0.126825,"61":null},"firefox":{"2":0.015219,"3":0.030438,"3.5":0.030438,"3.6":0.10146,"4":0.010146,"5":0.010146,"6":0.005073,"7":null,"8":null,"9":0.010146,"10":null,"11":0.035511,"12":0.020292,"13":0.010146,"14":null,"15":null,"16":null,"17":0.005073,"18":null,"19":null,"20":0.005073,"21":0.005073,"22":0.015219,"23":0.010146,"24":0.005073,"25":0.005073,"26":0.010146,"27":0.005073,"28":0.015219,"29":null,"30":0.055803,"31":null,"32":0.005073,"33":0.025365,"34":null,"35":0.010146,"36":0.020292,"37":0.020292,"38":0.025365,"39":0.025365,"40":0.05073,"41":0.010146,"42":0.030438,"43":0.329745,"44":0.015219,"45":0.10146,"46":0.035511,"47":0.441351,"48":0.213066,"49":0.111606,"50":0.106533,"51":0.162336,"52":0.877629,"53":2.896683,"54":0.116679,"55":null,"56":null},"opera":{"9":null,"9.5-9.6":0.010146,"10.0-10.1":0.025365,"10.5":0.010146,"10.6":0.025365,"11":0.010146,"11.1":0.071022,"11.5":0.015219,"11.6":0.071022,"12":0.096387,"12.1":0.984162,"15":0.005073,"16":0.005073,"17":0.015219,"18":0.020292,"19":0.005073,"20":0.045657,"21":0.010146,"22":null,"23":0.010146,"24":0.010146,"25":0.020292,"26":0.010146,"27":0.015219,"28":0.005073,"29":0.010146,"30":0.020292,"31":0.005073,"32":0.020292,"33":null,"34":0.010146,"35":0.005073,"36":0.289161,"37":0.010146,"38":0.025365,"39":0.005073,"40":0.025365,"41":0.020292,"42":0.233358,"43":1.039965,"44":1.121133,"45":1.308834,"46":0.020292},"safari":{"3.1":null,"3.2":0.010146,"4":0.015219,"5":0.015219,"5.1":0.015219,"6":0.005073,"6.1":null,"7":0.010146,"7.1":null,"8":0.015219,"9":0.020292,"9.1":0.055803,"10":0.126825,"10.1":0.299307,"0":null},"ios_saf":{"3.2":0,"4.0-4.1":0,"4.2-4.3":0,"5.0-5.1":0,"6.0-6.1":0,"7.0-7.1":0.0472203201941,"8":0,"8.1-8.4":0.0524670224378,"9.0-9.2":0.242659978775,"9.3":0.167457246614,"10.0-10.2":1.0244186131,"10.3":2.79168281888},"android":{"2.1":0,"2.2":0,"2.3":0,"3":0,"4":0,"4.1":0.315520038977,"4.2-4.3":0.928700492083,"4.4":2.32175123021,"4.4.3-4.4.4":1.32161223873,"56":null},"op_mob":{"10":0,"11":0,"11.1":0,"11.5":0,"12":0,"12.1":0,"0":0.0155784966741},"ie":{"5.5":null,"6":0.0157393076923,"7":0.00524643589744,"8":0.362004076923,"9":0.0682036666667,"10":0.136407333333,"11":0.640065179487},"edge":{"12":0.045657,"13":0.035511,"14":0.172482,"15":null},"bb":{"7":0.004927,"10":null},"samsung":{"4":3.705104,"5":null},"ie_mob":{"10":0.0413868,"11":0.2098902},"op_mini":{"0":3.49737250333},"and_chr":{"0":14.380819},"baidu":{"0":null},"and_ff":{"0":0.014781},"and_qq":{"1.2":null},"and_uc":{"0":16.860194}},"total":94.716603}