{"id":"VA","name":"Holy See (Vatican City State)","month":"2017-05","access_date":"2017-06-04","data":{"chrome":{"4":null,"5":null,"6":null,"7":null,"8":null,"9":0.361329,"10":null,"11":null,"12":null,"13":null,"14":null,"15":null,"16":null,"17":null,"18":null,"19":null,"20":null,"21":null,"22":0.126045,"23":null,"24":null,"25":null,"26":0.08403,"27":null,"28":null,"29":null,"30":null,"31":null,"32":null,"33":null,"34":1.26045,"35":null,"36":null,"37":null,"38":null,"39":0.436956,"40":0.025209,"41":null,"42":null,"43":0.008403,"44":null,"45":null,"46":null,"47":null,"48":null,"49":3.571275,"50":null,"51":null,"52":null,"53":0.058821,"54":null,"55":0.033612,"56":0.050418,"57":10.0836,"58":23.923341,"59":0.285702,"60":0.025209,"61":0.033612},"firefox":{"2":null,"3":null,"3.5":null,"3.6":0.025209,"4":null,"5":null,"6":null,"7":null,"8":null,"9":null,"10":null,"11":null,"12":null,"13":null,"14":null,"15":0.025209,"16":null,"17":null,"18":null,"19":null,"20":null,"21":null,"22":null,"23":null,"24":null,"25":null,"26":null,"27":null,"28":null,"29":null,"30":null,"31":null,"32":null,"33":null,"34":null,"35":0.033612,"36":0.344523,"37":null,"38":0.067224,"39":0.033612,"40":null,"41":null,"42":null,"43":0.210075,"44":0.016806,"45":null,"46":0.016806,"47":0.075627,"48":0.092433,"49":null,"50":0.067224,"51":0.327717,"52":1.336077,"53":13.722099,"54":0.033612,"55":null,"56":null},"opera":{"9":null,"9.5-9.6":null,"10.0-10.1":0,"10.5":null,"10.6":null,"11":null,"11.1":null,"11.5":null,"11.6":null,"12":null,"12.1":null,"15":null,"16":null,"17":null,"18":null,"19":null,"20":null,"21":null,"22":null,"23":null,"24":null,"25":null,"26":null,"27":null,"28":null,"29":null,"30":null,"31":null,"32":null,"33":null,"34":null,"35":null,"36":null,"37":null,"38":null,"39":null,"40":null,"41":0.025209,"42":null,"43":0.016806,"44":null,"45":0.025209,"46":null},"safari":{"3.1":null,"3.2":null,"4":0,"5":null,"5.1":0.067224,"6":0.016806,"6.1":0.025209,"7":null,"7.1":null,"8":null,"9":0.042015,"9.1":0.563001,"10":0.117642,"10.1":2.529303,"0":null},"ios_saf":{"3.2":0,"4.0-4.1":0,"4.2-4.3":0,"5.0-5.1":0,"6.0-6.1":0,"7.0-7.1":0.0542321443299,"8":0,"8.1-8.4":0.0602579381443,"9.0-9.2":0.278692963918,"9.3":0.192323252577,"10.0-10.2":1.17653624227,"10.3":3.20622445876},"android":{"2.1":0,"2.2":0,"2.3":0,"3":0,"4":0,"4.1":0.0172168660171,"4.2-4.3":0.0506760584653,"4.4":0.126690146163,"4.4.3-4.4.4":0.0721159293544,"56":null},"op_mob":{"10":0,"11":0,"11.1":0,"11.5":0,"12":0,"12.1":0,"0":0.000623219512195},"ie":{"5.5":null,"6":null,"7":null,"8":0.201672,"9":1.126002,"10":0.067224,"11":20.898261},"edge":{"12":null,"13":0.193269,"14":0.983151,"15":null},"bb":{"7":0.009582,"10":null},"samsung":{"4":1.271212,"5":null},"ie_mob":{"10":0.0460311764706,"11":0.233443823529},"op_mini":{"0":0.139912780488},"and_chr":{"0":8.910499},"baidu":{"0":null},"and_ff":{"0":null},"and_qq":{"1.2":null},"and_uc":{"0":0.012776}},"total":99.552926}