{"id":"VC","name":"Saint Vincent and the Grenadines","month":"2017-05","access_date":"2017-06-04","data":{"chrome":{"4":null,"5":null,"6":null,"7":null,"8":null,"9":null,"10":null,"11":0.011518,"12":null,"13":null,"14":null,"15":null,"16":null,"17":null,"18":null,"19":null,"20":null,"21":0.011518,"22":0.046072,"23":null,"24":null,"25":null,"26":null,"27":null,"28":0.011518,"29":0.086385,"30":null,"31":null,"32":0.011518,"33":null,"34":0.023036,"35":null,"36":0.011518,"37":0.051831,"38":0.011518,"39":0.023036,"40":null,"41":0.011518,"42":0.046072,"43":0.05759,"44":0.028795,"45":0.011518,"46":0.011518,"47":0.017277,"48":0.011518,"49":0.696839,"50":0.040313,"51":0.05759,"52":0.017277,"53":0.097903,"54":0.109421,"55":0.737152,"56":0.380094,"57":9.496591,"58":26.917566,"59":0.080626,"60":0.109421,"61":null},"firefox":{"2":null,"3":null,"3.5":null,"3.6":null,"4":null,"5":null,"6":null,"7":null,"8":null,"9":null,"10":null,"11":null,"12":null,"13":null,"14":null,"15":null,"16":0.028795,"17":null,"18":null,"19":null,"20":null,"21":null,"22":null,"23":null,"24":null,"25":null,"26":null,"27":null,"28":null,"29":null,"30":null,"31":0.005759,"32":null,"33":null,"34":null,"35":null,"36":null,"37":null,"38":null,"39":0.017277,"40":null,"41":null,"42":null,"43":null,"44":0.011518,"45":0.034554,"46":null,"47":0.046072,"48":0.080626,"49":0.023036,"50":0.126698,"51":0.028795,"52":0.454961,"53":4.198311,"54":0.143975,"55":null,"56":null},"opera":{"9":null,"9.5-9.6":null,"10.0-10.1":0,"10.5":null,"10.6":null,"11":null,"11.1":null,"11.5":null,"11.6":null,"12":null,"12.1":0.005759,"15":null,"16":null,"17":null,"18":null,"19":null,"20":null,"21":null,"22":null,"23":null,"24":null,"25":null,"26":null,"27":null,"28":null,"29":null,"30":null,"31":null,"32":null,"33":null,"34":null,"35":null,"36":0.017277,"37":null,"38":0.011518,"39":null,"40":0.011518,"41":null,"42":0.005759,"43":0.218842,"44":0.167011,"45":0.408889,"46":null},"safari":{"3.1":null,"3.2":null,"4":0,"5":0.011518,"5.1":0.011518,"6":null,"6.1":0.023036,"7":0.011518,"7.1":null,"8":0.05759,"9":0.05759,"9.1":0.259155,"10":0.270673,"10.1":0.944476,"0":null},"ios_saf":{"3.2":0,"4.0-4.1":0,"4.2-4.3":0,"5.0-5.1":0,"6.0-6.1":0,"7.0-7.1":0.0372662765312,"8":0,"8.1-8.4":0.0414069739236,"9.0-9.2":0.191507254397,"9.3":0.132157258439,"10.0-10.2":0.808471165858,"10.3":2.20319607085},"android":{"2.1":0,"2.2":0,"2.3":0,"3":0,"4":0,"4.1":0.197493041413,"4.2-4.3":0.581300272838,"4.4":1.4532506821,"4.4.3-4.4.4":0.827235003654,"56":null},"op_mob":{"10":0,"11":0,"11.1":0,"11.5":0,"12":0,"12.1":0,"0":0.0043068248337},"ie":{"5.5":null,"6":null,"7":null,"8":0.097903,"9":0.040313,"10":0.11518,"11":3.34022},"edge":{"12":0.184288,"13":0.305227,"14":2.914054,"15":null},"bb":{"7":0.07951875,"10":null},"samsung":{"4":2.646384,"5":null},"ie_mob":{"10":0.105476164706,"11":0.534914835294},"op_mini":{"0":0.966882175166},"and_chr":{"0":32.532603},"baidu":{"0":null},"and_ff":{"0":0.059374},"and_qq":{"1.2":null},"and_uc":{"0":0.530125}},"total":97.86014475}