{"id":"VE","name":"Venezuela","month":"2017-05","access_date":"2017-06-04","data":{"chrome":{"4":null,"5":null,"6":0.049413,"7":null,"8":null,"9":null,"10":null,"11":0.035295,"12":0.007059,"13":0.007059,"14":null,"15":null,"16":null,"17":null,"18":0.007059,"19":null,"20":0.021177,"21":0.007059,"22":0.021177,"23":0.007059,"24":0.014118,"25":0.014118,"26":0.014118,"27":0.035295,"28":null,"29":0.021177,"30":0.014118,"31":0.021177,"32":0.007059,"33":0.021177,"34":0.035295,"35":0.021177,"36":0.084708,"37":0.077649,"38":0.035295,"39":0.063531,"40":0.021177,"41":0.028236,"42":0.028236,"43":0.112944,"44":0.063531,"45":0.063531,"46":0.098826,"47":0.063531,"48":0.077649,"49":4.665999,"50":0.07059,"51":0.649428,"52":0.098826,"53":0.225888,"54":0.345891,"55":0.649428,"56":0.938847,"57":10.30614,"58":34.327917,"59":0.084708,"60":0.042354,"61":null},"firefox":{"2":0.042354,"3":0.028236,"3.5":null,"3.6":0.134121,"4":null,"5":null,"6":null,"7":null,"8":0.268242,"9":null,"10":null,"11":0.007059,"12":0.014118,"13":0.007059,"14":0.007059,"15":null,"16":0.014118,"17":null,"18":null,"19":0.014118,"20":null,"21":0.007059,"22":null,"23":0.056472,"24":0.007059,"25":0.007059,"26":0.049413,"27":0.381186,"28":0.007059,"29":0.021177,"30":0.014118,"31":0.028236,"32":0.014118,"33":0.028236,"34":0.014118,"35":0.021177,"36":0.014118,"37":0.028236,"38":0.056472,"39":0.049413,"40":0.063531,"41":0.028236,"42":0.035295,"43":0.127062,"44":0.035295,"45":0.204711,"46":0.035295,"47":0.232947,"48":0.232947,"49":0.14118,"50":0.232947,"51":0.169416,"52":1.418859,"53":6.261333,"54":0.077649,"55":null,"56":null},"opera":{"9":null,"9.5-9.6":null,"10.0-10.1":0,"10.5":null,"10.6":null,"11":null,"11.1":null,"11.5":null,"11.6":null,"12":null,"12.1":0.007059,"15":null,"16":null,"17":null,"18":null,"19":null,"20":null,"21":null,"22":null,"23":null,"24":null,"25":null,"26":null,"27":null,"28":null,"29":null,"30":null,"31":null,"32":null,"33":null,"34":null,"35":null,"36":0.056472,"37":null,"38":null,"39":null,"40":0.014118,"41":0.007059,"42":0.028236,"43":0.232947,"44":0.310596,"45":0.35295,"46":null},"safari":{"3.1":null,"3.2":null,"4":0.014118,"5":0.014118,"5.1":0.021177,"6":null,"6.1":0.014118,"7":0.014118,"7.1":0.007059,"8":0.028236,"9":0.042354,"9.1":0.14118,"10":0.183534,"10.1":0.409422,"0":null},"ios_saf":{"3.2":0,"4.0-4.1":0,"4.2-4.3":0,"5.0-5.1":0,"6.0-6.1":0,"7.0-7.1":0.0278012783505,"8":0,"8.1-8.4":0.0308903092784,"9.0-9.2":0.142867680412,"9.3":0.0985915704467,"10.0-10.2":0.60313328866,"10.3":1.64362187285},"android":{"2.1":0,"2.2":0,"2.3":0,"3":0,"4":0,"4.1":0.322567876979,"4.2-4.3":0.949445071864,"4.4":2.37361267966,"4.4.3-4.4.4":1.3511333715,"56":null},"op_mob":{"10":0,"11":0,"11.1":0,"11.5":0,"12":0,"12.1":0,"0":0.0123508957871},"ie":{"5.5":null,"6":0.0150475802469,"7":0.0225713703704,"8":0.368665716049,"9":0.112856851852,"10":0.105333061728,"11":1.20380641975},"edge":{"12":0.063531,"13":0.077649,"14":0.42354,"15":null},"bb":{"7":0.23454475,"10":null},"samsung":{"4":0.985235,"5":null},"ie_mob":{"10":0.09688,"11":0.49132},"op_mini":{"0":2.77277610421},"and_chr":{"0":16.696129},"baidu":{"0":null},"and_ff":{"0":0.055879},"and_qq":{"1.2":null},"and_uc":{"0":0.394094}},"total":97.81870475}