{"id":"VG","name":"British Virgin Islands","month":"2017-05","access_date":"2017-06-04","data":{"chrome":{"4":null,"5":null,"6":null,"7":null,"8":null,"9":null,"10":null,"11":null,"12":null,"13":null,"14":0.010668,"15":null,"16":null,"17":null,"18":0.016002,"19":null,"20":null,"21":null,"22":0.021336,"23":null,"24":null,"25":null,"26":null,"27":0.016002,"28":null,"29":null,"30":0.010668,"31":null,"32":0.005334,"33":null,"34":null,"35":0.021336,"36":0.010668,"37":0.016002,"38":0.021336,"39":0.005334,"40":null,"41":0.021336,"42":0.021336,"43":0.202692,"44":0.005334,"45":0.016002,"46":null,"47":0.016002,"48":null,"49":0.736092,"50":0.016002,"51":0.362712,"52":0.010668,"53":0.02667,"54":0.021336,"55":0.272034,"56":0.912114,"57":7.57428,"58":20.786598,"59":0.352044,"60":0.032004,"61":null},"firefox":{"2":null,"3":null,"3.5":null,"3.6":0.005334,"4":null,"5":0.010668,"6":null,"7":null,"8":null,"9":null,"10":0.005334,"11":null,"12":null,"13":null,"14":null,"15":null,"16":null,"17":null,"18":null,"19":null,"20":null,"21":0.032004,"22":0.010668,"23":null,"24":0.005334,"25":null,"26":null,"27":null,"28":null,"29":null,"30":null,"31":null,"32":null,"33":null,"34":null,"35":null,"36":null,"37":0.010668,"38":0.016002,"39":null,"40":null,"41":0.005334,"42":null,"43":null,"44":0.016002,"45":0.037338,"46":null,"47":0.042672,"48":0.08001,"49":0.005334,"50":0.128016,"51":0.042672,"52":0.304038,"53":3.621786,"54":0.02667,"55":null,"56":null},"opera":{"9":null,"9.5-9.6":null,"10.0-10.1":0,"10.5":null,"10.6":null,"11":0.010668,"11.1":null,"11.5":0.010668,"11.6":null,"12":0.016002,"12.1":0.010668,"15":null,"16":null,"17":null,"18":null,"19":null,"20":null,"21":null,"22":null,"23":null,"24":null,"25":null,"26":null,"27":null,"28":null,"29":null,"30":null,"31":null,"32":null,"33":null,"34":null,"35":0.010668,"36":null,"37":null,"38":null,"39":null,"40":null,"41":null,"42":null,"43":0.45339,"44":0.010668,"45":0.42672,"46":null},"safari":{"3.1":null,"3.2":null,"4":0,"5":0.032004,"5.1":0.021336,"6":null,"6.1":null,"7":0.010668,"7.1":0.016002,"8":0.037338,"9":0.069342,"9.1":0.789432,"10":0.496062,"10.1":2.18694,"0":null},"ios_saf":{"3.2":0,"4.0-4.1":0,"4.2-4.3":0,"5.0-5.1":0,"6.0-6.1":0,"7.0-7.1":0.1563459151,"8":0,"8.1-8.4":0.173717683445,"9.0-9.2":0.803444285931,"9.3":0.55444893966,"10.0-10.2":3.39183776925,"10.3":9.24322840661},"android":{"2.1":0,"2.2":0,"2.3":0,"3":0,"4":0,"4.1":0.0583623605359,"4.2-4.3":0.171783551766,"4.4":0.429458879415,"4.4.3-4.4.4":0.244461208283,"56":null},"op_mob":{"10":0,"11":0,"11.1":0,"11.5":0,"12":0,"12.1":0,"0":0.00229728159645},"ie":{"5.5":null,"6":null,"7":0.010668,"8":0.16002,"9":0.202692,"10":0.10668,"11":5.189982},"edge":{"12":0.18669,"13":0.672084,"14":4.24053,"15":null},"bb":{"7":0.01050075,"10":null},"samsung":{"4":12.988261,"5":null},"ie_mob":{"10":0.0215231058824,"11":0.109152894118},"op_mini":{"0":0.515739718404},"and_chr":{"0":18.410033},"baidu":{"0":null},"and_ff":{"0":0.042003},"and_qq":{"1.2":null},"and_uc":{"0":0.200681}},"total":98.85102875}