{"id":"VI","name":"Virgin Islands (US)","month":"2017-05","access_date":"2017-06-04","data":{"chrome":{"4":null,"5":null,"6":null,"7":null,"8":null,"9":null,"10":null,"11":null,"12":null,"13":null,"14":null,"15":null,"16":null,"17":null,"18":null,"19":null,"20":null,"21":null,"22":0.005369,"23":0.021476,"24":null,"25":null,"26":null,"27":null,"28":null,"29":null,"30":null,"31":null,"32":null,"33":3.715348,"34":0.021476,"35":null,"36":null,"37":0.021476,"38":0.010738,"39":0.010738,"40":null,"41":0.005369,"42":0.005369,"43":0.010738,"44":0.048321,"45":null,"46":null,"47":0.016107,"48":null,"49":0.773136,"50":0.010738,"51":0.021476,"52":0.032214,"53":0.037583,"54":0.016107,"55":0.193284,"56":0.311402,"57":6.383741,"58":15.274805,"59":0.236236,"60":0.059059,"61":null},"firefox":{"2":null,"3":null,"3.5":null,"3.6":null,"4":null,"5":null,"6":null,"7":null,"8":null,"9":null,"10":0.021476,"11":null,"12":null,"13":null,"14":null,"15":null,"16":null,"17":null,"18":null,"19":null,"20":null,"21":0.010738,"22":null,"23":null,"24":null,"25":null,"26":null,"27":null,"28":null,"29":null,"30":null,"31":null,"32":null,"33":null,"34":null,"35":null,"36":null,"37":null,"38":0.005369,"39":null,"40":null,"41":null,"42":0.005369,"43":0.171808,"44":null,"45":0.026845,"46":0.010738,"47":0.026845,"48":0.069797,"49":0.010738,"50":0.021476,"51":0.016107,"52":0.542269,"53":5.369,"54":0.042952,"55":null,"56":null},"opera":{"9":null,"9.5-9.6":null,"10.0-10.1":0,"10.5":null,"10.6":null,"11":null,"11.1":null,"11.5":null,"11.6":null,"12":null,"12.1":null,"15":null,"16":null,"17":null,"18":null,"19":null,"20":null,"21":null,"22":null,"23":null,"24":null,"25":null,"26":null,"27":null,"28":null,"29":null,"30":null,"31":null,"32":null,"33":null,"34":null,"35":null,"36":null,"37":null,"38":null,"39":null,"40":null,"41":null,"42":null,"43":0.026845,"44":0.032214,"45":0.032214,"46":null},"safari":{"3.1":null,"3.2":null,"4":0,"5":null,"5.1":0.075166,"6":null,"6.1":0.026845,"7":null,"7.1":0.032214,"8":0.026845,"9":0.069797,"9.1":0.75166,"10":0.477841,"10.1":1.954316,"0":null},"ios_saf":{"3.2":0,"4.0-4.1":0,"4.2-4.3":0,"5.0-5.1":0,"6.0-6.1":0,"7.0-7.1":0.242038151607,"8":0,"8.1-8.4":0.268931279563,"9.0-9.2":1.24380716798,"9.3":0.858339000606,"10.0-10.2":5.25088323347,"10.3":14.3093851668},"android":{"2.1":0,"2.2":0,"2.3":0,"3":0,"4":0,"4.1":0.0962846674787,"4.2-4.3":0.283403926918,"4.4":0.708509817296,"4.4.3-4.4.4":0.403305588307,"56":null},"op_mob":{"10":0,"11":0,"11.1":0,"11.5":0,"12":0,"12.1":0,"0":8.21640798226e-5},"ie":{"5.5":null,"6":null,"7":null,"8":0.05369,"9":0.193284,"10":0.032214,"11":6.636084},"edge":{"12":0.150332,"13":0.236236,"14":5.42269,"15":null},"bb":{"7":0.002316,"10":null},"samsung":{"4":4.84044,"5":null},"ie_mob":{"10":0.0373829647059,"11":0.189585035294},"op_mini":{"0":0.0184458359202},"and_chr":{"0":17.421903},"baidu":{"0":null},"and_ff":{"0":0.083376},"and_qq":{"1.2":null},"and_uc":{"0":0.203808}},"total":96.286547}