{"id":"VN","name":"Viet Nam","month":"2017-05","access_date":"2017-06-04","data":{"chrome":{"4":null,"5":null,"6":null,"7":null,"8":null,"9":null,"10":null,"11":0.006986,"12":null,"13":null,"14":null,"15":null,"16":null,"17":null,"18":null,"19":0.020958,"20":0.020958,"21":null,"22":0.013972,"23":null,"24":null,"25":null,"26":null,"27":null,"28":0.006986,"29":0.03493,"30":0.006986,"31":0.048902,"32":0.013972,"33":0.006986,"34":0.06986,"35":0.013972,"36":0.013972,"37":0.013972,"38":0.020958,"39":0.041916,"40":0.006986,"41":0.118762,"42":0.013972,"43":0.167664,"44":0.062874,"45":0.055888,"46":0.20958,"47":0.17465,"48":0.153692,"49":1.662668,"50":0.118762,"51":1.208578,"52":0.146706,"53":0.3493,"54":0.48902,"55":0.6986,"56":1.068858,"57":6.902168,"58":23.745414,"59":0.202594,"60":0.048902,"61":null},"firefox":{"2":null,"3":0.03493,"3.5":null,"3.6":0.013972,"4":null,"5":null,"6":null,"7":null,"8":null,"9":null,"10":null,"11":null,"12":0.006986,"13":null,"14":null,"15":null,"16":null,"17":null,"18":null,"19":null,"20":null,"21":0.013972,"22":0.062874,"23":0.006986,"24":null,"25":null,"26":null,"27":null,"28":null,"29":0.013972,"30":null,"31":null,"32":null,"33":0.027944,"34":null,"35":0.006986,"36":0.013972,"37":0.013972,"38":0.090818,"39":0.013972,"40":0.013972,"41":0.020958,"42":0.020958,"43":0.076846,"44":0.006986,"45":0.090818,"46":0.041916,"47":0.307384,"48":0.293412,"49":0.090818,"50":0.160678,"51":0.097804,"52":0.684628,"53":3.017952,"54":0.125748,"55":null,"56":null},"opera":{"9":null,"9.5-9.6":null,"10.0-10.1":0,"10.5":null,"10.6":null,"11":null,"11.1":null,"11.5":null,"11.6":null,"12":null,"12.1":0.013972,"15":null,"16":null,"17":null,"18":null,"19":null,"20":null,"21":null,"22":null,"23":null,"24":null,"25":null,"26":null,"27":null,"28":0.013972,"29":null,"30":null,"31":null,"32":0.006986,"33":null,"34":null,"35":null,"36":null,"37":null,"38":0.055888,"39":null,"40":null,"41":0.013972,"42":0.020958,"43":0.223552,"44":0.125748,"45":0.181636,"46":null},"safari":{"3.1":null,"3.2":null,"4":0.027944,"5":0.013972,"5.1":0.013972,"6":null,"6.1":null,"7":0.083832,"7.1":null,"8":0.062874,"9":0.125748,"9.1":0.188622,"10":0.3493,"10.1":0.73353,"0":null},"ios_saf":{"3.2":0,"4.0-4.1":0,"4.2-4.3":0,"5.0-5.1":0,"6.0-6.1":0,"7.0-7.1":0.104259907823,"8":0,"8.1-8.4":0.115844342025,"9.0-9.2":0.535780081868,"9.3":0.369736524965,"10.0-10.2":2.26186077805,"10.3":6.16388436527},"android":{"2.1":0,"2.2":0,"2.3":0,"3":0,"4":0,"4.1":0.0807465651644,"4.2-4.3":0.237669135201,"4.4":0.594172838002,"4.4.3-4.4.4":0.338221461632,"56":null},"op_mob":{"10":0,"11":0,"11.1":0,"11.5":0,"12":0,"12.1":0,"0":0.00358204878049},"ie":{"5.5":null,"6":0.0327891290323,"7":0.0491836935484,"8":0.639388016129,"9":0.21312933871,"10":0.352483137097,"11":0.745952685484},"edge":{"12":0.076846,"13":0.10479,"14":0.38423,"15":null},"bb":{"7":0.0384285,"10":null},"samsung":{"4":1.244782,"5":null},"ie_mob":{"10":0.150416329412,"11":0.762825670588},"op_mini":{"0":0.80416995122},"and_chr":{"0":14.383022},"baidu":{"0":null},"and_ff":{"0":0.021098},"and_qq":{"1.2":null},"and_uc":{"0":1.826484}},"total":78.2264125}