{"id":"VU","name":"Vanuatu","month":"2017-05","access_date":"2017-06-04","data":{"chrome":{"4":null,"5":null,"6":null,"7":null,"8":null,"9":null,"10":null,"11":0.028308,"12":0.009436,"13":null,"14":null,"15":null,"16":null,"17":null,"18":null,"19":null,"20":0.042462,"21":null,"22":null,"23":null,"24":0.009436,"25":0.018872,"26":0.028308,"27":0.014154,"28":null,"29":null,"30":null,"31":null,"32":null,"33":null,"34":0.02359,"35":0.033026,"36":null,"37":null,"38":null,"39":0.004718,"40":0.018872,"41":0.02359,"42":null,"43":0.018872,"44":0.014154,"45":0.231182,"46":null,"47":0.07077,"48":0.02359,"49":0.391594,"50":0.132104,"51":0.061334,"52":0.04718,"53":0.099078,"54":0.066052,"55":0.61334,"56":0.174566,"57":6.265504,"58":14.394618,"59":0.061334,"60":0.033026,"61":null},"firefox":{"2":null,"3":null,"3.5":null,"3.6":0.014154,"4":null,"5":null,"6":0.009436,"7":0.02359,"8":null,"9":null,"10":0.004718,"11":0.11795,"12":0.004718,"13":null,"14":null,"15":null,"16":0.014154,"17":null,"18":0.018872,"19":null,"20":0.004718,"21":null,"22":null,"23":null,"24":null,"25":null,"26":null,"27":null,"28":null,"29":0.014154,"30":null,"31":0.004718,"32":0.099078,"33":null,"34":0.179284,"35":0.018872,"36":0.004718,"37":null,"38":0.09436,"39":0.037744,"40":0.02359,"41":null,"42":null,"43":0.169848,"44":0.184002,"45":0.042462,"46":0.018872,"47":0.443492,"48":0.202874,"49":0.066052,"50":0.363286,"51":0.33026,"52":1.01437,"53":7.676186,"54":0.457646,"55":null,"56":null},"opera":{"9":null,"9.5-9.6":null,"10.0-10.1":0,"10.5":null,"10.6":null,"11":null,"11.1":null,"11.5":null,"11.6":null,"12":null,"12.1":null,"15":null,"16":null,"17":null,"18":null,"19":null,"20":0.009436,"21":null,"22":null,"23":null,"24":null,"25":null,"26":null,"27":null,"28":null,"29":null,"30":null,"31":null,"32":null,"33":null,"34":null,"35":null,"36":null,"37":0.004718,"38":null,"39":null,"40":null,"41":null,"42":null,"43":0.02359,"44":0.02359,"45":0.127386,"46":null},"safari":{"3.1":null,"3.2":null,"4":0,"5":0.018872,"5.1":0.037744,"6":null,"6.1":0.009436,"7":null,"7.1":null,"8":0.018872,"9":0.311388,"9.1":0.797342,"10":0.358568,"10.1":0.674674,"0":null},"ios_saf":{"3.2":0,"4.0-4.1":0,"4.2-4.3":0,"5.0-5.1":0,"6.0-6.1":0,"7.0-7.1":0.059732405094,"8":0,"8.1-8.4":0.0663693389933,"9.0-9.2":0.306958192844,"9.3":0.211828806954,"10.0-10.2":1.29586134384,"10.3":3.53140191227},"android":{"2.1":0,"2.2":0,"2.3":0,"3":0,"4":0,"4.1":0.310975337393,"4.2-4.3":0.915323634592,"4.4":2.28830908648,"4.4.3-4.4.4":1.30257594153,"56":null},"op_mob":{"10":0,"11":0,"11.1":0,"11.5":0,"12":0,"12.1":0,"0":0.000913516629712},"ie":{"5.5":null,"6":null,"7":0.00959483091048,"8":2.36032840398,"9":0.239870772762,"10":0.398185482785,"11":3.26224250956},"edge":{"12":1.36822,"13":0.481236,"14":0.891702,"15":null},"bb":{"7":0,"10":null},"samsung":{"4":2.32408,"5":null},"ie_mob":{"10":0.0661182117647,"11":0.335313788235},"op_mini":{"0":0.20508448337},"and_chr":{"0":36.959704},"baidu":{"0":null},"and_ff":{"0":1.542344},"and_qq":{"1.2":null},"and_uc":{"0":1.542344}},"total":99.303482}