{"id":"WF","name":"Wallis and Futuna","month":"2017-05","access_date":"2017-06-04","data":{"chrome":{"4":null,"5":null,"6":null,"7":null,"8":null,"9":null,"10":null,"11":null,"12":null,"13":null,"14":null,"15":null,"16":null,"17":null,"18":null,"19":null,"20":null,"21":null,"22":null,"23":null,"24":null,"25":null,"26":null,"27":null,"28":null,"29":0.389309,"30":null,"31":0.175989,"32":null,"33":null,"34":null,"35":null,"36":null,"37":null,"38":null,"39":null,"40":null,"41":null,"42":null,"43":null,"44":null,"45":null,"46":null,"47":null,"48":null,"49":2.18653,"50":null,"51":null,"52":null,"53":null,"54":0.245318,"55":null,"56":0.458638,"57":6.906235,"58":23.262546,"59":null,"60":null,"61":null},"firefox":{"2":null,"3":null,"3.5":null,"3.6":null,"4":null,"5":null,"6":null,"7":null,"8":null,"9":null,"10":null,"11":null,"12":null,"13":null,"14":0.037331,"15":null,"16":0.037331,"17":null,"18":null,"19":null,"20":null,"21":null,"22":null,"23":null,"24":null,"25":null,"26":null,"27":null,"28":null,"29":null,"30":null,"31":null,"32":null,"33":null,"34":null,"35":null,"36":null,"37":null,"38":0.037331,"39":null,"40":null,"41":null,"42":null,"43":0.175989,"44":null,"45":0.527967,"46":null,"47":0.138658,"48":0.069329,"49":null,"50":0.037331,"51":null,"52":0.282649,"53":11.524613,"54":null,"55":null,"56":null},"opera":{"9":null,"9.5-9.6":null,"10.0-10.1":0,"10.5":null,"10.6":null,"11":null,"11.1":null,"11.5":null,"11.6":null,"12":null,"12.1":null,"15":null,"16":null,"17":null,"18":null,"19":null,"20":null,"21":null,"22":null,"23":null,"24":null,"25":null,"26":null,"27":null,"28":null,"29":null,"30":null,"31":null,"32":null,"33":null,"34":null,"35":null,"36":null,"37":null,"38":null,"39":null,"40":null,"41":null,"42":null,"43":null,"44":0.037331,"45":0.10666,"46":null},"safari":{"3.1":null,"3.2":null,"4":0,"5":null,"5.1":null,"6":null,"6.1":null,"7":null,"7.1":null,"8":0.245318,"9":0.10666,"9.1":0.069329,"10":0.245318,"10.1":0.565298,"0":null},"ios_saf":{"3.2":0,"4.0-4.1":0,"4.2-4.3":0,"5.0-5.1":0,"6.0-6.1":0,"7.0-7.1":0.0441681030928,"8":0,"8.1-8.4":0.0490756701031,"9.0-9.2":0.226974974227,"9.3":0.156633180412,"10.0-10.2":0.958202458763,"10.3":2.6112346134},"android":{"2.1":0,"2.2":0,"2.3":0,"3":0,"4":0,"4.1":0.0747174762485,"4.2-4.3":0.219923137637,"4.4":0.549807844093,"4.4.3-4.4.4":0.312967542022,"56":null},"op_mob":{"10":0,"11":0,"11.1":0,"11.5":0,"12":0,"12.1":0,"0":0.000248354767184},"ie":{"5.5":null,"6":null,"7":null,"8":0.069329,"9":null,"10":0.527967,"11":2.783826},"edge":{"12":0.421307,"13":1.407912,"14":0.21332,"15":null},"bb":{"7":0,"10":null},"samsung":{"4":2.716194,"5":null},"ie_mob":{"10":0.00922418823529,"11":0.0467798117647},"op_mini":{"0":0.0557556452328},"and_chr":{"0":38.320732},"baidu":{"0":null},"and_ff":{"0":null},"and_qq":{"1.2":null},"and_uc":{"0":0.056004}},"total":99.701312}