{"id":"WS","name":"Samoa","month":"2017-05","access_date":"2017-06-04","data":{"chrome":{"4":null,"5":null,"6":null,"7":null,"8":null,"9":null,"10":null,"11":null,"12":null,"13":null,"14":0.049946,"15":null,"16":null,"17":null,"18":0.063393,"19":null,"20":null,"21":null,"22":null,"23":null,"24":0.003842,"25":0.030736,"26":null,"27":null,"28":null,"29":0.003842,"30":null,"31":null,"32":null,"33":null,"34":0.011526,"35":null,"36":null,"37":null,"38":null,"39":0.003842,"40":0.005763,"41":null,"42":null,"43":0.003842,"44":0.036499,"45":0.028815,"46":null,"47":null,"48":0.003842,"49":0.094129,"50":0.005763,"51":0.005763,"52":0.007684,"53":0.003842,"54":0.943211,"55":0.044183,"56":0.178653,"57":2.3052,"58":6.466086,"59":0.009605,"60":0.105655,"61":null},"firefox":{"2":null,"3":0.09605,"3.5":null,"3.6":null,"4":0.026894,"5":0.003842,"6":0.030736,"7":0.005763,"8":null,"9":null,"10":0.007684,"11":0.005763,"12":null,"13":null,"14":null,"15":0.003842,"16":0.055709,"17":0.07684,"18":0.003842,"19":0.124865,"20":0.030736,"21":null,"22":null,"23":null,"24":null,"25":null,"26":0.007684,"27":null,"28":null,"29":null,"30":0.017289,"31":null,"32":null,"33":0.009605,"34":null,"35":null,"36":null,"37":null,"38":null,"39":0.003842,"40":0.053788,"41":null,"42":null,"43":0.05763,"44":0.011526,"45":0.023052,"46":null,"47":0.126786,"48":0.011526,"49":0.263177,"50":0.023052,"51":0.011526,"52":0.203626,"53":3.523114,"54":0.059551,"55":null,"56":null},"opera":{"9":null,"9.5-9.6":null,"10.0-10.1":0,"10.5":null,"10.6":null,"11":null,"11.1":null,"11.5":null,"11.6":null,"12":null,"12.1":null,"15":null,"16":null,"17":null,"18":null,"19":null,"20":null,"21":null,"22":null,"23":null,"24":null,"25":null,"26":null,"27":null,"28":null,"29":null,"30":null,"31":null,"32":null,"33":null,"34":null,"35":null,"36":null,"37":null,"38":null,"39":null,"40":null,"41":0.017289,"42":null,"43":0.011526,"44":0.005763,"45":0.003842,"46":null},"safari":{"3.1":null,"3.2":null,"4":0,"5":0.186337,"5.1":null,"6":null,"6.1":0.007684,"7":null,"7.1":null,"8":0.051867,"9":0.042262,"9.1":0.340017,"10":0.063393,"10.1":0.282387,"0":null},"ios_saf":{"3.2":0,"4.0-4.1":0,"4.2-4.3":0,"5.0-5.1":0,"6.0-6.1":0,"7.0-7.1":0.0081132953305,"8":0,"8.1-8.4":0.00901477258945,"9.0-9.2":0.0416933232262,"9.3":0.0287721491813,"10.0-10.2":0.176013434809,"10.3":0.479661024864},"android":{"2.1":0,"2.2":0,"2.3":0,"3":0,"4":0,"4.1":0.00365080267966,"4.2-4.3":0.0107457588307,"4.4":0.0268643970767,"4.4.3-4.4.4":0.0152920414129,"56":null},"op_mob":{"10":0,"11":0,"11.1":0,"11.5":0,"12":0,"12.1":0,"0":0.0305963015521},"ie":{"5.5":null,"6":null,"7":null,"8":0.278545,"9":0.088366,"10":0.130628,"11":1.513748},"edge":{"12":0.11526,"13":0.140233,"14":0.395726,"15":null},"bb":{"7":0,"10":null},"samsung":{"4":0.379713,"5":null},"ie_mob":{"10":0.00266131764706,"11":0.0134966823529},"op_mini":{"0":6.86886969845},"and_chr":{"0":1.750037},"baidu":{"0":null},"and_ff":{"0":null},"and_qq":{"1.2":null},"and_uc":{"0":70.949778}},"total":99.764848}