{"id":"YE","name":"Yemen","month":"2017-05","access_date":"2017-06-04","data":{"chrome":{"4":null,"5":null,"6":0.00242,"7":null,"8":null,"9":0.00242,"10":0.00242,"11":0.1694,"12":0.00484,"13":0.00484,"14":0.0121,"15":0.01452,"16":null,"17":0.0121,"18":0.01452,"19":null,"20":0.00726,"21":null,"22":0.01452,"23":0.0121,"24":0.01694,"25":0.02178,"26":0.01452,"27":0.01694,"28":0.01452,"29":0.0242,"30":0.04598,"31":0.19844,"32":0.10648,"33":0.17666,"34":0.09196,"35":0.0121,"36":0.02904,"37":0.04356,"38":0.05808,"39":0.14278,"40":0.13068,"41":0.03146,"42":0.0242,"43":0.19844,"44":0.04356,"45":0.09922,"46":0.08712,"47":0.11616,"48":0.07502,"49":0.76472,"50":0.05566,"51":0.0605,"52":0.07744,"53":0.1089,"54":0.08954,"55":0.32912,"56":0.41382,"57":3.16052,"58":7.97632,"59":0.0242,"60":0.02904,"61":null},"firefox":{"2":null,"3":0.01452,"3.5":0.00242,"3.6":0.00726,"4":0.00968,"5":0.00242,"6":0.01694,"7":null,"8":0.00242,"9":0.00242,"10":0.02178,"11":0.00726,"12":0.01452,"13":0.00484,"14":0.01694,"15":0.01694,"16":0.0242,"17":0.00484,"18":0.00726,"19":0.00726,"20":0.00726,"21":0.01936,"22":0.00968,"23":0.00968,"24":0.00726,"25":0.00484,"26":0.05082,"27":0.02904,"28":0.02904,"29":0.0363,"30":0.0484,"31":0.02904,"32":0.01452,"33":0.01936,"34":0.03146,"35":0.17908,"36":0.06534,"37":0.0121,"38":0.03146,"39":0.02662,"40":0.04356,"41":0.05082,"42":0.07502,"43":0.17666,"44":0.0726,"45":0.11858,"46":0.06292,"47":0.31218,"48":0.17908,"49":0.24442,"50":0.31944,"51":0.1089,"52":0.44044,"53":2.92336,"54":0.15488,"55":null,"56":null},"opera":{"9":null,"9.5-9.6":null,"10.0-10.1":0,"10.5":null,"10.6":null,"11":null,"11.1":null,"11.5":null,"11.6":null,"12":null,"12.1":null,"15":null,"16":null,"17":null,"18":null,"19":null,"20":null,"21":null,"22":null,"23":null,"24":null,"25":null,"26":null,"27":null,"28":null,"29":0.00242,"30":null,"31":0.00242,"32":0.01694,"33":0.00242,"34":null,"35":null,"36":null,"37":0.00242,"38":null,"39":null,"40":0.00242,"41":0.00242,"42":0.00484,"43":0.00968,"44":null,"45":0.00484,"46":null},"safari":{"3.1":0.00484,"3.2":null,"4":0,"5":0.00484,"5.1":null,"6":0.2178,"6.1":0.00726,"7":0.00484,"7.1":null,"8":0.01694,"9":0.00968,"9.1":0.11858,"10":0.03872,"10.1":0.0363,"0":null},"ios_saf":{"3.2":0,"4.0-4.1":0,"4.2-4.3":0,"5.0-5.1":0,"6.0-6.1":0,"7.0-7.1":0.0335057064888,"8":0,"8.1-8.4":0.0372285627653,"9.0-9.2":0.17218210279,"9.3":0.118821162826,"10.0-10.2":0.726887687993,"10.3":1.98086977714},"android":{"2.1":0,"2.2":0,"2.3":0,"3":0,"4":0,"4.1":1.64637850792,"4.2-4.3":4.84594428745,"4.4":12.1148607186,"4.4.3-4.4.4":6.89615148599,"56":null},"op_mob":{"10":0,"11":0,"11.1":0,"11.5":0,"12":0,"12.1":0,"0":0.00759580487805},"ie":{"5.5":null,"6":null,"7":null,"8":0.138076981132,"9":0.0281267924528,"10":0.0409116981132,"11":0.327293584906},"edge":{"12":0.05566,"13":0.0726,"14":0.10164,"15":null},"bb":{"7":0.00189475,"10":null},"samsung":{"4":3.054337,"5":null},"ie_mob":{"10":0.0137313647059,"11":0.0696376352941},"op_mini":{"0":1.70525819512},"and_chr":{"0":40.476348},"baidu":{"0":null},"and_ff":{"0":0.060632},"and_qq":{"1.2":null},"and_uc":{"0":2.766335}},"total":99.3140488066}