{"id":"YT","name":"Mayotte","month":"2017-05","access_date":"2017-06-04","data":{"chrome":{"4":null,"5":null,"6":null,"7":null,"8":null,"9":null,"10":null,"11":0.013256,"12":null,"13":null,"14":null,"15":null,"16":null,"17":null,"18":0.026512,"19":null,"20":null,"21":null,"22":0.013256,"23":0.013256,"24":null,"25":0.006628,"26":0.013256,"27":null,"28":0.086164,"29":null,"30":null,"31":null,"32":null,"33":0.013256,"34":0.006628,"35":0.013256,"36":0.251864,"37":0.019884,"38":0.006628,"39":0.046396,"40":0.046396,"41":null,"42":null,"43":0.106048,"44":0.013256,"45":null,"46":0.09942,"47":0.013256,"48":0.013256,"49":0.357912,"50":null,"51":0.119304,"52":0.06628,"53":0.026512,"54":0.026512,"55":0.516984,"56":0.26512,"57":8.570004,"58":26.492116,"59":0.046396,"60":0.145816,"61":0.006628},"firefox":{"2":null,"3":null,"3.5":null,"3.6":null,"4":null,"5":null,"6":null,"7":null,"8":null,"9":null,"10":null,"11":null,"12":null,"13":null,"14":null,"15":null,"16":null,"17":0.006628,"18":null,"19":null,"20":null,"21":null,"22":null,"23":null,"24":0.006628,"25":null,"26":null,"27":null,"28":null,"29":null,"30":0.046396,"31":null,"32":null,"33":null,"34":0.013256,"35":null,"36":0.013256,"37":null,"38":0.046396,"39":0.006628,"40":null,"41":0.046396,"42":0.006628,"43":0.03314,"44":0.013256,"45":0.119304,"46":0.026512,"47":0.139188,"48":0.457332,"49":0.06628,"50":0.192212,"51":0.092792,"52":0.6628,"53":12.56006,"54":0.013256,"55":null,"56":null},"opera":{"9":null,"9.5-9.6":null,"10.0-10.1":0,"10.5":null,"10.6":null,"11":null,"11.1":null,"11.5":null,"11.6":null,"12":null,"12.1":null,"15":null,"16":null,"17":null,"18":null,"19":null,"20":null,"21":null,"22":null,"23":null,"24":null,"25":null,"26":null,"27":null,"28":null,"29":null,"30":null,"31":null,"32":null,"33":null,"34":null,"35":null,"36":0.013256,"37":null,"38":null,"39":null,"40":0.218724,"41":0.03314,"42":0.03314,"43":0.338028,"44":0.245236,"45":0.371168,"46":null},"safari":{"3.1":null,"3.2":null,"4":0,"5":0.013256,"5.1":0.019884,"6":null,"6.1":0.03314,"7":null,"7.1":null,"8":null,"9":0.059652,"9.1":0.212096,"10":0.775476,"10.1":1.683512,"0":null},"ios_saf":{"3.2":0,"4.0-4.1":0,"4.2-4.3":0,"5.0-5.1":0,"6.0-6.1":0,"7.0-7.1":0.0494696325045,"8":0,"8.1-8.4":0.0549662583384,"9.0-9.2":0.254218944815,"9.3":0.17543397453,"10.0-10.2":1.07321619406,"10.3":2.92466299576},"android":{"2.1":0,"2.2":0,"2.3":0,"3":0,"4":0,"4.1":0.123425057247,"4.2-4.3":0.363288847747,"4.4":0.908222119367,"4.4.3-4.4.4":0.516987975639,"56":null},"op_mob":{"10":0,"11":0,"11.1":0,"11.5":0,"12":0,"12.1":0,"0":0.00275143237251},"ie":{"5.5":null,"6":0.013256,"7":0.013256,"8":0.139188,"9":0.06628,"10":0.092792,"11":2.041424},"edge":{"12":0.324772,"13":0.344656,"14":3.400164,"15":null},"bb":{"7":0.019389,"10":null},"samsung":{"4":2.370516,"5":null},"ie_mob":{"10":0.106079152941,"11":0.537972847059},"op_mini":{"0":0.617696567627},"and_chr":{"0":24.62022},"baidu":{"0":null},"and_ff":{"0":0.010116},"and_qq":{"1.2":null},"and_uc":{"0":0.377664}},"total":97.621593}