{"id":"ZA","name":"South Africa","month":"2017-05","access_date":"2017-06-04","data":{"chrome":{"4":null,"5":null,"6":null,"7":null,"8":null,"9":null,"10":null,"11":0.023624,"12":null,"13":null,"14":null,"15":null,"16":null,"17":null,"18":0.005906,"19":null,"20":null,"21":0.011812,"22":0.005906,"23":0.005906,"24":null,"25":null,"26":0.02953,"27":0.005906,"28":0.005906,"29":0.008859,"30":0.008859,"31":0.038389,"32":0.005906,"33":0.011812,"34":0.011812,"35":0.008859,"36":0.053154,"37":0.008859,"38":0.020671,"39":0.017718,"40":0.05906,"41":0.026577,"42":0.002953,"43":0.038389,"44":0.032483,"45":0.014765,"46":0.014765,"47":0.023624,"48":0.017718,"49":0.593553,"50":0.035436,"51":0.050201,"52":0.020671,"53":0.02953,"54":0.044295,"55":0.203757,"56":0.637848,"57":3.655814,"58":10.297111,"59":0.035436,"60":0.038389,"61":null},"firefox":{"2":null,"3":0.002953,"3.5":null,"3.6":0.005906,"4":null,"5":null,"6":null,"7":null,"8":null,"9":null,"10":0.002953,"11":null,"12":0.005906,"13":null,"14":null,"15":0.002953,"16":0.002953,"17":null,"18":0.002953,"19":0.035436,"20":0.014765,"21":0.008859,"22":0.002953,"23":null,"24":0.002953,"25":0.002953,"26":null,"27":null,"28":0.002953,"29":0.005906,"30":0.005906,"31":0.005906,"32":0.002953,"33":0.005906,"34":0.005906,"35":0.005906,"36":0.020671,"37":0.011812,"38":0.014765,"39":0.017718,"40":0.035436,"41":0.011812,"42":0.011812,"43":0.041342,"44":0.020671,"45":0.056107,"46":0.014765,"47":0.129932,"48":0.097449,"49":0.050201,"50":0.079731,"51":0.05906,"52":0.369125,"53":2.388977,"54":0.150603,"55":null,"56":null},"opera":{"9":null,"9.5-9.6":null,"10.0-10.1":0,"10.5":null,"10.6":null,"11":null,"11.1":null,"11.5":null,"11.6":0.014765,"12":null,"12.1":0.020671,"15":null,"16":null,"17":null,"18":null,"19":null,"20":null,"21":null,"22":null,"23":null,"24":null,"25":null,"26":null,"27":null,"28":0.008859,"29":null,"30":null,"31":null,"32":null,"33":null,"34":null,"35":0.002953,"36":0.014765,"37":0.011812,"38":null,"39":null,"40":0.008859,"41":0.005906,"42":0.017718,"43":0.109261,"44":0.08859,"45":0.124026,"46":null},"safari":{"3.1":null,"3.2":null,"4":0,"5":0.008859,"5.1":0.026577,"6":0.005906,"6.1":0.011812,"7":0.014765,"7.1":0.044295,"8":0.053154,"9":0.053154,"9.1":0.174227,"10":0.286441,"10.1":0.655566,"0":null},"ios_saf":{"3.2":0,"4.0-4.1":0,"4.2-4.3":0,"5.0-5.1":0,"6.0-6.1":0,"7.0-7.1":0.0679229945421,"8":0,"8.1-8.4":0.0754699939357,"9.0-9.2":0.349048721953,"9.3":0.240875063978,"10.0-10.2":1.47355163159,"10.3":4.015632594},"android":{"2.1":0,"2.2":0,"2.3":0,"3":0,"4":0,"4.1":0.174235143727,"4.2-4.3":0.512843064555,"4.4":1.28210766139,"4.4.3-4.4.4":0.729815130329,"56":null},"op_mob":{"10":0,"11":0,"11.1":0,"11.5":0,"12":0,"12.1":0,"0":0.0709387583149},"ie":{"5.5":null,"6":0.00886452996255,"7":0.0206839032459,"8":0.262981055556,"9":0.260026212235,"10":0.260026212235,"11":3.92107708677},"edge":{"12":0.100402,"13":0.233287,"14":1.080798,"15":null},"bb":{"7":0.66417975,"10":null},"samsung":{"4":10.302714,"5":null},"ie_mob":{"10":0.224011694118,"11":1.13605930588},"op_mini":{"0":15.9257512417},"and_chr":{"0":27.704095},"baidu":{"0":null},"and_ff":{"0":0.028188},"and_qq":{"1.2":null},"and_uc":{"0":4.150683}},"total":96.91880575}