{"id":"ZM","name":"Zambia","month":"2017-05","access_date":"2017-06-04","data":{"chrome":{"4":null,"5":null,"6":null,"7":null,"8":null,"9":null,"10":0.003756,"11":0.031926,"12":null,"13":null,"14":null,"15":null,"16":0.005634,"17":null,"18":null,"19":null,"20":null,"21":0.003756,"22":0.001878,"23":0.001878,"24":null,"25":0.005634,"26":0.013146,"27":0.043194,"28":0.022536,"29":0.020658,"30":0.026292,"31":0.05634,"32":0.020658,"33":0.00939,"34":0.00939,"35":0.024414,"36":0.03756,"37":0.016902,"38":0.016902,"39":0.005634,"40":0.013146,"41":0.208458,"42":0.007512,"43":0.092022,"44":0.005634,"45":0.054462,"46":0.016902,"47":0.00939,"48":0.013146,"49":0.22536,"50":0.063852,"51":0.016902,"52":0.026292,"53":0.030048,"54":0.016902,"55":0.148362,"56":0.108924,"57":1.609446,"58":4.993602,"59":0.035682,"60":0.015024,"61":null},"firefox":{"2":null,"3":0.00939,"3.5":0.003756,"3.6":0.00939,"4":0.033804,"5":0.007512,"6":0.007512,"7":0.005634,"8":0.007512,"9":0.013146,"10":0.007512,"11":0.003756,"12":0.024414,"13":0.011268,"14":0.00939,"15":0.015024,"16":0.007512,"17":0.007512,"18":0.005634,"19":0.005634,"20":0.020658,"21":0.022536,"22":0.003756,"23":0.011268,"24":0.007512,"25":0.007512,"26":0.011268,"27":0.005634,"28":0.011268,"29":0.01878,"30":0.016902,"31":0.011268,"32":0.005634,"33":0.007512,"34":0.013146,"35":0.022536,"36":0.011268,"37":0.030048,"38":0.022536,"39":0.026292,"40":0.020658,"41":0.02817,"42":0.00939,"43":0.0939,"44":0.035682,"45":0.050706,"46":0.020658,"47":0.123948,"48":0.125826,"49":0.067608,"50":0.06573,"51":0.071364,"52":0.351186,"53":2.56347,"54":0.315504,"55":0.001878,"56":null},"opera":{"9":null,"9.5-9.6":null,"10.0-10.1":0,"10.5":null,"10.6":0.003756,"11":0.011268,"11.1":0.020658,"11.5":0.005634,"11.6":0.030048,"12":0.030048,"12.1":0.035682,"15":0.003756,"16":0.001878,"17":null,"18":null,"19":null,"20":0.001878,"21":null,"22":0.001878,"23":null,"24":null,"25":null,"26":null,"27":null,"28":0.214092,"29":0.003756,"30":null,"31":0.001878,"32":0.001878,"33":0.001878,"34":0.011268,"35":0.005634,"36":0.033804,"37":0.015024,"38":0.003756,"39":null,"40":0.016902,"41":0.01878,"42":0.090144,"43":0.279822,"44":0.204702,"45":0.279822,"46":null},"safari":{"3.1":null,"3.2":null,"4":0,"5":0.01878,"5.1":0.020658,"6":null,"6.1":0.011268,"7":0.01878,"7.1":0.015024,"8":0.026292,"9":0.043194,"9.1":0.086388,"10":0.08451,"10.1":0.307992,"0":null},"ios_saf":{"3.2":0,"4.0-4.1":0,"4.2-4.3":0,"5.0-5.1":0,"6.0-6.1":0,"7.0-7.1":0.0148962716798,"8":0,"8.1-8.4":0.0165514129776,"9.0-9.2":0.0765502850212,"9.3":0.0528265930867,"10.0-10.2":0.323166338387,"10.3":0.880673098848},"android":{"2.1":0,"2.2":0,"2.3":0,"3":0,"4":0,"4.1":0.202936483557,"4.2-4.3":0.597322479903,"4.4":1.49330619976,"4.4.3-4.4.4":0.850035836784,"56":null},"op_mob":{"10":0,"11":0,"11.1":0,"11.5":0,"12":0,"12.1":0,"0":0.140882718404},"ie":{"5.5":null,"6":0.00380321828571,"7":0.00380321828571,"8":0.247209188571,"9":0.100785284571,"10":0.230094706286,"11":1.078212384},"edge":{"12":0.146484,"13":0.123948,"14":0.45072,"15":null},"bb":{"7":0.194952,"10":null},"samsung":{"4":1.803306,"5":null},"ie_mob":{"10":0.323773223529,"11":1.64199277647},"op_mini":{"0":31.6281702816},"and_chr":{"0":11.246206},"baidu":{"0":null},"and_ff":{"0":0.032492},"and_qq":{"1.2":null},"and_uc":{"0":29.064094}},"total":97.448574}