{"id":"ZW","name":"Zimbabwe","month":"2017-05","access_date":"2017-06-04","data":{"chrome":{"4":null,"5":null,"6":null,"7":null,"8":null,"9":null,"10":null,"11":0.017,"12":null,"13":null,"14":null,"15":null,"16":null,"17":null,"18":null,"19":null,"20":0.0034,"21":null,"22":null,"23":null,"24":null,"25":0.0034,"26":0.0068,"27":0.0204,"28":0.0068,"29":0.017,"30":0.017,"31":0.034,"32":0.0136,"33":0.0204,"34":0.0034,"35":0.0102,"36":0.0306,"37":0.0068,"38":0.0068,"39":0.0102,"40":0.0442,"41":0.0646,"42":0.0102,"43":0.306,"44":0.0204,"45":0.0578,"46":0.0102,"47":0.0136,"48":0.0544,"49":0.289,"50":0.017,"51":0.0442,"52":0.0272,"53":0.051,"54":0.034,"55":0.4148,"56":0.2142,"57":3.3456,"58":10.047,"59":0.0986,"60":0.0408,"61":null},"firefox":{"2":null,"3":0.017,"3.5":0.0034,"3.6":0.0102,"4":0.0034,"5":0.0068,"6":0.0068,"7":0.0068,"8":null,"9":0.0068,"10":0.0068,"11":0.0136,"12":0.0102,"13":0.0034,"14":0.0102,"15":0.0102,"16":0.0034,"17":0.0034,"18":0.0102,"19":0.0068,"20":0.017,"21":0.0204,"22":0.0102,"23":0.0034,"24":0.0476,"25":0.0102,"26":0.0034,"27":0.0136,"28":0.0102,"29":0.0238,"30":0.0306,"31":0.0238,"32":0.017,"33":0.0136,"34":0.0306,"35":0.0136,"36":0.0204,"37":0.0306,"38":0.0408,"39":0.0136,"40":0.034,"41":0.034,"42":0.017,"43":0.1394,"44":0.0714,"45":0.1496,"46":0.051,"47":0.3366,"48":0.204,"49":0.1564,"50":0.085,"51":0.2006,"52":0.459,"53":5.253,"54":0.8024,"55":0.0068,"56":null},"opera":{"9":null,"9.5-9.6":null,"10.0-10.1":0,"10.5":null,"10.6":null,"11":null,"11.1":null,"11.5":0.0034,"11.6":0.0204,"12":0.0272,"12.1":0.0442,"15":null,"16":0.0034,"17":0.0034,"18":0.0034,"19":0.0034,"20":null,"21":0.0034,"22":0.0034,"23":null,"24":null,"25":0.0136,"26":null,"27":null,"28":0.085,"29":0.0034,"30":0.0034,"31":0.0034,"32":0.0034,"33":0.0068,"34":0.0136,"35":0.0476,"36":0.0476,"37":0.0306,"38":0.0102,"39":0.0068,"40":0.0408,"41":0.0306,"42":0.2618,"43":0.7208,"44":0.4658,"45":0.5746,"46":0.0068},"safari":{"3.1":null,"3.2":null,"4":0.0102,"5":0.0272,"5.1":0.051,"6":null,"6.1":null,"7":0.0068,"7.1":0.0102,"8":0.0306,"9":0.0544,"9.1":0.0748,"10":0.1904,"10.1":0.3536,"0":null},"ios_saf":{"3.2":0,"4.0-4.1":0,"4.2-4.3":0,"5.0-5.1":0,"6.0-6.1":0,"7.0-7.1":0.0170717610673,"8":0,"8.1-8.4":0.0189686234081,"9.0-9.2":0.0877298832626,"9.3":0.0605415230443,"10.0-10.2":0.370362372044,"10.3":1.00928883717},"android":{"2.1":0,"2.2":0,"2.3":0,"3":0,"4":0,"4.1":0.341652976857,"4.2-4.3":1.00562008283,"4.4":2.51405020706,"4.4.3-4.4.4":1.43107473325,"56":null},"op_mob":{"10":0,"11":0,"11.1":0,"11.5":0,"12":0,"12.1":0,"0":0.134057733925},"ie":{"5.5":null,"6":0.0174188129899,"7":0.0243863381859,"8":0.505145576708,"9":0.142834266517,"10":0.296119820829,"11":2.12509518477},"edge":{"12":0.408,"13":0.2652,"14":0.8806,"15":null},"bb":{"7":0.0494925,"10":null},"samsung":{"4":1.933507,"5":null},"ie_mob":{"10":0.405411505882,"11":2.05601549412},"op_mini":{"0":30.0959612661},"and_chr":{"0":13.449467},"baidu":{"0":null},"and_ff":{"0":0.032995},"and_qq":{"1.2":null},"and_uc":{"0":10.769568}},"total":97.7156365}